time,distance,ground_forward,cross,altitude,vertical_speed,lateral_velocity,heading_error_deg,roll_deg,a0,a1,a2,a3
0.075,0.0008272107899063214,0.0005929201726418984,-0.0002186686591075855,298.62793299921395,0.03823289114680082,-0.001183360448280248,0.28340765797006817,-2.857699302593523,-0.33561649918556213,-0.02138933725655079,-0.23000000417232513,0.0
0.15,0.0022834993190771367,0.001757102551198848,-0.0004475041122275222,298.6307590575925,0.03732053806656612,-0.0012287763145164385,0.28379690642539335,-2.8651363166222077,-0.33329811692237854,-0.021806159988045692,-0.23000000417232513,0.0
0.22499999999999998,0.004166366897386618,0.0034546025066909897,-0.0006694590399609011,298.6335518494493,0.037256806635152497,-0.0011981461802620635,0.28537664817566394,-2.8694402950501057,-0.3319259285926819,-0.022564580664038658,-0.23000000417232513,0.0
0.3,0.006398634876497958,0.00552439431302301,-0.0008967575303732468,298.63635656493216,0.03756533692131427,-0.0014025542154747557,0.28744779697366113,-2.8709104482153123,-0.3326125144958496,-0.022723788395524025,-0.23000000417232513,0.0
0.375,0.009087179828353508,0.007989131563769921,-0.0011458928481247446,298.63918913636326,0.037975743450636375,-0.0017699801891605008,0.28963564428199934,-2.8728428162876485,-0.3330681025981903,-0.022500155493617058,-0.23000000417232513,0.0
0.44999999999999996,0.012408979978736204,0.010999894181944303,-0.0014258173746400334,298.6420533615137,0.038403880409287265,-0.002242250808381861,0.2918758786960061,-2.8757831662220164,-0.3332355320453644,-0.0222011748701334,-0.23000000417232513,0.0
0.525,0.016536017173171737,0.014734378445482808,-0.0017440799444904881,298.6449494716326,0.03882253913138288,-0.0028373466380345273,0.294194861435705,-2.879014708838041,-0.333478718996048,-0.02194693312048912,-0.23000000417232513,0.0
0.6,0.021619847141271784,0.0193541365240709,-0.002110012253910541,298.647876074137,0.039214396579822855,-0.0035766379801139246,0.2965936314235322,-2.8821407404605304,-0.3338121473789215,-0.02173619158565998,-0.23000000417232513,0.0
0.6749999999999999,0.0277996028921572,0.025003718571107027,-0.0025338704471737786,298.6508307318386,0.03956948085410543,-0.004463911001597774,0.2990356210314001,-2.885141698013939,-0.3341606557369232,-0.021540442481637,-0.23000000417232513,0.0
0.75,0.03520981377042724,0.031819566500212074,-0.00302584604604759,298.6538104933902,0.0398834402527301,-0.005495259045436955,0.3014677759519929,-2.8880780771299377,-0.33450496196746826,-0.021343257278203964,-0.23000000417232513,0.0
0.825,0.04398303075577651,0.03993519831546216,-0.0035957988223890808,298.65681217638667,0.04015387856009218,-0.00666596929795767,0.3038361437545164,-2.8909771200102385,-0.33485379815101624,-0.021141579374670982,-0.23000000417232513,0.0
0.8999999999999999,0.0542495985028365,0.04948214387910927,-0.0042532441530589715,298.6598324487427,0.040378608481856475,-0.00797166443560687,0.30609055386735534,-2.893838324963043,-0.3352128565311432,-0.02093731053173542,-0.23000000417232513,0.0
0.975,0.0661369776880744,0.06058936944952941,-0.005007395448132177,298.6628677896133,0.04055540809873211,-0.009408138743935708,0.3081843468907596,-2.896653574352385,-0.33558306097984314,-0.020732128992676735,-0.23000000417232513,0.0
1.05,0.07976945184498815,0.07338275665433115,-0.005867206585055798,298.66591452847933,0.0406820955345806,-0.010971378319894216,0.31007372083471946,-2.899416024034198,-0.3359636962413788,-0.020526431500911713,-0.23000000417232513,0.0
1.125,0.09526815154984204,0.08798500917990147,-0.0068413081618287136,298.66896883209665,0.04075656620042709,-0.01265766747157066,0.31171791728588977,-2.902121476669755,-0.3363542854785919,-0.020320067182183266,-0.23000000417232513,0.0
1.2,0.11275117008910482,0.1045157175589197,-0.007938156222873145,298.6720266849802,0.040776787055633354,-0.014463646237951606,0.31307991308060235,-2.9047673396494456,-0.3367548882961273,-0.020112762227654457,-0.23000000417232513,0.0
1.275,0.1323336582157788,0.12309148100653718,-0.009165985532153977,298.6750839642764,0.040740819036525565,-0.016386312842084697,0.31412715239710626,-2.907351603917083,-0.3371652662754059,-0.01990441605448723,-0.23000000417232513,0.0
1.3499999999999999,0.15412788565038493,0.1438259903626937,-0.010532869069758024,298.6781363811483,0.04064683332539128,-0.0184229933876327,0.31483213009769173,-2.9098724551698005,-0.3375856280326843,-0.019694993272423744,-0.23000000417232513,0.0
1.425,0.17824328770272532,0.1668300591960665,-0.012046735031725831,298.6811795165877,0.04049312583749233,-0.0205712944464514,0.31517282112301226,-2.9123282794344028,-0.3380158841609955,-0.01948448084294796,-0.23000000417232513,0.0
1.5,0.20478651003725917,0.19221168082580997,-0.01371541782558218,298.68420883771114,0.04027813293518957,-0.022829051969172967,0.31513299073364215,-2.9147177467345786,-0.33845606446266174,-0.019272904843091965,-0.23000000417232513,0.0
1.575,0.23386145475448242,0.22007608016642277,-0.01554664107956701,298.6872196977106,0.04000044162004079,-0.02519428336721071,0.31470240542003625,-2.917039838748073,-0.33890607953071594,-0.019060280174016953,-0.23000000417232513,0.0
1.65,0.2655693266296425,0.25052573964368147,-0.017548068634767388,298.6902073391416,0.03965879851111701,-0.027665144718406063,0.31387694547276696,-2.919293827027045,-0.3393658697605133,-0.018846629187464714,-0.23000000417232513,0.0
1.7249999999999999,0.30000867812694376,0.2836604640016531,-0.0197272748084395,298.6931669232108,0.03925211033293428,-0.030239892898768092,0.3126586157383205,-2.921479234295691,-0.33983543515205383,-0.01863199844956398,-0.23000000417232513,0.0
1.7999999999999998,0.33727545269635434,0.3195774243636819,-0.02209179538812312,298.69609353301666,0.03877944423792169,-0.03291685160375582,0.31105545274081897,-2.923595796238516,-0.34031474590301514,-0.018416432663798332,-0.23000000417232513,0.0
1.875,0.3774630263971002,0.35837118415853747,-0.02464908514339046,298.6989821995903,0.038240035178962836,-0.03569438053762306,0.309081330098026,-2.925643427313393,-0.3408036530017853,-0.018199989572167397,-0.23000000417232513,0.0
1.95,0.4206622480171921,0.4001337587347687,-0.027406564572551566,298.7018278921273,0.037633280245679426,-0.03857084826610646,0.30675566735952925,-2.9276221877427213,-0.3413022458553314,-0.0179827269166708,-0.23000000417232513,0.0
2.025,0.46696147780128167,0.44495463869562946,-0.030371568915903337,298.7046255310079,0.03695874362933242,-0.04154460706626022,0.30410304834063645,-2.9295322487388584,-0.34181028604507446,-0.01776471734046936,-0.23000000417232513,0.0
2.1,0.5164466248864109,0.4929208469240684,-0.03355136940750173,298.70737003336444,0.036216152691943726,-0.04461397077346159,0.301152756366571,-2.931373859910229,-0.34232786297798157,-0.01754600740969181,-0.23000000417232513,0.0
2.175,0.5692011835164981,0.544116959322718,-0.036953147782777584,298.7100562772571,0.0354053917953501,-0.04777719437366865,0.29793823571846034,-2.933147314777266,-0.34285488724708557,-0.017326662316918373,-0.23000000417232513,0.0
2.25,0.6253062681166771,0.5986251488795248,-0.040584004781567706,298.7126791733176,0.03452650217281387,-0.05103245531928642,0.29449648820450675,-2.9348529194941886,-0.3433913290500641,-0.017106758430600166,-0.23000000417232513,0.0
2.3249999999999997,0.6848406473763397,0.6565252219638911,-0.04445090491367176,298.7152335898322,0.03357967735970626,-0.05437783651274294,0.29086741639654007,-2.936490963584979,-0.3439371585845947,-0.01688631810247898,-0.23000000417232513,0.0
2.4,0.7478807774405201,0.7178946520237033,-0.048560684960750534,298.7177144634534,0.03256526386481608,-0.057811310495092194,0.28709312500163975,-2.9380616930788666,-0.34449225664138794,-0.01666540652513504,-0.23000000417232513,0.0
2.475,0.8145008343448877,0.7828086158759023,-0.052920049731182583,298.72011673732004,0.031483754471785676,-0.06133072536837471,0.28321719272726886,-2.939565287024595,-0.3450566530227661,-0.01644405536353588,-0.23000000417232513,0.0
2.55,0.8847727458562621,0.8513400092668156,-0.05753550407603036,298.7224354033915,0.0303357789944989,-0.06493379193415155,0.2792839272601814,-2.941001836256428,-0.34563034772872925,-0.016222281381487846,-0.23000000417232513,0.0
2.625,0.9587662228366173,0.9235595090809826,-0.062413378390487134,298.7246654959131,0.029122103715648495,-0.06861807177557211,0.2753376155575227,-2.9423713267383196,-0.3462132513523102,-0.016000112518668175,-0.23000000417232513,0.0
2.6999999999999997,1.0365487902761052,0.9995355863079421,-0.0675597733768849,298.72680213050535,0.027843629560586308,-0.07238096676846367,0.2714217825131446,-2.94367362777566,-0.34680530428886414,-0.015777554363012314,-0.23000000417232513,0.0
2.775,1.1181858181446385,1.0793345423337335,-0.07298054730133428,298.72884048459446,0.026501379200038012,-0.07621971033987941,0.267578470753694,-2.9449084832878176,-0.3474065959453583,-0.015554605051875114,-0.23000000417232513,0.0
2.85,1.2037405521876363,1.1630205452314657,-0.07868131174858126,298.73077581045436,0.025096494005292708,-0.08013135960563421,0.26384755289503536,-2.9460755067257254,-0.34801700711250305,-0.015331247821450233,-0.23000000417232513,0.0
2.925,1.2932741447813438,1.250655650504558,-0.08466737638586447,298.73260346124243,0.0236302338139422,-0.084112789132235,0.26026608744522134,-2.9471741824257682,-0.3486364781856537,-0.015107471495866776,-0.23000000417232513,0.0
3.0,1.3868456859763778,1.3422998321930097,-0.09094374471720558,298.7343188877385,0.02210396435563053,-0.08816068677749932,0.25686772948613146,-2.948203869984193,-0.34926506876945496,-0.014883235096931458,-0.23000000417232513,0.0
3.0749999999999997,1.484512234820649,1.4380110476780903,-0.09751510559227279,298.73591763506965,0.020519147455581373,-0.09227155110635726,0.25368220490475607,-2.94916381174514,-0.34990277886390686,-0.014658519998192787,-0.23000000417232513,0.0
3.15,1.5863288510495446,1.5378452169483865,-0.10438580346035697,298.73739537529855,0.018877346195863218,-0.09644169021763101,0.25073485596623035,-2.9500531460005877,-0.3505493998527527,-0.014433274045586586,-0.23000000417232513,0.0
3.225,1.692348627222054,1.6418562977754148,-0.1115598086348264,298.73874789436013,0.017180215045535824,-0.10066722345800329,0.2480462660451231,-2.9508709245316664,-0.3512050211429596,-0.014207452535629272,-0.23000000417232513,0.0
3.3,1.8026227213450077,1.7500963012628115,-0.11904075128769265,298.73997110511345,0.015429486131912973,-0.1049440852702549,0.24563196898708844,-2.9516161304251685,-0.3518696129322052,-0.013981015421450138,-0.23000000417232513,0.0
3.375,1.9172003900276573,1.8626153177761935,-0.12683184496849284,298.74106106034196,0.013626974891283977,-0.10926803075302341,0.24350224607243237,-2.9522877009907145,-0.3525429666042328,-0.013753904029726982,-0.23000000417232513,0.0
3.4499999999999997,2.0361290221880988,1.9794615713727484,-0.1349359375995371,298.7420139462374,0.011774569722747777,-0.11363464453646918,0.24166201414167957,-2.9528845539844957,-0.35322514176368713,-0.0135260671377182,-0.23000000417232513,0.0
3.525,2.15945417329711,2.1006814353573864,-0.1433554817338492,298.7428260986917,0.009874218745002716,-0.11803935211354727,0.24011080579300711,-2.9534056128669497,-0.35391610860824585,-0.013297471217811108,-0.23000000417232513,0.0
3.5999999999999996,2.2872196001402365,2.226319468574705,-0.1520925175626987,298.74349398049253,0.007927933454989163,-0.12247743325587701,0.23884284003702047,-2.9538498353401232,-0.3546156585216522,-0.013068083673715591,-0.23000000417232513,0.0
3.675,2.419467296078645,2.3564184620644455,-0.16114870266445644,298.7440142301607,0.005937783086341304,-0.1269440386424465,0.23784718220489,-2.954216243876525,-0.35532376170158386,-0.012837855145335197,-0.23000000417232513,0.0
3.75,2.556237526724864,2.49101945720841,-0.1705252950101442,298.7443836424118,0.0039058879978989547,-0.13143420900900082,0.23710798969563904,-2.9545039541391156,-0.35604026913642883,-0.012606787495315075,-0.23000000417232513,0.0
3.8249999999999997,2.6975688659883272,2.6301618001623615,-0.18022318271314022,298.7445991681511,0.0018344130747450504,-0.1359428970454464,0.2366048379121611,-2.9547122039938145,-0.35676512122154236,-0.012374852783977985,-0.23000000417232513,0.0
3.9,2.8434982323616844,2.773883157410331,-0.19024287128355322,298.7446579242637,-0.0002744338402934504,-0.14046499137704735,0.23631312030629914,-2.9548403811287476,-0.3574981093406677,-0.012142037972807884,-0.23000000417232513,0.0
3.9749999999999996,2.994060925363353,2.9222195572380896,-0.20058449213097077,298.744557177291,-0.0024184100517266605,-0.14499534330537847,0.23620451504107468,-2.9548880498334604,-0.35823920369148254,-0.011908379383385181,-0.23000000417232513,0.0
4.05,3.149290662165549,3.0752054389779735,-0.21124785780824842,298.74429438905054,-0.004595238687786496,-0.1495287952548821,0.2362475097632796,-2.954854975269628,-0.3589881360530853,-0.011673901230096817,-0.23000000417232513,0.0
4.125,3.309219613862834,3.232873668565504,-0.22223242802034224,298.7438671742907,-0.006802609388726469,-0.1540602107947385,0.23640797464337704,-2.954741144667222,-0.35974475741386414,-0.011438651010394096,-0.23000000417232513,0.0
4.2,3.473878441921637,3.3952555825999085,-0.23353736486753157,298.7432733397445,-0.00903818780669896,-0.15858450695478754,0.2366497746198861,-2.954546787031206,-0.3605089485645294,-0.011202682740986347,-0.23000000417232513,0.0
4.2749999999999995,3.6432963339701465,3.5623810298166694,-0.24516154984638402,298.7425108548714,-0.011299616535745599,-0.16309668652719836,0.23693540875003116,-2.9542723859277396,-0.3612804710865021,-0.010966092348098755,-0.23000000417232513,0.0
4.35,3.817501039346474,3.734278391824269,-0.25710358810112893,298.74157786483374,-0.01358451535653081,-0.16759187156156258,0.23722666625888844,-2.9539186922597924,-0.3620591163635254,-0.010728960856795311,-0.23000000417232513,0.0
4.425,3.996518903958137,3.9109746349430177,-0.26936184667129714,298.7404727002886,-0.015890486193019943,-0.17206533680692637,0.23748528806297975,-2.953486730641584,-0.36284470558166504,-0.010491413995623589,-0.23000000417232513,0.0
4.5,4.180374904504255,4.092495325756099,-0.2819344714898528,298.739193870862,-0.01821511377905244,-0.17651254274806014,0.23767362236449763,-2.952977801961945,-0.36363697052001953,-0.010253586806356907,-0.23000000417232513,0.0
4.575,4.369092681741838,4.2788646855386965,-0.29481944262754955,298.73774008143937,-0.020555973366532143,-0.180929167866152,0.2377552631971731,-2.952393481132583,-0.3644358217716217,-0.010015631094574928,-0.23000000417232513,0.0
4.6499999999999995,4.562694572865914,4.470105592852004,-0.3080145572967805,298.7361101930951,-0.02291062232528629,-0.1853111387578194,0.23769566126770458,-2.9517356105871513,-0.36524078249931335,-0.009777713567018509,-0.23000000417232513,0.0
4.725,4.761201643027534,4.666239640567279,-0.32151745960156636,298.7343032588851,-0.02527661157007162,-0.18965465953363725,0.2374626972564643,-2.9510062915215967,-0.36605191230773926,-0.009540014900267124,-0.23000000417232513,0.0
4.8,4.964633715301273,4.867287174743001,-0.33532568728199613,298.7323185369023,-0.027651483511905897,-0.1939562369912075,0.2370272080718215,-2.9502078650747836,-0.3668687343597412,-0.009302736259996891,-0.23000000417232513,0.0
4.875,5.173009399857933,5.073267281659939,-0.3494367099547854,298.73015543164684,-0.030032769160128106,-0.19821270398908347,0.23636345725667346,-2.9493428968193958,-0.3676910996437073,-0.009066080674529076,-0.23000000417232513,0.0
4.95,5.386346121668987,5.284197860406468,-0.36384788238101456,298.7278135689212,-0.032417999136007666,-0.20242123886804037,0.23544954301251816,-2.9484141521080702,-0.3685188293457031,-0.008830275386571884,-0.23000000417232513,0.0
5.0249999999999995,5.604660146976361,5.500095643604634,-0.3785565464469946,298.72529275349643,-0.03480469511914838,-0.2065793803744823,0.23426773647241103,-2.9474245698616826,-0.36935150623321533,-0.008595558814704418,-0.23000000417232513,0.0
5.1,5.827966608279965,5.720976194824043,-0.3935599759255757,298.72259295284266,-0.0371903748346962,-0.21068503868910288,0.23280474578995164,-2.9463772342250327,-0.37018904089927673,-0.00836215354502201,-0.23000000417232513,0.0
5.175,6.056279528300663,5.946853973377257,-0.40885545296717696,298.71971434269653,-0.03957255891113175,-0.2147365018977166,0.2310519027196541,-2.9452753423981695,-0.37103116512298584,-0.008130302652716637,-0.23000000417232513,0.0
5.25,6.289611842293096,6.177742323953524,-0.4244402468531123,298.71665727452955,-0.041948760898571746,-0.21873243635680173,0.2290052679460535,-2.9441221706823737,-0.371877521276474,-0.007900260388851166,-0.23000000417232513,0.0
5.325,6.527975419206068,6.413653523275156,-0.44031163524622946,298.7134222917907,-0.04431649685236362,-0.22267188317343767,0.2266656556269009,-2.9429210409271778,-0.37272801995277405,-0.007672264706343412,-0.23000000417232513,0.0
5.3999999999999995,6.77138108174815,6.654598793056431,-0.4564669211887599,298.71001012667875,-0.04667328628814721,-0.22655424876043384,0.22403857710564098,-2.9416752839910827,-0.3735823631286621,-0.007446566130965948,-0.23000000417232513,0.0
5.475,7.019838624927158,6.900588320744511,-0.47290339911171747,298.70642168710674,-0.04901665487331304,-0.23037928994881496,0.22113410486733256,-2.9403882035721765,-0.37444040179252625,-0.007223398890346289,-0.23000000417232513,0.0
5.55,7.2733568338687915,7.151631288026127,-0.4896184185746386,298.70265807950227,-0.05134413094528406,-0.23414709413769788,0.21796666082517904,-2.9390630421892814,-0.3753018081188202,-0.007003006059676409,-0.23000000417232513,0.0
5.625,7.531943500209906,7.407735873422988,-0.5066093545221074,298.6987205827445,-0.05365325118831214,-0.23785805427656814,0.21455473277764076,-2.937702946445236,-0.3761664927005768,-0.006785615812987089,-0.23000000417232513,0.0
5.7,7.7956054379901625,7.668909280808216,-0.5238735817922208,298.6946106709688,-0.055941561090406475,-0.24151283938444826,0.21092052519813606,-2.9363109349508503,-0.37703415751457214,-0.006571436300873756,-0.23000000417232513,0.0
5.7749999999999995,8.064348498294072,7.935157762729201,-0.5414085346066546,298.6903299907831,-0.058206617312423575,-0.24511236022819474,0.2070895501415133,-2.934889867584034,-0.3779046833515167,-0.006360684987157583,-0.23000000417232513,0.0
5.85,8.338177583560874,8.206486615231663,-0.559211630086146,298.68588037753125,-0.06044598946895041,-0.24865773161322363,0.2030901667298337,-2.933442418708342,-0.3787778317928314,-0.006153557449579239,-0.23000000417232513,0.0
5.925,8.61709666117008,8.48290021933173,-0.5772802895005683,298.6812638520387,-0.0626572652719284,-0.2521502310994439,0.19895307692341493,-2.9319710528032443,-0.3796535134315491,-0.005950225982815027,-0.23000000417232513,0.0
6.0,8.901108776378315,8.764402033238099,-0.5956119510154045,298.67648261085606,-0.06483804930261113,-0.25559125453914794,0.1947107869220625,-2.9304780030562436,-0.3805314600467682,-0.005750874523073435,-0.23000000417232513,0.0
6.075,9.190216065269025,9.050994618280034,-0.6142040102070638,298.67153903277085,-0.06698596884498334,-0.25898227049056066,0.19039704376441277,-2.9289652563255295,-0.3814116418361664,-0.0055556390434503555,-0.23000000417232513,0.0
6.1499999999999995,9.484419767263356,9.34267964408704,-0.6330538625545318,298.6664356625233,-0.0690986802511278,-0.26232477258771336,0.18604625697927898,-2.9274345391358425,-0.3822939097881317,-0.005364659707993269,-0.23000000417232513,0.0
6.225,9.783720237574064,9.639457909333476,-0.652158835455901,298.66117522057266,-0.0711738628561535,-0.2656202312334477,0.18169291482272656,-2.9258873104500815,-0.3831780254840851,-0.005178065039217472,-0.23000000417232513,0.0
6.3,10.088116959670625,9.941329357291004,-0.6715161924791809,298.65576063240223,-0.07320922253224306,-0.2688700459969791,0.17737100584817542,-2.9243247592246537,-0.3840638995170593,-0.004995959345251322,-0.23000000417232513,0.0
6.375,10.39760855788824,10.24829308360318,-0.6911231503595792,298.6501949536528,-0.07520250283068343,-0.2720754992865449,0.17311345565377836,-2.922747804619327,-0.38495150208473206,-0.004818418994545937,-0.23000000417232513,0.0
6.45,10.712192810244364,10.560347341477655,-0.7109768067652272,298.644481422195,-0.07715148313395719,-0.27523771132344116,0.16895158743154368,-2.9211571011699995,-0.38584062457084656,-0.004645530600100756,-0.23000000417232513,0.0
6.5249999999999995,11.031866661536101,10.877489557235812,-0.7310741700426375,298.6386234483639,-0.07905398178589387,-0.2783575982046297,0.16491461556723064,-2.919553049956496,-0.38673123717308044,-0.004477354232221842,-0.23000000417232513,0.0
6.6,11.35662623684447,11.199716358831552,-0.7514121124796279,298.6326245987061,-0.0809078594342569,-0.28143583332414057,0.16102918096861277,-2.9179358124673005,-0.3876231908798218,-0.004313923884183168,-0.23000000417232513,0.0
6.675,11.6864667208797,11.527023560296502,-0.7719873873000543,298.626488595954,-0.08271054661817769,-0.2844726972525743,0.15731893545344133,-2.9163053314776906,-0.38851648569107056,-0.004155285190790892,-0.23000000417232513,0.0
6.75,12.02138030801778,11.859405124890065,-0.7927965350701455,298.620219615173,-0.08445229100038806,-0.28746635620128286,0.1538042365826279,-2.9146616685437157,-0.3894108831882477,-0.0040014986880123615,-0.23000000417232513,0.0
6.825,12.361357667706146,12.196852436707896,-0.8138358581242692,298.613822449704,-0.08612861394588663,-0.29041589410678426,0.1505018670477927,-2.91300445619718,-0.3903053402900696,-0.003853157162666321,-0.23000000417232513,0.0
6.8999999999999995,12.7063886676546,12.539355933732535,-0.8351014589853306,298.60730207513143,-0.0877375113372374,-0.29332073289446325,0.1474246313895003,-2.911332613118054,-0.3911999762058258,-0.003710369113832712,-0.23000000417232513,0.0
6.975,13.056462422411888,12.886905271133795,-0.8565892871228057,298.60066361345207,-0.08927707589827373,-0.29617995624103804,0.14458122357023492,-2.9096454492945134,-0.3920947313308716,-0.0035730567760765553,-0.23000000417232513,0.0
7.05,13.411567327745175,13.239489399037904,-0.8782950964701545,298.59391234615305,-0.09074547526560331,-0.29899227574344645,0.14197620042768422,-2.9079424496821007,-0.39298948645591736,-0.0034411982633173466,-0.23000000417232513,0.0
7.125,13.771691080722077,13.59709655215705,-0.9002144624201213,298.58705367508674,-0.09214093841071229,-0.30175604315923055,0.13960998767176427,-2.9062229576089686,-0.39388415217399597,-0.0033147954382002354,-0.23000000417232513,0.0
7.199999999999999,14.136820695449765,13.959714283487811,-0.9223427775793085,298.58009313229286,-0.09346175880315713,-0.30446926495801685,0.13747892914278606,-2.9044861990813433,-0.39477866888046265,-0.0031938287429511547,-0.23000000417232513,0.0
7.2749999999999995,14.506942519856533,14.327329466903759,-0.9446752475193506,298.5730363734565,-0.09470630518974746,-0.3071296169754562,0.1355753985498626,-2.9027313912278703,-0.39567306637763977,-0.003078328911215067,-0.23000000417232513,0.0
7.35,14.882042254283482,14.699928336035862,-0.9672069077775969,298.56588918769467,-0.09587301832369517,-0.30973446518184633,0.1338879797574963,-2.9009578015269324,-0.39656713604927063,-0.0029682666063308716,-0.23000000417232513,0.0
7.425,15.262104970911258,15.077496466130688,-0.98993259411137,298.5586574584786,-0.09696041204000627,-0.3122808944067247,0.132401712519737,-2.8991647758142474,-0.3974608778953552,-0.00286364508792758,-0.23000000417232513,0.0
7.5,15.647115133766194,15.460018820702604,-1.01284700199058,298.5513471961981,-0.09796708011506561,-0.3147657437615129,0.13109839738657567,-2.8973517605218455,-0.39835426211357117,-0.0027644806541502476,-0.23000000417232513,0.0
7.574999999999999,16.03705661824809,15.847479767090864,-1.035944648357449,298.54396451212915,-0.09889169436887014,-0.31718564638621494,0.1299569518650529,-2.8955183257229278,-0.3992471992969513,-0.0026707672514021397,-0.23000000417232513,0.0
7.6499999999999995,16.43191273079161,16.23986307645496,-1.0592199141175946,298.5365155923819,-0.09973300220707125,-0.3195370744497443,0.12895381156007726,-2.8936641896315893,-0.40013960003852844,-0.0025825328193604946,-0.23000000417232513,0.0
7.725,16.831666228723428,16.637151957473055,-1.0826670398946037,298.5290067304459,-0.1004898316771395,-0.32181638856680883,0.12806336926821707,-2.891789239750055,-0.401031494140625,-0.0024997955188155174,-0.23000000417232513,0.0
7.8,17.236299339354762,17.039329064116565,-1.106280143027314,298.52144431745637,-0.10116108388239109,-0.3240198890795839,0.12725844375573664,-2.8898935483591472,-0.40192264318466187,-0.002422583755105734,-0.23000000417232513,0.0
7.875,17.645793779387574,17.446376526751788,-1.1300532558151877,298.51383479659626,-0.10174573963758136,-0.32614387141474227,0.1265107703740916,-2.8879773875328194,-0.402813196182251,-0.0023509431630373,-0.23000000417232513,0.0
7.949999999999999,18.060130773687412,17.858275962510376,-1.1539803085230134,298.50618470216796,-0.10224285783134163,-0.32818468141790924,0.1257915047140449,-2.88604123598881,-0.4037029445171356,-0.0022849240340292454,-0.23000000417232513,0.0
8.025,18.479291073333357,18.275008488244495,-1.1780551803716193,298.49850063355916,-0.10265156452014232,-0.33013877101098144,0.12507172992222937,-2.8840857849326946,-0.40459176898002625,-0.0022245794534683228,-0.23000000417232513,0.0
8.1,18.903254973665604,18.69655474904283,-1.2022716782954477,298.4907892617548,-0.10297106197350095,-0.33200275459188755,0.12432296033086226,-2.8821119394795165,-0.4054797291755676,-0.0021699839271605015,-0.23000000417232513,0.0
8.174999999999999,19.332002331308143,19.122894920818055,-1.2266235794339215,298.4830572870105,-0.10320062604251572,-0.3337734624041332,0.12351763167885217,-2.8801208129863434,-0.4063666760921478,-0.0021212073042988777,-0.23000000417232513,0.0
8.25,19.765512580576644,19.554008744000182,-1.2511046736262101,298.4753114909504,-0.10333960107485693,-0.335447991725348,0.1226295696370444,-2.878113720460261,-0.40725255012512207,-0.002078323159366846,-0.23000000417232513,0.0
8.325,20.203764749151805,19.989875533908396,-1.275708733668602,298.4675586909889,-0.1033874035567507,-0.33702375472277313,0.12163442951013514,-2.876092166818957,-0.40813735127449036,-0.002041432075202465,-0.23000000417232513,0.0
8.4,20.646737472923675,20.430474193707642,-1.3004295535578978,298.45980573055976,-0.10334351499121447,-0.33849852131469094,0.12051009930080912,-2.8740578312366734,-0.40902090072631836,-0.002010616008192301,-0.23000000417232513,0.0
8.475,21.094409009987878,20.8757832169961,-1.3252609909827755,298.4520595247177,-0.10320748056360335,-0.33987045716393527,0.11923705989346131,-2.8720125494421347,-0.4099031984806061,-0.0019859792664647102,-0.23000000417232513,0.0
8.549999999999999,21.54675725378711,21.32578074224411,-1.3501969333368715,298.4443269819717,-0.10297890944648053,-0.34113815558590843,0.11779869689709996,-2.869958291485084,-0.41078415513038635,-0.0019676233641803265,-0.23000000417232513,0.0
8.625,22.003759745234124,21.780444516497987,-1.3752313529532243,298.43661505967475,-0.10265747284069145,-0.34230066267360443,0.11618155878974985,-2.86789713749655,-0.4116637408733368,-0.001955641433596611,-0.23000000417232513,0.0
8.7,22.465393684325598,22.239751944632285,-1.400358294362329,298.4289307477111,-0.10224289994465745,-0.34335749549849476,0.11437555783935817,-2.8658312521271867,-0.41254183650016785,-0.0019501367351040244,-0.23000000417232513,0.0
8.775,22.93163594024668,22.703680084162734,-1.4255718997862232,298.4212810196814,-0.10173498000309998,-0.34430865237977926,0.11237411086634116,-2.8637628560194863,-0.4134185016155243,-0.0019512333674356341,-0.23000000417232513,0.0
8.85,23.40246306142193,23.17220567375845,-1.4508664218889256,298.4136729012721,-0.10113355719586337,-0.34515461591082175,0.11017421821983552,-2.861694197679997,-0.4142935574054718,-0.0019589941948652267,-0.23000000417232513,0.0
8.924999999999999,23.87785128392322,23.64530511250574,-1.4762362152759545,298.40611338560257,-0.10043852620051925,-0.34589634714186646,0.10777648000717842,-2.8596275238779967,-0.4151670038700104,-0.001973534468561411,-0.23000000417232513,0.0
9.0,24.35777653997796,24.12295450915654,-1.5016757577452495,298.3986095146356,-0.09964983890560974,-0.34653527343123897,0.10518505075843379,-2.857565050868849,-0.4160388708114624,-0.001994939986616373,-0.23000000417232513,0.0
9.075,24.84221446488096,24.605129663986705,-1.5271796205414316,298.3911683140441,-0.09876749724969601,-0.34707326667015703,0.1024075329231015,-2.8555089339740203,-0.41690903902053833,-0.002023287583142519,-0.23000000417232513,0.0
9.15,25.331140404216484,25.091806086933577,-1.5527425363435183,298.38379679322315,-0.09779155149785886,-0.3475126157764157,0.09945481236808897,-2.853461242287715,-0.41777750849723816,-0.002058644313365221,-0.23000000417232513,0.0
9.225,25.824529419599457,25.582959005380342,-1.5783593270309324,298.3765019778634,-0.09672210450214704,-0.3478559910513189,0.0963408394471812,-2.8514239306234215,-0.41864433884620667,-0.0021010818891227245,-0.23000000417232513,0.0
9.299999999999999,26.32235629454941,26.078563366744476,-1.604024937676651,298.36929086759255,-0.09555930292882427,-0.34810640261798137,0.09308235959770338,-2.8493988160958055,-0.4195093512535095,-0.0021506338380277157,-0.23000000417232513,0.0
9.375,26.824595539959205,26.578593854032498,-1.6297344195524723,298.36217046531783,-0.09430334227064208,-0.34826715350662163,0.08969859900314657,-2.8473875575533563,-0.42037272453308105,-0.002207361627370119,-0.23000000417232513,0.0
9.45,27.3312213987995,27.08302488324549,-1.6554829513742728,298.3551477446408,-0.09295446543177442,-0.34834178692463036,0.08621091131819628,-2.8453916347134482,-0.4212343394756317,-0.00227126432582736,-0.23000000417232513,0.0
9.525,27.842207850852898,27.591830616346375,-1.681265779815909,298.3482296661573,-0.09151295816167847,-0.34833403012119535,0.08264239142494538,-2.843412333932819,-0.4220942258834839,-0.0023423652164638042,-0.23000000417232513,0.0
9.6,28.357528617643606,28.104984953480187,-1.7070782492521226,298.34142316442285,-0.08997915389596685,-0.34824773552298144,0.07901746408234268,-2.841450736109767,-0.42295244336128235,-0.0024206754751503468,-0.23000000417232513,0.0
9.674999999999999,28.87715716664414,28.622461564080815,-1.732915793263726,298.3347351479656,-0.08835343518527282,-0.3480868189489743,0.0753614541370756,-2.8395077065151213,-0.4238090515136719,-0.0025061597116291523,-0.23000000417232513,0.0
9.75,29.401066715822477,29.14423386354537,-1.758773900642185,298.3281724960202,-0.08663622509028338,-0.3478551970942648,0.07170014598277823,-2.837583890608199,-0.4246639311313629,-0.002598793711513281,-0.23000000417232513,0.0
9.825,29.929230238650124,29.67027502619679,-1.7846480983946005,298.3217420520309,-0.08482799220085563,-0.3475567259121506,0.06805934042062492,-2.8356797141378958,-0.4255172610282898,-0.0026985411532223225,-0.23000000417232513,0.0
9.9,30.461620468554845,30.200558000833958,-1.8105339772400608,298.3154506203873,-0.0829292534317366,-0.34719513909750194,0.06446441649985793,-2.8337953832388427,-0.4263690412044525,-0.0028053317219018936,-0.23000000417232513,0.0
9.975,30.998209903956006,30.73505549777604,-1.836427144868031,298.3093049696877,-0.08094057298208657,-0.34677398953797267,0.060939905218654424,-2.8319308914996397,-0.42721936106681824,-0.0029191006906330585,-0.23000000417232513,0.0
10.049999999999999,31.538970813971098,31.273740019968795,-1.8623232216926446,298.3033118294802,-0.0788625620214439,-0.3462965940187163,0.05750908281558197,-2.8300860302249005,-0.42806825041770935,-0.0030397665686905384,-0.23000000417232513,0.0
10.125,32.08387524369177,31.816583837063476,-1.888217836600763,298.2974778609637,-0.07669588009668568,-0.34576598161220884,0.05419359024185348,-2.8282604005341003,-0.4289158284664154,-0.003167232498526573,-0.23000000417232513,0.0
10.2,32.63289502020616,32.363558995789674,-1.914106588711133,298.2918097058355,-0.07444123332800429,-0.3451848477654563,0.05101308520335255,-2.826453429635115,-0.4297620952129364,-0.00330139696598053,-0.23000000417232513,0.0
10.275,33.18600175942905,32.91463735365184,-1.9399850601253936,298.2863139146607,-0.07209937510509606,-0.34455551461470024,0.047984932279470746,-2.824664390582067,-0.4306071698665619,-0.003442139830440283,-0.23000000417232513,0.0
10.35,33.74316687256016,33.46979055041564,-1.9658488159249619,298.28099700870825,-0.06967111016919972,-0.3438798972966436,0.04512393619034204,-2.822892421795367,-0.4314511716365814,-0.0035893446765840054,-0.23000000417232513,0.0
10.424999999999999,34.30436157336553,34.02899003662717,-1.991693353184846,298.2758654409299,-0.0671572903386056,-0.34315947794830093,0.04244212189054414,-2.8211365506083115,-0.432294100522995,-0.0037428815849125385,-0.23000000417232513,0.0
10.5,34.86955688631715,34.59220705546423,-2.017514134964532,298.27092558616596,-0.064558817507499,-0.34239528788336304,0.0399485650697825,-2.8193957190397905,-0.43313613533973694,-0.003902602940797806,-0.23000000417232513,0.0
10.575,35.438723654332684,35.15941267125455,-2.0433065478200136,298.2661837606847,-0.06187664458045708,-0.34158789687773194,0.03764927540236129,-2.8176688075954806,-0.433977335691452,-0.004068395588546991,-0.23000000417232513,0.0
10.65,36.011832547335736,35.730577772065715,-2.069065923049618,298.26164620590816,-0.05911177475291382,-0.34073741151602366,0.03554713356164129,-2.815954662411817,-0.4348178207874298,-0.004240101668983698,-0.23000000417232513,0.0
10.725,36.588854071625995,36.30567307229861,-2.0947875239469655,298.2573190884159,-0.05626525859448736,-0.33984348168004386,0.033641882848489145,-2.8142521222985493,-0.4356576204299927,-0.004417585674673319,-0.23000000417232513,0.0
10.799999999999999,37.16975857876622,36.88466912046487,-2.1204665373036002,298.2532084869222,-0.05333819804897319,-0.3389053148972049,0.03193017486020053,-2.8125600438353597,-0.43649694323539734,-0.004600700456649065,-0.23000000417232513,0.0
10.875,37.75451627518873,37.46753630437159,-2.1460980691604474,298.24932039878695,-0.0503317455754706,-0.33792169899373575,0.0304056677566631,-2.810877326278603,-0.4373358190059662,-0.004789308644831181,-0.23000000417232513,0.0
10.95,38.34309723249117,38.05424487185443,-2.171677183052059,298.2456607302511,-0.04724710258438372,-0.3368910324082957,0.029059174505933903,-2.809202936712601,-0.43817439675331116,-0.00498327799141407,-0.23000000417232513,0.0
11.025,38.93547139708923,38.644764928190945,-2.197198849017026,298.2422353062075,-0.04408551494608204,-0.33581136055783334,0.027878858388915385,-2.80753593123199,-0.43901267647743225,-0.005182469729334116,-0.23000000417232513,0.0
11.1,39.531608600442816,39.23906644905721,-2.222657981841369,298.2390498539298,-0.04084827946237038,-0.33468041989488445,0.026850471823542464,-2.805875475858284,-0.43985092639923096,-0.005386756733059883,-0.23000000417232513,0.0
11.174999999999999,40.131478569805225,39.83711928830473,-2.2480494368102835,298.2361099835257,-0.03753673699115875,-0.3334956867158264,0.025957633686174385,-2.804220863848299,-0.4406890571117401,-0.0055960132740437984,-0.23000000417232513,0.0
11.25,40.73505093811811,40.43889318054888,-2.2733680437012853,298.2334212205019,-0.034152270743650626,-0.3322544304832922,0.02518213968940746,-2.802571531199597,-0.44152727723121643,-0.005810121074318886,-0.23000000417232513,0.0
11.325,41.34229525428709,41.04435777227934,-2.29860856429653,298.2309889862436,-0.030696313604718917,-0.33095377174928015,0.024504300899908897,-2.8009270681226552,-0.44236573576927185,-0.006028987001627684,-0.23000000417232513,0.0
11.4,41.95318099380713,41.65348260630347,-2.3237657263739773,298.22881858171695,-0.0271703394526161,-0.32959074215506706,0.023903303036188397,-2.7992872285497423,-0.44320443272590637,-0.006252490449696779,-0.23000000417232513,0.0
11.475,42.56767756830416,42.26623715543919,-2.3488342704512646,298.22691520375656,-0.023575856420017083,-0.32816234555926527,0.02335758077113263,-2.797651936135663,-0.44404342770576477,-0.006480550393462181,-0.23000000417232513,0.0
11.549999999999999,43.185754335284095,42.88259080437458,-2.3738089072926423,298.2252839320581,-0.019914415416488085,-0.3266656210892357,0.02284520091271457,-2.796021286779265,-0.44488295912742615,-0.006713062059134245,-0.23000000417232513,0.0
11.625,43.807380608040276,43.50251288595372,-2.3986843561549143,298.2239297259025,-0.016187602928690564,-0.3250977047744129,0.022344246901452532,-2.794395547251515,-0.4457229673862457,-0.0069499569945037365,-0.23000000417232513,0.0
11.7,44.43252566427125,44.12597267599062,-2.423455361783302,298.2228574404521,-0.012397038069849237,-0.32345588923496593,0.02183319794883804,-2.7927751514781662,-0.44656363129615784,-0.007191175129264593,-0.23000000417232513,0.0
11.775,45.0611587547678,44.75293940882165,-2.448116698662255,298.2220717876694,-0.008544370747789048,-0.3217376812290679,0.021291297084686175,-2.7911606933419186,-0.4474049508571625,-0.007436620537191629,-0.23000000417232513,0.0
11.85,45.69324911211605,45.38338227730599,-2.47266316676634,298.22157735261453,-0.004631280155776518,-0.31994085561992813,0.02069890129490962,-2.789552917282282,-0.4482470750808716,-0.007686256896704435,-0.23000000417232513,0.0
11.924999999999999,46.32876595796303,46.01727045874012,-2.497089655299702,298.2213786097004,-0.0006594722180603418,-0.3180635037639596,0.020037808122781074,-2.7879527038840712,-0.44909003376960754,-0.007940022274851799,-0.23000000417232513,0.0
12.0,46.96767851024182,46.654573104494446,-2.521391095954734,298.2214799064436,0.0033693236790593717,-0.31610407714130706,0.019291553181682117,-2.7863610555210974,-0.4499339163303375,-0.008197869174182415,-0.23000000417232513,0.0
12.075,47.609955990348126,47.295259360742925,-2.5455625309000807,298.22188544389974,0.007453352125436075,-0.31406142485358346,0.018445674105188794,-2.784779079096525,-0.45077887177467346,-0.008459747768938541,-0.23000000417232513,0.0
12.15,48.255567628802446,47.939298368470624,-2.5695990447949035,298.2225992994886,0.011590840974737088,-0.3119348228811088,0.017487936301825137,-2.783207965439276,-0.4516248404979706,-0.008725613355636597,-0.23000000417232513,0.0
12.225,48.90448267083648,48.58665928419878,-2.5934958752679633,298.22362542045175,0.015780001021828888,-0.3097239971849136,0.016408517440949212,-2.7816489700563167,-0.4524720013141632,-0.008995422162115574,-0.23000000417232513,0.0
12.299999999999999,49.55667038191854,49.2373112540726,-2.6172483279326193,298.22496760759486,0.02001902771828598,-0.30742913864675525,0.015200148169296036,-2.780103390977786,-0.45332035422325134,-0.00926914345473051,-0.23000000417232513,0.0
12.375,50.212100051774925,49.89122345792087,-2.6408518401282723,298.2266295315585,0.024306105483229923,-0.30505090922010375,0.013858206534318055,-2.7785725458624095,-0.45416998863220215,-0.009546713903546333,-0.23000000417232513,0.0
12.45,50.87074099837104,50.54836510147994,-2.6643019766704046,298.22861473282455,0.028639406617594843,-0.30259044072698593,0.012380765670648594,-2.7770577497467843,-0.4550209939479828,-0.00982811488211155,-0.23000000417232513,0.0
12.525,51.53256257191028,51.20870541639465,-2.687594421352362,298.23092661193914,0.03301709247732082,-0.30004932538665663,0.010768594037600242,-2.7755602929822483,-0.4558734595775604,-0.010113277472555637,-0.23000000417232513,0.0
12.6,52.197534157380815,51.87221366281008,-2.7107249811947502,298.23356841649274,0.03743732127128019,-0.2974295973685314,0.009025108812817763,-2.7740814187258374,-0.45672735571861267,-0.01040215790271759,-0.23000000417232513,0.0
12.674999999999999,52.865625177169285,52.53885913196315,-2.73368959069482,298.23654328671546,0.041898248209395195,-0.294733707881309,0.007156284153274875,-2.77262230334731,-0.4575828015804291,-0.01069470215588808,-0.23000000417232513,0.0
12.75,53.53680509381531,53.20861116691847,-2.7564843245760637,298.2398541838329,0.046398022778026876,-0.2919644930655808,0.005170516527815582,-2.771184036845655,-0.4584398865699768,-0.010990848764777184,-0.23000000417232513,0.0
12.825,54.211043411435,53.88143916516238,-2.7791053807920596,298.24350397146145,0.0509347870057682,-0.28912513458643463,0.003078449427752912,-2.7697676038710286,-0.4592987596988678,-0.011290518566966057,-0.23000000417232513,0.0
12.9,54.888309677363274,54.5573125267617,-2.801549063524379,298.2474953440005,0.05550668525364566,-0.28621911448331805,0.0008927610575159264,-2.7683738688188027,-0.4601593315601349,-0.011593634262681007,-0.23000000417232513,0.0
12.975,55.568573484074136,55.23620075286327,-2.8238118044388894,298.25183086567586,0.06011186529346127,-0.2832501655851862,-0.001372080482847331,-2.76700356426171,-0.46102175116539,-0.011900133453309536,-0.23000000417232513,0.0
13.049999999999999,56.251804469922305,55.91807335496856,-2.845890162675837,298.2565129640384,0.06474847036852721,-0.28022221729589825,-0.0037000895320028777,-2.7656572778968487,-0.4618861675262451,-0.012209897860884666,-0.23000000417232513,0.0
13.125,56.93797232027289,56.60289991455875,-2.867780773867069,298.26154393323486,0.0694146460992082,-0.27713933819052805,-0.006074058632148621,-2.76433544452794,-0.4627525508403778,-0.012522844597697258,-0.23000000417232513,0.0
13.2,57.627046769086974,57.29065006494411,-2.8894804011233437,298.2669259144468,0.07410854097986813,-0.27400567687743893,-0.008475871855404804,-2.7630383422728433,-0.4636210501194,-0.012838846072554588,-0.23000000417232513,0.0
13.275,58.318997599453695,57.981293486088056,-2.9109858585498163,298.2726609219567,0.0788283033076651,-0.27082540111079206,-0.010886829669155058,-2.7617660882208708,-0.46449175477027893,-0.013157804496586323,-0.23000000417232513,0.0
13.35,59.013794644681575,58.674799925337815,-2.932294070735825,298.27875082034825,0.08357208398429583,-0.26760263732102885,-0.013287980206846474,-2.760518639236182,-0.4653647243976593,-0.013479573652148247,-0.23000000417232513,0.0
13.424999999999999,59.7114077899876,59.371139168918255,-2.953402004766036,298.28519735055625,0.08833803604212018,-0.26434141131292355,-0.01566045072560273,-2.759295795889257,-0.4662400782108307,-0.013804043643176556,-0.23000000417232513,0.0
13.5,60.411806973284186,60.07028107821826,-2.9743067042172817,298.29200209404917,0.09312431536939908,-0.2610455903248843,-0.01798577356852573,-2.7580972070080674,-0.46711787581443787,-0.014131041243672371,-0.23000000417232513,0.0
13.575,61.11496218665366,60.772195563874305,-2.9950052424155316,298.2991665151544,0.09792908157157237,-0.2577188288253712,-0.020246201076834294,-2.756922378751826,-0.467998206615448,-0.014460422098636627,-0.23000000417232513,0.0
13.65,61.82084347852077,61.476852593545516,-3.0154947351840695,298.3066919317748,0.10275049294807917,-0.2543645185431439,-0.02242500401774767,-2.7557706855766897,-0.4688812494277954,-0.014792041853070259,-0.23000000417232513,0.0
13.725,62.52942095503325,62.18422220228421,-3.0357723238481924,298.3145795251121,0.10758671049400703,-0.2509857423008134,-0.024506748912314903,-2.754641381882769,-0.4697670042514801,-0.015125729143619537,-0.23000000417232513,0.0
13.799999999999999,63.24066478221894,62.894274474391636,-3.055835166735012,298.3228303201777,0.11243589807819179,-0.24758523441615932,-0.02647754953378148,-2.7535336182891466,-0.470655620098114,-0.015461321920156479,-0.23000000417232513,0.0
13.875,63.954545188926026,63.606979569340986,-3.0756804264289617,298.33144524112276,0.11729621563255527,-0.24416534757554523,-0.02832528816768476,-2.752446457826558,-0.47154727578163147,-0.01579863205552101,-0.23000000417232513,0.0
13.95,64.67103246901958,64.32230770622677,-3.0953052485245545,298.34042504611807,0.12216582636564774,-0.24072802538698093,-0.030039803921250188,-2.7513788924248925,-0.4724419414997101,-0.016137506812810898,-0.23000000417232513,0.0
14.025,65.3900969843862,65.0402291689444,-3.114706804118035,298.34977035992006,0.12704289443775413,-0.23727478340818567,-0.03161304479578663,-2.7503298632969555,-0.47333982586860657,-0.016477759927511215,-0.23000000417232513,0.0
14.1,66.11170916874049,65.7607143217512,-3.133882217574233,298.3594816803634,0.1319255861477336,-0.23380669738563972,-0.03303918104045938,-2.7492982799558927,-0.4742409288883209,-0.016819193959236145,-0.23000000417232513,0.0
14.174999999999999,66.83583953071177,66.48373357815754,-3.1528285920178214,298.3695593556131,0.13681206438972135,-0.23032439921250064,-0.03431467881889815,-2.748283039078527,-0.47514551877975464,-0.0171616580337286,-0.23000000417232513,0.0
14.25,67.56245865770907,67.20925745795299,-3.171543022086866,298.3800035938775,0.14170049470635596,-0.2268280804539515,-0.03543833330309763,-2.7472830438134688,-0.47605350613594055,-0.017504965886473656,-0.23000000417232513,0.0
14.325,68.29153722054848,67.93725653795853,-3.1900225641836877,298.3908144894999,0.14658904283470128,-0.22331750418378507,-0.03641126120634014,-2.746297224698842,-0.47696515917778015,-0.017848938703536987,-0.23000000417232513,0.0
14.399999999999999,69.02304597734509,68.66770148572556,-3.20826422798033,298.40199196758704,0.15147587240876675,-0.21979202344153523,-0.03723685284076115,-2.745324555626493,-0.4778805077075958,-0.018193408846855164,-0.23000000417232513,0.0
14.475,69.75695577811562,69.4005630439769,-3.2262650316552643,298.413535839356,0.15635914414111077,-0.2162506073449248,-0.037920685962993,-2.7443640718862787,-0.4787997603416443,-0.018538204953074455,-0.23000000417232513,0.0
14.549999999999999,70.49323757003955,70.13581205653666,-3.244021925412275,298.4254457695911,0.16123702590476366,-0.21269187308171777,-0.03847040283165562,-2.743414886394856,-0.479722797870636,-0.01888315938413143,-0.23000000417232513,0.0
14.625,71.23186240191392,70.87341946832427,-3.261531846718867,298.43772127988314,0.1661076855656091,-0.2091141244262707,-0.03889555295030093,-2.7424762039953947,-0.4806499481201172,-0.019228141754865646,-0.23000000417232513,0.0
14.7,71.97280142922338,71.6133563098028,-3.2787917075572413,298.45036175516043,0.1709692931916652,-0.2055153951357676,-0.03920740456420624,-2.7415473323901143,-0.4815811216831207,-0.019572971388697624,-0.23000000417232513,0.0
14.774999999999999,72.7160259197577,72.35559372290024,-3.2957983986762334,298.46336646319696,0.1758200230138326,-0.20189349703772166,-0.039418729340486396,-2.7406276939735608,-0.4825165271759033,-0.01991751417517662,-0.23000000417232513,0.0
14.85,73.46150725831926,73.10010295323234,-3.312548793839577,298.47673449929425,0.1806580503579786,-0.19824607120989474,-0.03954356335470182,-2.739716831943356,-0.48345622420310974,-0.02026163972914219,-0.23000000417232513,0.0
14.924999999999999,74.20921695177131,73.8468553734298,-3.329039771073988,298.49046487089936,0.18548155364159524,-0.1945706407998746,-0.03959694802585055,-2.738814416298399,-0.48440033197402954,-0.02060520648956299,-0.23000000417232513,0.0
15.0,74.95912660495561,74.59582245203438,-3.3452681956693398,298.50455639671463,0.19028878186210493,-0.19086453933517125,-0.03959442053797317,-2.737919851018948,-0.4853488504886627,-0.0209481343626976,-0.23000000417232513,0.0
15.075,75.71120782825818,75.34697571980163,-3.361230911676757,298.51900780757296,0.19507824822247372,-0.18712499303946517,-0.039551668541121875,-2.737030929273358,-0.4863015115261078,-0.021290643140673637,-0.23000000417232513,0.0
15.149999999999999,76.46543228158934,76.10028672562895,-3.3769247928931105,298.53381771065415,0.1998482820573601,-0.1833494118968171,-0.0394849104148906,-2.7361462300045583,-0.4872589111328125,-0.021632492542266846,-0.23000000417232513,0.0
15.225,77.22177178528605,76.85572710654597,-3.3923467216231105,298.5489845862471,0.20459696680542003,-0.17953530540267826,-0.039410515912437084,-2.7352663564875757,-0.48822107911109924,-0.02197331376373768,-0.23000000417232513,0.0
15.299999999999999,77.98019837771469,77.61326870176956,-3.4074935844426713,298.5645067388741,0.20932235978813946,-0.1756803158441471,-0.03934452212738708,-2.73439247522419,-0.4891878664493561,-0.022312933579087257,-0.23000000417232513,0.0
15.375,78.7406843226117,78.37288357084101,-3.4223623444357263,298.5803823689603,0.21402257441283232,-0.1717823017558676,-0.039302282612955396,-2.7335254919343237,-0.49015939235687256,-0.022651273757219315,-0.23000000417232513,0.0
15.45,79.50320210300968,79.13454398845059,-3.436949960460608,298.59660951095793,0.21869576710650285,-0.16783939155815303,-0.03929821333773606,-2.7326661414754363,-0.4911358654499054,-0.022988274693489075,-0.23000000417232513,0.0
15.524999999999999,80.26772441611382,79.89822244701809,-3.4512534933780414,298.6131860789187,0.22334011959195896,-0.16385001679358263,-0.03934557636284557,-2.7318151944410936,-0.492117315530777,-0.02332388237118721,-0.23000000417232513,0.0
15.6,81.03422417423981,80.66389164633247,-3.4652700295660535,298.63010983067807,0.2279538420100428,-0.1598129428120376,-0.03945627826108973,-2.7309735160855517,-0.49310368299484253,-0.023658007383346558,-0.23000000417232513,0.0
15.674999999999999,81.80267450604268,81.43152450650584,-3.478996744658022,298.64737840695216,0.23253516442841382,-0.15572729700313265,-0.03964068539134004,-2.730142040250304,-0.49409517645835876,-0.02399059198796749,-0.23000000417232513,0.0
15.75,82.57304875897582,82.20109416797378,-3.4924308992935615,298.66498931827255,0.2370823431720399,-0.1515925911124176,-0.039907465377525674,-2.729321736668544,-0.4950917065143585,-0.02432156912982464,-0.23000000417232513,0.0
15.825,83.34532049956492,82.97257397853598,-3.5055698263697876,298.68293993198813,0.2415936646253255,-0.14740873605854557,-0.0402634608499761,-2.7285135883979765,-0.49609336256980896,-0.024650881066918373,-0.23000000417232513,0.0
15.899999999999999,84.11946351454912,83.74593752705051,-3.5184109650378623,298.701227498299,0.24606744447363219,-0.14317605016621895,-0.040713596952244774,-2.7277185764208762,-0.49710017442703247,-0.024978460744023323,-0.23000000417232513,0.0
15.975,84.89545181024668,84.52115860196228,-3.53095183520381,298.71984913725464,0.2505020285309374,-0.1388952595410097,-0.041260823974513,-2.7269376635583824,-0.49811217188835144,-0.025304259732365608,-0.23000000417232513,0.0
16.05,85.67325961304755,85.2982112301815,-3.543190071525639,298.73880184847485,0.25489579153192665,-0.13456749203038026,-0.041906095091233816,-2.726171780912854,-0.49912944436073303,-0.025628209114074707,-0.23000000417232513,0.0
16.125,86.45286136826823,86.07706965375564,-3.55512341066346,298.75808251120134,0.2592471348623342,-0.13019426364929787,-0.04264837909050064,-2.7254218113992112,-0.500152051448822,-0.02595025859773159,-0.23000000417232513,0.0
16.2,87.23423174009,86.85770834283132,-3.5667496827826928,298.77768788751473,0.2635545007710313,-0.1257774582461432,-0.04348470771128577,-2.7246885771670293,-0.5011798143386841,-0.026270344853401184,-0.23000000417232513,0.0
16.275,88.01734560990452,87.64010198268916,-3.5780668497946184,298.797614619094,0.2678163709247322,-0.12131930132244464,-0.04441025558645332,-2.723972826548408,-0.5022128224372864,-0.026588406413793564,-0.23000000417232513,0.0
16.349999999999998,88.80217807575964,88.42422547115873,-3.5890729416194787,298.8178592304621,0.2720312528542408,-0.11682232893747713,-0.04541845078695742,-2.7232752215815244,-0.5032512545585632,-0.02690437249839306,-0.23000000417232513,0.0
16.425,89.58870445028666,89.21005394971883,-3.5997661071791653,298.83841816155655,0.27619768302905184,-0.11228935009974644,-0.04650111505929176,-2.722596325527189,-0.5042950510978699,-0.027218183502554893,-0.23000000417232513,0.0
16.5,90.37690025970296,89.99756275943157,-3.610144605894197,298.8592877058436,0.2803142380187612,-0.10772340501736546,-0.04764863061558365,-2.7219365971813367,-0.5053441524505615,-0.027529755607247353,-0.23000000417232513,0.0
16.575,91.1667412416255,90.78672745390678,-3.6202067779413714,298.88046408198215,0.2843795336935336,-0.10312771984463948,-0.04885012909235775,-2.721296383817072,-0.5063985586166382,-0.027839021757245064,-0.23000000417232513,0.0
16.65,91.95820334341073,91.57752383040477,-3.629951069751819,298.9019433914523,0.28839221737394527,-0.09850565917652201,-0.05009369943166639,-2.720675916000354,-0.5074583888053894,-0.028145894408226013,-0.23000000417232513,0.0
16.724999999999998,92.75126272017661,92.36992786244649,-3.639375978765225,298.92372163813025,0.29235096637170255,-0.0938606759592081,-0.0513666114282837,-2.7200753036800083,-0.5085236430168152,-0.028450293466448784,-0.23000000417232513,0.0
16.8,93.54589573281257,93.16391575942556,-3.6484801214220837,298.94579473150725,0.2962544916711818,-0.08919626019698293,-0.05265555098520846,-2.7194945362103407,-0.5095943212509155,-0.028752127662301064,-0.23000000417232513,0.0
16.875,94.3420789459691,93.95946392514234,-3.657262156675208,298.9681584671839,0.300101544805371,-0.08451588735553148,-0.05394686226588186,-2.718933484315597,-0.5106703042984009,-0.02905130200088024,-0.23000000417232513,0.0
16.95,95.13978912606356,94.75654897853818,-3.6657208114866573,298.9908085821994,0.3038909059823307,-0.07982296843724304,-0.05522679214240937,-2.7183919034518182,-0.5117518305778503,-0.029347727075219154,-0.23000000417232513,0.0
17.025,95.93900323933606,95.55514773814213,-3.673854885075133,299.0137407029415,0.30762139066776095,-0.07512080051917605,-0.05648173321800362,-2.7178694374659065,-0.5128386616706848,-0.029641278088092804,-0.23000000417232513,0.0
17.099999999999998,96.73969844997671,96.35523722207695,-3.6816631936775814,299.0369503679285,0.3112918448515,-0.07041252058625633,-0.05769846142492767,-2.717365627305365,-0.5139310359954834,-0.02993186190724373,-0.23000000417232513,0.0
17.175,97.54185211834998,97.15679465323745,-3.6891446257881624,299.06043302457283,0.3149011431921237,-0.06570106206821003,-0.05886436335570955,-2.716879918088454,-0.5150288343429565,-0.030219359323382378,-0.23000000417232513,0.0
17.25,98.34544179933962,97.95979744892743,-3.6962980911678187,299.0841840519506,0.31844819235575383,-0.06098911539026883,-0.05996765058352177,-2.7164116703148156,-0.516132116317749,-0.03050367720425129,-0.23000000417232513,0.0
17.325,99.1504452408483,98.76422322345216,-3.7031225165954487,299.1081987412758,0.3219319276583822,-0.05627909327259448,-0.06099755635099062,-2.715960171104902,-0.5172408819198608,-0.030784690752625465,-0.23000000417232513,0.0
17.4,99.95684038247036,99.57004978552784,-3.7096168331203025,299.1324723024054,0.32535131378006504,-0.051573101061128945,-0.06194451202668291,-2.7155246466108447,-0.518355131149292,-0.031062280759215355,-0.23000000417232513,0.0
17.474999999999998,100.76460535427866,100.37725512790865,-3.715780014302819,299.1569998801215,0.3287053413919074,-0.04687291284848563,-0.06280030032280627,-2.7151042752106087,-0.5194749236106873,-0.031336333602666855,-0.23000000417232513,0.0
17.55,101.57371847618018,101.18581744294622,-3.721611016728813,299.1817765215701,0.3319930261733043,-0.04217995346980577,-0.06355818307330653,-2.7146982014156547,-0.5206002593040466,-0.03160673752427101,-0.23000000417232513,0.0
17.625,102.38415825654131,101.99571511221872,-3.727108801253879,299.2067972218415,0.33521341614459027,-0.03749528629387058,-0.06421300177840189,-2.714305549926155,-0.5217310190200806,-0.03187336400151253,-0.23000000417232513,0.0
17.7,103.1959033922136,102.80692670393968,-3.732272324504898,299.23205690117766,0.3383655863357789,-0.03281960828185729,-0.0647612489953643,-2.7139254415038963,-0.5228673219680786,-0.032136108726263046,-0.23000000417232513,0.0
17.775,104.00893276820518,103.61943098073608,-3.7371005218844484,299.2575504049737,0.34144862383174107,-0.028153251488705316,-0.0652011098180922,-2.7135570048864692,-0.5240093469619751,-0.03239484503865242,-0.23000000417232513,0.0
17.849999999999998,104.8232254570321,104.43320688150177,-3.741592324565258,299.2832725233102,0.3444616508893876,-0.023496189134092432,-0.06553247437501111,-2.713199390206147,-0.5251566767692566,-0.03264947980642319,-0.23000000417232513,0.0
17.925,105.63876071934318,105.24823353954267,-3.7457466552430785,299.3092179583982,0.3474038120555033,-0.01884805004368359,-0.06575692011137398,-2.7128517858442707,-0.5263097286224365,-0.03289991244673729,-0.23000000417232513,0.0
18.0,106.45551800421329,106.06449027998627,-3.7495624153890796,299.335381376668,0.3502742740421037,-0.014208137545809074,-0.06587766421432062,-2.712513426773078,-0.527468204498291,-0.03314602002501488,-0.23000000417232513,0.0
18.075,107.27347694910958,106.88195660682072,-3.7530384852484286,299.3617573631718,0.35307222520188714,-0.00957545438262375,-0.06589948919438661,-2.7121836071102154,-0.5286323428153992,-0.03338770940899849,-0.23000000417232513,0.0
18.15,108.0926173812594,107.70061222103942,-3.7561737280913854,299.3883404541789,0.35579687636274937,-0.004948732130848094,-0.06582864164340964,-2.7118616897780807,-0.5298019647598267,-0.03362489864230156,-0.23000000417232513,0.0
18.224999999999998,108.91291931774923,108.52043702063838,-3.7589670157079484,299.41512512085546,0.35844746649574394,-0.00032646499391209005,-0.06567270743185397,-2.711547115203258,-0.5309770703315735,-0.03385750949382782,-0.23000000417232513,0.0
18.3,109.73436296720209,109.34141107210704,-3.7614171859136603,299.4421057823124,0.3610232523655308,0.004293051997048103,-0.0654404645800147,-2.7112394089194054,-0.5321577787399292,-0.03408544883131981,-0.23000000417232513,0.0
18.375,110.5569287302987,110.16351465449068,-3.7635230807963946,299.46927679582814,0.3635235090465715,0.008911682519850944,-0.06514171768131824,-2.7109381845647786,-0.533344030380249,-0.03430863469839096,-0.23000000417232513,0.0
18.45,111.3805972009313,110.98672823606259,-3.76528353396648,299.4966324796287,0.3659475364441468,0.013531406279556402,-0.06478711714938945,-2.7106431488839395,-0.5345357656478882,-0.034527022391557693,-0.23000000417232513,0.0
18.525,112.20534916794205,111.81103247432296,-3.766697379054924,299.52416708036026,0.36829465926286603,0.018154274552382665,-0.06438796580569728,-2.710354104475302,-0.5357329845428467,-0.03474053740501404,-0.23000000417232513,0.0
18.599999999999998,113.03116561568012,112.63640822895701,-3.7677634752094713,299.5518748153736,0.37056422596225425,0.022782365072181954,-0.0639560165100712,-2.710070948408832,-0.5369356274604797,-0.03494914248585701,-0.23000000417232513,0.0
18.675,113.85802772592619,113.46283655665611,-3.7684806561047415,299.57974983693475,0.37275560939694324,0.027417737010054316,-0.06350326476433839,-2.7097936717137103,-0.5381436944007874,-0.035152774304151535,-0.23000000417232513,0.0
18.75,114.68591687867936,114.29029870592198,-3.7688478361693694,299.6077862647858,0.37486820621800143,0.032062386930321735,-0.06304173979018497,-2.709522354908694,-0.5393571257591248,-0.035351406782865524,-0.23000000417232513,0.0
18.825,115.51481465351172,115.11877614559425,-3.7688638831158725,299.63597816657875,0.376901430620559,0.03671820611273774,-0.0625832978925897,-2.7092571634744735,-0.5405760407447815,-0.0355449914932251,-0.23000000417232513,0.0
18.9,116.344702830512,115.94825052076901,-3.7685277539073008,299.66431955790677,0.3788547264123839,0.041386941252836734,-0.06213942185567539,-2.7089983408435403,-0.5418001413345337,-0.03573353588581085,-0.23000000417232513,0.0
18.974999999999998,117.17556339186984,116.77870370724237,-3.767838418279233,299.6928044413744,0.3807275661434776,0.04607015730485553,-0.06172102949700589,-2.708746203204863,-0.5430295467376709,-0.03591696545481682,-0.23000000417232513,0.0
19.05,118.00737852226622,117.61011775966371,-3.766794892726984,299.7214267512063,0.382519446036907,0.05076920415435279,-0.0613382938456654,-2.708501127958907,-0.5442641377449036,-0.03609529882669449,-0.23000000417232513,0.0
19.125,118.84013060982646,118.4424749581944,-3.765396240510697,299.75018040213354,0.3842298853205537,0.05548518754330328,-0.061000479341860425,-2.708263544557516,-0.5455039739608765,-0.03626852482557297,-0.23000000417232513,0.0
19.2,119.67380224674159,119.2757577903599,-3.7636415971480153,299.7790592698293,0.3858584308881941,0.06021894512364026,-0.0607157959947984,-2.708033923658572,-0.5467488765716553,-0.03643661364912987,-0.23000000417232513,0.0
19.275,120.5083762295899,120.1099489355003,-3.7615301406686217,299.80805719742193,0.38740466179554056,0.06497102735295535,-0.06049127391479274,-2.7078127668063887,-0.5479987859725952,-0.03659958019852638,-0.23000000417232513,0.0
19.349999999999998,121.3438355601191,120.9450312880957,-3.759061125609657,299.8371679824859,0.38886818371929155,0.06974168337674394,-0.06033265955621564,-2.7076005947663178,-0.5492537021636963,-0.036757420748472214,-0.23000000417232513,0.0
19.425,122.18016344479402,121.78098795517559,-3.7562338702681073,299.86638542259925,0.3902486301539489,0.07453085276532506,-0.06024433586038552,-2.7073979342508667,-0.550513505935669,-0.036910127848386765,-0.23000000417232513,0.0
19.5,123.01734329484347,122.61780224854061,-3.753047773696393,299.8957032762928,0.39154566174488625,0.07933816277611114,-0.06022926734336693,-2.7072053071898114,-0.5517781972885132,-0.037057701498270035,-0.23000000417232513,0.0
19.575,123.85535872597087,123.45545768994856,-3.7495022987064983,299.9251152630304,0.3927589643906232,0.08416293123933108,-0.06028897048253821,-2.707023218626167,-0.5530477166175842,-0.03720014914870262,-0.23000000417232513,0.0
19.65,124.6941935577888,124.29393800333565,-3.745596993114664,299.9546151055629,0.3938882630804251,0.08900417554418028,-0.060423510015341866,-2.706852146233102,-0.5543217658996582,-0.03733748570084572,-0.23000000417232513,0.0
19.724999999999998,125.53383181309229,125.13322712259314,-3.7413314897422385,299.98419648430263,0.39493331072470383,0.09386062557453015,-0.060631519967967236,-2.7066925309748817,-0.5556005239486694,-0.037469688802957535,-0.23000000417232513,0.0
19.8,126.3742577169268,125.973309186386,-3.736705476671351,300.01385306992006,0.3958938848886504,0.09873074237438376,-0.06091024899285965,-2.7065447650298644,-0.5568838119506836,-0.03759677708148956,-0.23000000417232513,0.0
19.875,127.21545569543736,126.81416854333091,-3.7317187567329957,300.04357853634474,0.39676979699861126,0.1036127416873531,-0.061255630120523805,-2.7064091844582254,-0.5581715106964111,-0.037718746811151505,-0.23000000417232513,0.0
19.95,128.05741037459867,127.65578973126784,-3.726371166771707,300.0733665086782,0.3975608834838067,0.10850462087729423,-0.06166237182381686,-2.706286062150529,-0.5594636797904968,-0.03783559799194336,-0.23000000417232513,0.0
20.025,128.90010657889889,128.49815749799023,-3.7206626413844526,300.10321062505545,0.39826701445221463,0.11340419035424912,-0.06212406929998432,-2.706175600812611,-0.5607600212097168,-0.037947311997413635,-0.23000000417232513,0.0
20.099999999999998,129.74352932917947,129.34125678828806,-3.7145931789263473,300.13310451709776,0.3988880910166849,0.11830910712527234,-0.06263333363046669,-2.706077928962356,-0.5620605945587158,-0.03805391490459442,-0.23000000417232513,0.0
20.175,130.5876638413917,130.18507274653848,-3.7081628542582634,300.1630417968936,0.3994240374486117,0.12321691093689352,-0.06318193577644167,-2.7059930968329695,-0.5633653402328491,-0.03815535828471184,-0.23000000417232513,0.0
20.25,131.4324955245708,131.02959070634006,-3.701371793251049,300.1930160798047,0.3998748112963927,0.12812506272376326,-0.06376096386300344,-2.7059210740449697,-0.5646740198135376,-0.03825165331363678,-0.23000000417232513,0.0
20.325,132.27800997883486,131.87479620088138,-3.6942201727866557,300.2230209811737,0.400240394867837,0.13303098314679043,-0.06436098990096391,-2.7058617501624798,-0.5659867525100708,-0.038342785090208054,-0.23000000417232513,0.0
20.4,133.12419299332228,132.72067494479285,-3.686708250499922,300.2530501000833,0.4005207969337997,0.13793209220021319,-0.06497224301968191,-2.705814934128026,-0.5673032999038696,-0.03842872381210327,-0.23000000417232513,0.0
20.474999999999998,133.97103054428118,133.56721283933763,-3.678836301042508,300.2830970518917,0.40071605705464036,0.14282584829963954,-0.0655847867525042,-2.7057803580764066,-0.5686236023902893,-0.038509469479322433,-0.23000000417232513,0.0
20.55,134.81850879237962,134.4143959879622,-3.6706046415792484,300.3131554617107,0.4008262366051123,0.14770978574606805,-0.06618869613717467,-2.7057576799512244,-0.5699476599693298,-0.038584981113672256,-0.23000000417232513,0.0
20.625,135.66661408109962,135.2622106574115,-3.6620136530294447,300.34321895140647,0.4008514259006334,0.15258155149347805,-0.06677423252459001,-2.705746488783676,-0.5712752342224121,-0.03865522891283035,-0.23000000417232513,0.0
20.7,136.51533293439076,136.11064330624902,-3.653063720582466,300.37328114284264,0.40079173605554896,0.15743893849963117,-0.06733201267329487,-2.7057463110976467,-0.5726064443588257,-0.038720209151506424,-0.23000000417232513,0.0
20.775,137.36465205475696,136.9596805718949,-3.643755246443653,300.4033356839218,0.40064730066830884,0.16227991707682313,-0.06785316920907612,-2.7057566171248535,-0.5739410519599915,-0.03877987340092659,-0.23000000417232513,0.0
20.849999999999998,138.21455832066675,137.8093092576627,-3.634088671078448,300.43337620950706,0.400418280400086,0.1671026625368392,-0.06832950029273156,-2.7057768296855462,-0.5752789974212646,-0.03883419930934906,-0.23000000417232513,0.0
20.925,139.06503878509005,138.65951635090872,-3.624064434972404,300.46339640006,0.40010485121717154,0.1719055786613909,-0.06875360500579973,-2.7058063331293387,-0.57662034034729,-0.038883138447999954,-0.23000000417232513,0.0
21.0,139.91608067360522,139.51028899970152,-3.6136829871268463,300.49338992299863,0.399707213435301,0.17668731778475397,-0.0691190033751518,-2.7058444815257894,-0.5779647827148438,-0.038926683366298676,-0.23000000417232513,0.0
21.075,140.7676713820672,140.36161453356172,-3.6029447638156,300.52335047503493,0.39922559234180527,0.1814467956711584,-0.0694202387896258,-2.705890609933533,-0.5793123245239258,-0.038964781910181046,-0.23000000417232513,0.0
21.15,141.61979847566113,141.21348044531257,-3.5918502268249846,300.55327175612683,0.39866022741237694,0.18618320171890462,-0.06965296043664537,-2.7059440440876656,-0.5806629657745361,-0.03899740055203438,-0.23000000417232513,0.0
21.224999999999998,142.4724496866434,142.0658743988644,-3.5803997912198184,300.5831475085615,0.39801137281447396,0.19089600442399554,-0.06981398592207427,-2.706004108518807,-0.5820165872573853,-0.03902452811598778,-0.23000000417232513,0.0
21.3,143.3256129134626,142.91878421624455,-3.5685939103241706,300.6129714746053,0.39727930380946064,0.19558495261704287,-0.06990134297807694,-2.706070138551185,-0.5833730697631836,-0.039046116173267365,-0.23000000417232513,0.0
21.375,144.17927621952012,143.77219789316084,-3.556432977993569,300.6427374258187,0.3964643101086363,0.20025007098214045,-0.06991428909144069,-2.706141489650745,-0.5847324132919312,-0.039062146097421646,-0.23000000417232513,0.0
21.45,145.03342783154466,144.62610358344048,-3.5439174050972513,300.67243914677465,0.39556669588104015,0.20489165125637543,-0.06985330946140547,-2.706217545280396,-0.5860944986343384,-0.03907259181141853,-0.23000000417232513,0.0
21.525,145.88805613934417,145.48048959644308,-3.531047572777687,300.70207046436326,0.39458678120702734,0.20951023926897808,-0.06972009385504706,-2.7062977268532213,-0.5874592661857605,-0.03907743841409683,-0.23000000417232513,0.0
21.599999999999998,146.74314969431873,146.33534441779662,-3.517823840951067,300.7316252022056,0.393524904697092,0.21410661738396902,-0.06951749262478603,-2.7063815005412675,-0.5888265371322632,-0.03907665237784386,-0.23000000417232513,0.0
21.675,147.5986972095196,147.19065669384386,-3.504246556803811,300.76109724576645,0.39238142408087656,0.21868178344969372,-0.06924945300432002,-2.7064683856447105,-0.5901962518692017,-0.03907022997736931,-0.23000000417232513,0.0
21.75,148.45468755846125,148.0464152238635,-3.4903160760372676,300.7904804739969,0.3911567005459697,0.22323692516536842,-0.06892093681502831,-2.7065579582420436,-0.5915685296058655,-0.039058148860931396,-0.23000000417232513,0.0
21.825,149.31110977545833,148.90260897822276,-3.4760326948839606,300.81976881791434,0.3898511100015448,0.22777339350323458,-0.06853782232247639,-2.7066498562186667,-0.5929430723190308,-0.039040423929691315,-0.23000000417232513,0.0
21.9,150.16795305469674,149.75922707763073,-3.4613967350874897,300.84895621828855,0.3884650479071802,0.23229267247394494,-0.06810679171223351,-2.7067437841649467,-0.5943198204040527,-0.03901703283190727,-0.23000000417232513,0.0
21.974999999999998,151.02520675080677,150.61625881647382,-3.4464084886666715,300.87803666472655,0.38699892340977615,0.23679634731064308,-0.0676352051946637,-2.7068395161468284,-0.5956987142562866,-0.038988009095191956,-0.23000000417232513,0.0
22.05,151.88286037815516,151.4736936446675,-3.4310682476573144,300.9070041630862,0.3854531529077712,0.24128607073972125,-0.06713096522223738,-2.7069368947478276,-0.5970797538757324,-0.03895332291722298,-0.23000000417232513,0.0
22.125,152.74090361162598,152.331521172841,-3.4153762998636785,300.93585275177793,0.3838281685171163,0.24576352999043827,-0.06660237351784806,-2.7070358321188466,-0.598462700843811,-0.038912996649742126,-0.23000000417232513,0.0
22.2,153.59932628619117,153.18973119048152,-3.3993329373586727,300.96457650499906,0.38212441446121687,0.25023041234865884,-0.06605798303179806,-2.707136308822908,-0.5998476147651672,-0.03886708244681358,-0.23000000417232513,0.0
22.275,154.45811839709583,154.04831362705102,-3.3829384649778262,300.99316954902906,0.38034234550242463,0.2546883719515838,-0.0655064472915692,-2.7072383707750314,-0.6012343168258667,-0.03881556913256645,-0.23000000417232513,0.0
22.349999999999998,155.31727010058742,154.90725858827892,-3.366193174828599,301.02162601012697,0.3784824376990569,0.25913899807348006,-0.06495637042386085,-2.7073421270162674,-0.6026226282119751,-0.038758497685194016,-0.23000000417232513,0.0
22.425,156.17677171342567,155.76655634319667,-3.349097393029161,301.0499400698859,0.3765451770107331,0.2635837835652205,-0.06441615949733888,-2.707447744173048,-0.6040126085281372,-0.038695890456438065,-0.23000000417232513,0.0
22.5,157.03661371377675,156.62619733191642,-3.331651454214592,301.0781059587184,0.3745310575043376,0.26802409678799843,-0.06389388240957482,-2.707555440489961,-0.6054041385650635,-0.03862779214978218,-0.23000000417232513,0.0
22.575,157.89678674085545,157.48617213711609,-3.313855718530196,301.10611791352676,0.3724405932180632,0.27246115598808396,-0.06339713423896769,-2.7076654795244366,-0.6067969799041748,-0.03855421766638756,-0.23000000417232513,0.0
22.65,158.75728159502734,158.3464715306953,-3.295710592882144,301.13397023631296,0.3702743103429526,0.27689600615724497,-0.06293291313927135,-2.7077781643610312,-0.608191192150116,-0.038475245237350464,-0.23000000417232513,0.0
22.724999999999998,159.61808923837623,159.20708643749157,-3.2772164756950994,301.16165727137786,0.3680327468438763,0.28132949987095085,-0.06250750816188885,-2.7078938288853136,-0.6095865964889526,-0.03839091584086418,-0.23000000417232513,0.0
22.8,160.4792007941409,160.06800794304777,-3.2583738376461278,301.1891733727839,0.36571645777843037,0.28576228148059013,-0.062126401422824704,-2.7080128298181587,-0.6109830737113953,-0.0383012630045414,-0.23000000417232513,0.0
22.875,161.34060754658114,160.9292273091713,-3.2391831664279835,301.2165129759537,0.3633260111798906,0.2901947752873184,-0.06179418525231417,-2.7081355388564785,-0.6123805642127991,-0.03820633888244629,-0.23000000417232513,0.0
22.95,162.20230094123622,161.79073594541592,-3.2196450049879743,301.2436705293135,0.3608619911325194,0.2946271781499116,-0.061514496041245086,-2.708262334150239,-0.6137788891792297,-0.03810620307922363,-0.23000000417232513,0.0
23.025,163.06427258401988,162.65252543500677,-3.1997599217870314,301.27064054313496,0.35832499154422115,0.29905945530986744,-0.061289965613479276,-2.7083935913694814,-0.615178108215332,-0.03800090029835701,-0.23000000417232513,0.0
23.099999999999998,163.92651424087862,163.5145875166897,-3.17952856178703,301.2974175602167,0.3557156252078983,0.3034913417645385,-0.061122190871401985,-2.708529675422843,-0.6165778636932373,-0.0378904789686203,-0.23000000417232513,0.0
23.175,164.78901783694278,164.3769141002901,-3.1589515912140778,301.32399618194313,0.3530345245589264,0.30792234668180896,-0.06101172191794959,-2.7086709340981407,-0.6179781556129456,-0.03777502104640007,-0.23000000417232513,0.0
23.25,165.65177545624357,165.23949725115597,-3.1380297357987916,301.3503710552586,0.350282329160609,0.3123517618015173,-0.06095806778875791,-2.7088176895629883,-0.6193789839744568,-0.03765455260872841,-0.23000000417232513,0.0
23.325,166.5147793402489,166.10232918756748,-3.1167637637795815,301.37653687265674,0.3474596898951119,0.31677867386107583,-0.06095972092380792,-2.708970229928274,-0.6207801699638367,-0.037529122084379196,-0.23000000417232513,0.0
23.4,167.37802188690415,166.96540228591994,-3.095154498650541,301.40248836242654,0.34456728313384344,0.32120198131708944,-0.061014199321377964,-2.709128805284564,-0.6221814155578613,-0.0373988077044487,-0.23000000417232513,0.0
23.474999999999998,168.24149564919588,167.8287090859091,-3.073202810663797,301.4282203309708,0.341605792039949,0.3256204122878066,-0.06111810417842199,-2.7092936225173574,-0.6235829591751099,-0.037263646721839905,-0.23000000417232513,0.0
23.55,169.10519333427297,168.6922422723856,-3.050909621076638,301.45372761396266,0.3385759144707717,0.33003254728927156,-0.06126719279056223,-2.7094648387296325,-0.6249843835830688,-0.03712369129061699,-0.23000000417232513,0.0
23.625,169.96910780138168,169.555994683133,-3.0282758851559257,301.4790051089112,0.33547836531267355,0.3344368429784369,-0.06145646582615339,-2.709642559416586,-0.6263857483863831,-0.03697896748781204,-0.23000000417232513,0.0
23.7,170.83323206035416,170.4199593140517,-3.0053026006768833,301.50404778493385,0.33231386777110594,0.33883165827539397,-0.06168026561089289,-2.7098268349832715,-0.6277869343757629,-0.03682955354452133,-0.23000000417232513,0.0
23.775,171.69755926980835,171.28412930101157,-2.9819908249175433,301.52885063064423,0.32908315756601303,0.3432152820422528,-0.06193238519273031,-2.7100176590976126,-0.629187822341919,-0.03667546436190605,-0.23000000417232513,0.0
23.849999999999998,172.56208273506286,172.14849791985955,-2.9583416066730126,301.55340871928365,0.3257869896490928,0.34758596180136614,-0.06220618531877565,-2.7102149688544594,-0.630588173866272,-0.03651675581932068,-0.23000000417232513,0.0
23.925,173.4267959066546,173.0130585993702,-2.9343560797372774,301.5777171566165,0.3224261302272783,0.3519419323832196,-0.06249471690492353,-2.7104186461050483,-0.6319880485534668,-0.0363534577190876,-0.23000000417232513,0.0
24.0,174.29169237773039,173.8778049057034,-2.9100353651720074,301.60177112979227,0.31900135128725493,0.3562814442269009,-0.06279084704691082,-2.710628516401993,-0.6333873271942139,-0.0361856110394001,-0.23000000417232513,0.0
24.075,175.1567658820796,174.74273053980676,-2.885380622295574,301.6255658747459,0.3155134350933545,0.36060279205474177,-0.06308738717293055,-2.7108443526227037,-0.6347858905792236,-0.036013223230838776,-0.23000000417232513,0.0
24.15,176.0220102919215,175.60782934000719,-2.8603930529324413,301.6490966794822,0.311963175588543,0.3649043419930757,-0.06337722014773155,-2.7110658788015045,-0.6361836194992065,-0.035836365073919296,-0.23000000417232513,0.0
24.224999999999998,176.88741961566683,176.4730952820197,-2.835073820680111,301.67235890361053,0.3083513784576318,0.3691845570919071,-0.06365342421267689,-2.71129277438009,-0.637580394744873,-0.03565504401922226,-0.23000000417232513,0.0
24.3,177.7529879955036,177.3385224711599,-2.809424152886869,301.6953479620497,0.30467885445482257,0.373442020523907,-0.06390939158839885,-2.711524678737971,-0.6389762163162231,-0.03546930104494095,-0.23000000417232513,0.0
24.375,178.6187097056792,178.20410514494637,-2.783445247171684,301.71805933154974,0.30094643166458285,0.3776754577072827,-0.06413894020641277,-2.7117611970823754,-0.6403707265853882,-0.035279132425785065,-0.23000000417232513,0.0
24.45,179.4845791497598,179.0698376523564,-2.7571383351585736,301.740488544187,0.2971549351803474,0.38188375330878555,-0.06433641613251935,-2.712001906669397,-0.6417642831802368,-0.03508458659052849,-0.23000000417232513,0.0
24.525,180.3505908586152,179.93571448493918,-2.7305046144942637,301.7626312068687,0.29330519601605415,0.38606596785935715,-0.06449678547933904,-2.7122463610864713,-0.6431564092636108,-0.034885670989751816,-0.23000000417232513,0.0
24.599999999999998,181.2167394882809,180.80173024829645,-2.7035453040834816,301.7844829818382,0.2893980548514622,0.3902213499075612,-0.06461571509718782,-2.7124941003929846,-0.6445472240447998,-0.03468243405222893,-0.23000000417232513,0.0
24.675,182.08301981789205,181.6678796698645,-2.6762615888514008,301.8060395964176,0.28543435850322696,0.3943493449625354,-0.0646896387513695,-2.7127446567215237,-0.6459364891052246,-0.03447489067912102,-0.23000000417232513,0.0
24.75,182.9494267477232,182.53415760150057,-2.6486546749823296,301.82729683975776,0.28141495696426017,0.3984496006763737,-0.06471580949265493,-2.7129975616985744,-0.64732426404953,-0.03426303341984749,-0.23000000417232513,0.0
24.825,183.81595529729447,183.40055901171434,-2.620725717684021,301.8482505628276,0.27734070610214206,0.4025219689963624,-0.06469233681331045,-2.713252352589173,-0.648710310459137,-0.03404691815376282,-0.23000000417232513,0.0
24.9,184.6826006034087,184.26707897788438,-2.592475884923448,301.8688966882096,0.2732124638516584,0.4065665041554475,-0.06461820866378797,-2.713508579982668,-0.6500946879386902,-0.0338265597820282,-0.23000000417232513,0.0
24.974999999999998,185.54935791901005,185.13371269922348,-2.5639063149371375,301.8892312002945,0.2690310846855141,0.4105834578027675,-0.06449329752109606,-2.7137658137497156,-0.6514773368835449,-0.033601995557546616,-0.23000000417232513,0.0
25.05,186.41622261112667,186.00045548640884,-2.535018128977357,301.90925013880087,0.26479743013650664,0.41457327067236105,-0.0643183515873147,-2.714023648764935,-0.6528580188751221,-0.03337322548031807,-0.23000000417232513,0.0
25.125,187.28319015962154,186.8673027615821,-2.505812431312123,301.92894961829506,0.26051236376672904,0.41853656100979825,-0.06409497047967425,-2.7142817120958695,-0.6542367935180664,-0.03314030542969704,-0.23000000417232513,0.0
25.2,188.15025615589326,187.734250068719,-2.4762902964790037,301.9483258184255,0.25617675044726335,0.42247411014055447,-0.06382556612866364,-2.714539666448876,-0.6556134819984436,-0.03290325775742531,-0.23000000417232513,0.0
25.275,189.01741630171847,188.60129305289024,-2.446452790528394,301.96737498391985,0.2517914588240389,0.4263868454915565,-0.06351331046167158,-2.7147972152178936,-0.6569880247116089,-0.03266210854053497,-0.23000000417232513,0.0
25.349999999999998,189.8846664082191,189.4684274680381,-2.4163009667752604,301.98609341157635,0.24735735132604836,0.4302758209187917,-0.06316207018136186,-2.715054105493729,-0.658360481262207,-0.03241690248250961,-0.23000000417232513,0.0
25.425,190.75200239494,190.33564918475648,-2.38583583605623,302.0044774795424,0.2428752946845534,0.43414219614707295,-0.06277633082219522,-2.7153101302522806,-0.6597305536270142,-0.03216768428683281,-0.23000000417232513,0.0
25.5,191.61942028905275,191.20295418510017,-2.355058421967434,302.02252362128775,0.23834615830838599,0.43798721385908357,-0.062361111080636814,-2.7155651320418976,-0.661098301410675,-0.03191449120640755,-0.23000000417232513,0.0
25.575,192.4869162246769,192.07033854962896,-2.3239697183720054,302.0402283418807,0.23377080633873548,0.4418121757142867,-0.06192186839280813,-2.7158190024090634,-0.6624636650085449,-0.03165736049413681,-0.23000000417232513,0.0
25.65,193.3544864422931,192.9377984781407,-2.2925707276443217,302.0575882049525,0.22915009967659639,0.44561841808432423,-0.06146439881591811,-2.7160716818068473,-0.663826584815979,-0.03139634430408478,-0.23000000417232513,0.0
25.724999999999998,194.22212728822691,193.8053302819008,-2.2608624054307502,302.0745998424809,0.22448490865629728,0.4494072880225317,-0.060994732542410786,-2.71632315983643,-0.6651867628097534,-0.031131507828831673,-0.23000000417232513,0.0
25.8,195.08983521405278,194.67293036808044,-2.228845741380998,302.09125994826263,0.21977610150039462,0.45318011803971037,-0.060519026230683406,-2.71657347454936,-0.6665443778038025,-0.030862892046570778,-0.23000000417232513,0.0
25.875,195.9576067767583,195.54059525272314,-2.196521708160238,302.107565271413,0.21502454146877512,0.45693820275411673,-0.06004345435647331,-2.7168227081609424,-0.6678992509841919,-0.030590558424592018,-0.23000000417232513,0.0
25.95,196.82543863790656,196.40832157629507,-2.1638912826963455,302.1235126619458,0.21023109038623025,0.4606827757530624,-0.05957410261748377,-2.7170709841741902,-0.6692513823509216,-0.03031456284224987,-0.23000000417232513,0.0
26.025,197.69332756352287,197.276106069989,-2.1309554291797803,302.1390990023983,0.20539660835825335,0.4644149887099822,-0.059116864050794034,-2.717318464215206,-0.6706006526947021,-0.030034974217414856,-0.23000000417232513,0.0
26.099999999999998,198.56127042381948,198.1439455842321,-2.0977151543051145,302.15432124365134,0.20052196490679236,0.4681358922034569,-0.05867734009827087,-2.7175653442379186,-0.6719468235969543,-0.029751848429441452,-0.23000000417232513,0.0
26.175,199.4292641929268,199.0118370679565,-2.064171435033926,302.16917640817064,0.1956080256804663,0.471846417491405,-0.058260747493006096,-2.7178118499397246,-0.6732900738716125,-0.029465259984135628,-0.23000000417232513,0.0
26.25,200.29730594860445,199.879777578959,-2.0303252993289838,302.18366157699575,0.19065565393573145,0.47554736169224965,-0.05787183317304122,-2.718058229329783,-0.6746301651000977,-0.029175279662013054,-0.23000000417232513,0.0
26.325,201.16539287192626,200.74776428131645,-1.9961777581682378,302.1977739060294,0.1856657145585054,0.47923937535419026,-0.05751479927042807,-2.7183047488034804,-0.6759670972824097,-0.028881972655653954,-0.23000000417232513,0.0
26.4,202.03352224692497,201.61579444278576,-1.9617298777793737,302.211510606473,0.1806390693971074,0.4829229526136547,-0.0571932380270803,-2.7185516868524275,-0.6773008108139038,-0.02858540415763855,-0.23000000417232513,0.0
26.474999999999998,202.9016914601611,202.48386543999592,-1.9269827074055383,302.2248689611288,0.17557658740605103,0.48659842482737803,-0.056910078585136796,-2.718799328163667,-0.678631067276001,-0.028285657986998558,-0.23000000417232513,0.0
26.55,203.76989800023685,203.35197475584766,-1.8919373557890078,302.23784631137005,0.17047913629686273,0.4902659562014389,-0.05666754571295449,-2.7190479584872893,-0.6799579858779907,-0.02798278070986271,-0.23000000417232513,0.0
26.625,204.63813945722092,204.22011996396742,-1.8565949274328606,302.25044006366124,0.16534757270519712,0.4939255427133271,-0.05646713109508086,-2.7192978566806274,-0.681281566619873,-0.02767687663435936,-0.23000000417232513,0.0
26.7,205.50641352196956,205.08829875462283,-1.820956577842221,302.26264770580474,0.16018276788599298,0.49757701548493966,-0.05630957889480029,-2.7195492900407614,-0.6826013326644897,-0.02736799605190754,-0.23000000417232513,0.0
26.775,206.3747179853664,205.95650890362202,-1.7850234667806668,302.2744667614147,0.15498559121860012,0.5012200447409896,-0.05619488366387348,-2.719802511435219,-0.6839176416397095,-0.027056217193603516,-0.23000000417232513,0.0
26.849999999999998,207.24305073744722,206.82474830082262,-1.7487968007644292,302.28589484195845,0.1497569072103452,0.5048541478327031,-0.05612230070162957,-2.720057750257545,-0.6852301955223083,-0.02674160897731781,-0.23000000417232513,0.0
26.925,208.11140976641596,207.69301492680572,-1.7122778033160841,302.2969296207284,0.144497581026573,0.5084786997331592,-0.056090370471091965,-2.720315209866299,-0.6865390539169312,-0.026424236595630646,-0.23000000417232513,0.0
27.0,208.97979315753514,208.5613068528735,-1.6754677362100956,302.3075688198355,0.1392084848555048,0.5120929462311785,-0.05609695444181964,-2.7205750636435133,-0.687843918800354,-0.02610418200492859,-0.23000000417232513,0.0
27.075,209.84819909191856,209.42962225401362,-1.638367865481364,302.31781025250984,0.13389048921479482,0.5156960182274437,-0.05613928217392253,-2.7208374523768204,-0.6891449689865112,-0.02578148990869522,-0.23000000417232513,0.0
27.15,210.71662584520723,210.2979593985257,-1.6009795081642857,302.3276517775198,0.1285444574346516,0.5192869484443248,-0.056214008392479226,-2.7211024792349203,-0.6904420852661133,-0.025456244125962257,-0.23000000417232513,0.0
27.224999999999998,211.58507178612925,211.16631663247185,-1.5633039982981856,302.3370913285062,0.12317125509404328,0.5228646900847037,-0.05631728023051867,-2.7213702087755087,-0.6917351484298706,-0.025128496810793877,-0.23000000417232513,0.0
27.3,212.45353537496734,212.03469241078423,-1.5253426741833922,302.34612689441656,0.117771746764083,0.5264281360920098,-0.05644481186989582,-2.7216406663854564,-0.6930241584777832,-0.024798298254609108,-0.23000000417232513,0.0
27.375,213.32201516191105,212.90308526356168,-1.487096925117748,302.3547565422873,0.11234680279820095,0.5299761397148605,-0.056591965559408375,-2.7219138370974525,-0.694308876991272,-0.024465719237923622,-0.23000000417232513,0.0
27.45,214.19050978532604,213.7714938116311,-1.4485681149143559,302.3629783912411,0.1068972920953142,0.5335075346771128,-0.05675383750944167,-2.7221896664023495,-0.6955894231796265,-0.02413080632686615,-0.23000000417232513,0.0
27.525,215.05901796995227,214.63991675098433,-1.4097576753802674,302.37079062872,0.10142407231963353,0.5370211556839474,-0.056925346917195474,-2.7224680592329835,-0.6968657970428467,-0.023793619126081467,-0.23000000417232513,0.0
27.599999999999998,215.92753852502204,215.50835286575057,-1.3706670000901862,302.3781915137738,0.09592800640463787,0.5405158597346321,-0.05710132779247819,-2.722748882075926,-0.6981377005577087,-0.023454206064343452,-0.23000000417232513,0.0
27.675,216.7960703423319,216.3768010204109,-1.3312975251186796,302.38517936726157,0.09040995445495201,0.5439905454240903,-0.057276620506029476,-2.7230319669538456,-0.699405312538147,-0.02311260811984539,-0.23000000417232513,0.0
27.75,217.6646123942602,217.24526015462033,-1.2916506738012037,302.39175256211774,0.08487077456384713,0.5474441720413441,-0.057446161464089034,-2.723317112039708,-0.7006683945655823,-0.022768883034586906,-0.23000000417232513,0.0
27.825,218.53316373175522,218.11372928061311,-1.2517278779793597,302.3979095591517,0.07931132649984685,0.5508757771503231,-0.05760507048123617,-2.7236040863146527,-0.7019269466400146,-0.022423068061470985,-0.23000000417232513,0.0
27.9,219.40172348232483,218.98220749098041,-1.2115305652544213,302.40364886144926,0.07373245451335744,0.5542844919176992,-0.05774873301696429,-2.7238926324200996,-0.7031811475753784,-0.022075200453400612,-0.23000000417232513,0.0
27.974999999999998,220.2702908480057,219.8506939431166,-1.171060171732958,302.40896904045076,0.06813499950342711,0.5576695560925038,-0.05787287741430634,-2.724182469752015,-0.7044306993484497,-0.021725336089730263,-0.23000000417232513,0.0
28.05,221.13886510334703,220.7191878644061,-1.1303181122836459,302.4138687424379,0.06251980839060904,0.561030330352371,-0.057973645385557465,-2.724473301889211,-0.7056755423545837,-0.021373499184846878,-0.23000000417232513,0.0
28.125,222.0074455934236,221.58768855481424,-1.0893057975339802,302.41834667552894,0.056887721998528526,0.5643663056047354,-0.058047653090476624,-2.7247648206105333,-0.7069157361984253,-0.021019745618104935,-0.23000000417232513,0.0
28.2,222.87603173189353,222.456195381703,-1.0480246296206057,302.4224015868672,0.05123957278884459,0.5676771104602446,-0.05809204340781221,-2.72505670923731,-0.7081512212753296,-0.020664097741246223,-0.23000000417232513,0.0
28.275,223.744622999106,223.3247077694637,-1.006475993689962,302.4260323082317,0.04557618839885675,0.5709625164511026,-0.05810452877788259,-2.7253486483127194,-0.7093819379806519,-0.020306607708334923,-0.23000000417232513,0.0
28.349999999999998,224.61321894010868,224.1932252047006,-0.9646612621479632,302.4292377299612,0.03989838937260322,0.5742224403309695,-0.05808342336704209,-2.7256403208529556,-0.7106078863143921,-0.019947286695241928,-0.23000000417232513,0.0
28.425,225.48181916341449,225.0617472569695,-0.9225817819149343,302.43201680747325,0.0342069924366146,0.5774569446907318,-0.058027664278825566,-2.7259314174906133,-0.7118289470672607,-0.019586196169257164,-0.23000000417232513,0.0
28.5,226.35042333880995,225.9302735269326,-0.8802388956654914,302.4343685417557,0.02850280433089286,0.5806662343922546,-0.05793682156684353,-2.7262216405973287,-0.7130452394485474,-0.019223371520638466,-0.23000000417232513,0.0
28.575,227.21903119596615,226.79880370079712,-0.8376339078416211,302.43629201188514,0.02278662487750931,0.583850652354813,-0.057811097125888035,-2.7265107084660127,-0.7142565846443176,-0.018858840689063072,-0.23000000417232513,0.0
28.65,228.0876425229728,227.66733750883643,-0.7947681271392332,302.4377863457489,0.01705924763640142,0.5870106721077157,-0.05765131282887089,-2.7267983604256214,-0.7154630422592163,-0.018492644652724266,-0.23000000417232513,0.0
28.724999999999998,228.956257164968,228.5358747331724,-0.7516428112706018,302.4388507233143,0.011321463117267342,0.5901468885871504,-0.05745888766410601,-2.727084359970098,-0.7166644334793091,-0.01812482438981533,-0.23000000417232513,0.0
28.799999999999997,229.8248750228891,229.40441523628326,-0.7082592222058893,302.43948440262784,0.0055740475086416726,0.5932600061453956,-0.057235804806797824,-2.727368498280232,-0.717860996723175,-0.01775541342794895,-0.23000000417232513,0.0
28.875,230.693496052321,230.27295891175575,-0.6646185964240058,302.4396866905645,-0.00018223231044699542,0.5963508259473486,-0.056984569396923396,-2.727650595342915,-0.7190524935722351,-0.017384475097060204,-0.23000000417232513,0.0
28.95,231.5621202624672,231.1415057205757,-0.6207221406674671,302.43945694605736,-0.0059466114587930765,0.5994202315706807,-0.0567081584313237,-2.7279305043253914,-0.7202389240264893,-0.017012016847729683,-0.23000000417232513,0.0
29.025,232.43074771521944,232.01005567816472,-0.576571057435628,302.4387945931203,-0.011718333631831323,0.6024691729627865,-0.056409962212541666,-2.728208112596397,-0.7214202880859375,-0.016638116911053658,-0.23000000417232513,0.0
29.099999999999998,233.2993785243254,232.87860885956695,-0.5321665194905988,302.437699111093,-0.017496650032026814,0.6054986497962251,-0.05609371970977329,-2.728483342006218,-0.7225965261459351,-0.016262808814644814,-0.23000000417232513,0.0
29.174999999999997,234.16801285467048,233.7471653787085,-0.48750970384784653,302.43617002486917,-0.023280819888377075,0.6085096941400371,-0.05576344882808148,-2.7287561496778054,-0.7237676382064819,-0.015886135399341583,-0.23000000417232513,0.0
29.25,235.0366509216493,234.61572542209925,-0.4426017535379013,302.43420693744565,-0.02907011582853441,0.61150335268477,-0.055423372688659926,-2.7290265273531427,-0.7249336838722229,-0.015508143231272697,-0.23000000417232513,0.0
29.325,235.90529299060609,235.4842892073536,-0.3974438243420167,302.43180948109875,-0.03486381858248047,0.614480669502556,-0.05507784367616962,-2.72929450026069,-0.7260945439338684,-0.01512889750301838,-0.23000000417232513,0.0
29.4,236.7739393763508,236.3528570298556,-0.3520370253097511,302.4289773531882,-0.04066120853586172,0.6174426690692882,-0.05473126640873229,-2.7295601270611045,-0.7272500991821289,-0.014748437330126762,-0.23000000417232513,0.0
29.474999999999998,237.64259044274823,237.22142921349857,-0.30638250373575315,302.42571030315366,-0.046461575053365095,0.620390339083136,-0.05438802017509196,-2.7298234978751363,-0.728400468826294,-0.014366816729307175,-0.23000000417232513,0.0
29.549999999999997,238.51124660235294,238.09000614957571,-0.26048137292916834,302.4220081357371,-0.05226422517110407,0.6233246144449214,-0.05405238289312484,-2.7300847298921775,-0.7295457124710083,-0.01398410089313984,-0.23000000417232513,0.0
29.625,239.3799083160809,238.95858827344534,-0.21433475895128173,302.41787070449345,-0.0580684688846809,0.6262463634193602,-0.05372845878435666,-2.7303439650055434,-0.7306855916976929,-0.013600335456430912,-0.23000000417232513,0.0
29.7,240.24857609291374,239.8271760878624,-0.16794377937252508,302.41329792156785,-0.06387362143363659,0.6291563741451325,-0.05342010976822775,-2.7306013684809893,-0.7318202257156372,-0.013215574435889721,-0.23000000417232513,0.0
29.775,241.11725048960898,240.69577011891093,-0.12130955601498752,302.40828973813905,-0.06967901111953902,0.6320553427796074,-0.05313089138093884,-2.7308571234752086,-0.7329496145248413,-0.012829889543354511,-0.23000000417232513,0.0
29.849999999999998,241.98593211040526,241.5643709600686,-0.07443323195366319,302.4028461509397,-0.0754839649619318,0.6349438642962553,-0.05286399568408746,-2.7311114275064163,-0.7340735197067261,-0.01244333479553461,-0.23000000417232513,0.0
29.924999999999997,242.85462160673396,242.43297925665865,-0.027315924774560477,302.39696724133864,-0.08128782252683123,0.6378224237688005,-0.05262220079239477,-2.731364489626866,-0.7351922392845154,-0.012055965140461922,-0.23000000417232513,0.0
30.0,243.72331967690607,243.30159570065962,0.020041213938347832,302.3906531004345,-0.08708992987263607,0.640691391048875,-0.05240782819692112,-2.7316165238591017,-0.7363054752349854,-0.011667822487652302,-0.23000000417232513,0.0
30.075,244.5920270657425,244.1702210255232,0.06763702409834094,302.38390389093047,-0.09288963929695518,0.6435510167717161,-0.052222709316419196,-2.7318677470488026,-0.7374134063720703,-0.011279004625976086,-0.23000000417232513,0.0
30.15,245.4607445641757,245.03885601654295,0.11547033286570893,302.3767198080691,-0.09868631208916966,0.6464014307812647,-0.0520681603440827,-2.7321183734595453,-0.7385159134864807,-0.010889535769820213,-0.23000000417232513,0.0
30.224999999999998,246.3294730088016,245.90750150567146,0.16353997164475234,302.3691011056676,-0.10447931086711512,0.6492426429068673,-0.05194496694856951,-2.7323686115066375,-0.7396129369735718,-0.010499478317797184,-0.23000000417232513,0.0
30.299999999999997,247.19821328135333,246.7761583767007,0.21184473784124094,302.3610480928651,-0.11026800542924449,0.6520745452612364,-0.05185337791650536,-2.7326186598471303,-0.7407045364379883,-0.01010889746248722,-0.23000000417232513,0.0
30.375,248.06696630811484,247.64482755230532,0.26038343310580475,302.3525611080836,-0.11605177894129719,0.6548969166827474,-0.05179310825019145,-2.732868702637758,-0.741790771484375,-0.009717840701341629,-0.23000000417232513,0.0
30.45,248.93573305924687,248.5135099992228,0.3091548250913926,302.3436405418165,-0.1218300145854826,0.657709429979142,-0.05176335206116605,-2.73311890650985,-0.7428714036941528,-0.009326379746198654,-0.23000000417232513,0.0
30.525,249.80451454805035,249.38220672566555,0.35815768569553014,302.3342868333584,-0.1276021044352966,0.6605116596759235,-0.05176280403304544,-2.7333694190292026,-0.7439466714859009,-0.008934540674090385,-0.23000000417232513,0.0
30.599999999999998,250.67331183012956,250.25091878390973,0.40739076131627866,302.32450046431404,-0.1333674425947769,0.6633030924698853,-0.05178968893686782,-2.733620364163615,-0.7450162768363953,-0.00854240357875824,-0.23000000417232513,0.0
30.674999999999997,251.54212600248,251.11964726770353,0.4568527771016264,302.31428197162313,-0.13912543320040432,0.6660831379568002,-0.05184179933654365,-2.7338718416706245,-0.7460805177688599,-0.008149996399879456,-0.23000000417232513,0.0
30.75,252.4109582024984,251.9883933096798,0.5065424794408554,302.3036319247358,-0.14487548804244288,0.6688511415774219,-0.05191653982736874,-2.734123923449919,-0.7471391558647156,-0.007757366169244051,-0.23000000417232513,0.0
30.825,253.2798096068945,252.8571580735711,0.5564585594814401,302.2925509321726,-0.15061702366134955,0.6716063980558711,-0.052010978155756615,-2.734376654079802,-0.748192310333252,-0.007364573422819376,-0.23000000417232513,0.0
30.9,254.14868143053275,253.72594276717982,0.6065997381097996,302.28103967078823,-0.15634946489675797,0.674348165559584,-0.052121900797497775,-2.734630049320375,-0.7492399215698242,-0.006971650291234255,-0.23000000417232513,0.0
30.974999999999998,255.01757492520397,254.59474863200168,0.6569646937175875,302.26909883370627,-0.1620722390734684,0.6770756805632627,-0.05224587304352647,-2.73488409629778,-0.7502819299697876,-0.006578634027391672,-0.23000000417232513,0.0
31.049999999999997,255.88649137832178,255.46357693804975,0.7075521386862089,302.25672916610984,-0.16778478331063668,0.6797881723100183,-0.052379301741298095,-2.735138753894366,-0.7513184547424316,-0.006185578648000956,-0.23000000417232513,0.0
31.125,256.75543211155866,256.33242898384617,0.7583607429028703,302.24393145223985,-0.1734865383437495,0.6824848779561357,-0.05251850006004243,-2.735393952845695,-0.752349317073822,-0.005792512092739344,-0.23000000417232513,0.0
31.2,257.62439847943153,257.2013061145725,0.8093891847478968,302.23070653816285,-0.17917694751175178,0.6851650568855687,-0.05265975310568306,-2.7356495984196707,-0.7533745765686035,-0.005399479065090418,-0.23000000417232513,0.0
31.275,258.49339186785943,258.0702096805973,0.860636163846589,302.217055282968,-0.1848554654870042,0.6878280042283933,-0.05279938253838579,-2.7359055711156586,-0.7543942928314209,-0.005006485152989626,-0.23000000417232513,0.0
31.349999999999998,259.3624136926729,258.9391410789461,0.912100367071825,302.20297859452967,-0.19052155786886774,0.6904730640136758,-0.05293381010004179,-2.7361617281391464,-0.7554084658622742,-0.004613593686372042,-0.23000000417232513,0.0
31.424999999999997,260.2314653980993,259.8081017247878,0.9637804642980663,302.1884774393343,-0.19617470203732823,0.6930996411981495,-0.053059618775723474,-2.736417906434612,-0.7564171552658081,-0.004220828879624605,-0.23000000417232513,0.0
31.5,261.1005484552529,260.677093059217,1.015675163638918,302.1735527968649,-0.20181437447594744,0.6957072131141759,-0.05317361033060566,-2.736673926061715,-0.7574201226234436,-0.0038281981833279133,-0.23000000417232513,0.0
31.575,261.96966436061535,261.5461165440663,1.0677831817039358,302.1582056986658,-0.2074400597270218,0.6982953382457536,-0.05327285778130643,-2.7369295942981737,-0.7584176063537598,-0.003435748163610697,-0.23000000417232513,0.0
31.65,262.8388146345178,262.41517366449534,1.120103213854585,302.142437218592,-0.21305124991197766,0.7008636642964157,-0.05335475208487771,-2.7371847067811834,-0.7594094276428223,-0.0030435104854404926,-0.23000000417232513,0.0
31.724999999999998,263.70800081966627,263.28426592640625,1.1726340021902568,302.1262484500239,-0.2186474411197607,0.7034119344041954,-0.05341704330319782,-2.7374390525036407,-0.7603956460952759,-0.00265148701146245,-0.23000000417232513,0.0
31.799999999999997,264.5772244796984,264.15339485902996,1.225374284558685,302.1096405546814,-0.22422814435905905,0.7059399912108498,-0.053457874279396946,-2.737692416571786,-0.7613763809204102,-0.0022597224451601505,-0.23000000417232513,0.0
31.875,265.44648719777797,265.0225619993756,1.2783228158031872,302.09261469752846,-0.22979287908043225,0.7084477799705948,-0.05347580758740934,-2.737944583068884,-0.7623515129089355,-0.0018682278459891677,-0.23000000417232513,0.0
31.95,266.3157905752449,265.8917689181542,1.3314783847562663,302.0751720988528,-0.23534117438755672,0.7109353492986636,-0.05346984490720002,-2.7381953398938417,-0.7633211612701416,-0.0014770444249734282,-0.23000000417232513,0.0
32.025,267.18513623033664,266.7610171886677,1.384839771751924,302.0573140049778,-0.2408725632258848,0.713402850607314,-0.05343943818276129,-2.738444481674698,-0.764285147190094,-0.0010861590271815658,-0.23000000417232513,0.0
32.1,268.0545257969749,267.6303083997735,1.4384057783680062,302.0390417077856,-0.24638659346307074,0.7158505347715823,-0.05338449271531661,-2.7386918135235248,-0.7652437686920166,-0.0006956275319680572,-0.23000000417232513,0.0
32.175,268.92396092362736,268.499644163663,1.4921752486708915,302.02035652193445,-0.25188281908001936,0.7182787484016353,-0.05330536234070919,-2.7389371524167934,-0.7661967277526855,-0.00030543876346200705,-0.23000000417232513,0.0
32.25,269.7934432722444,269.3690261003049,1.546147035224327,302.0012598108983,-0.25736079912568033,0.7206879276533847,-0.053202837305967164,-2.739180332418327,-0.7671442031860352,8.434208575636148e-05,-0.23000000417232513,0.0
32.324999999999996,270.6629745172912,270.2384558581819,1.6003199948380513,301.9817529381339,-0.2628201063563948,0.7230785905412018,-0.05307812384617328,-2.7394212055349314,-0.7680861949920654,0.0004737131530418992,-0.23000000417232513,0.0
32.4,271.5325563448827,271.10793507541206,1.654693018315803,301.9618373289554,-0.2682603230566304,0.7254513283895787,-0.05293281749032381,-2.739659643834042,-0.7690227031707764,0.0008626539492979646,-0.23000000417232513,0.0
32.475,272.4021904519953,271.9774654212209,1.7092650134543563,301.9415144379391,-0.2736810337051491,0.7278067962560264,-0.0527688699337906,-2.7398955419046316,-0.7699536085128784,0.001251143985427916,-0.23000000417232513,0.0
32.55,273.2718785457702,272.8470485674267,1.7640348922993092,301.92078573920253,-0.27908184236071554,0.730145701182596,-0.052588549731118,-2.7401288181477415,-0.7708792686462402,0.001639146008528769,-0.23000000417232513,0.0
32.625,274.1416223428953,273.7166862039984,1.8190016178835784,301.89965273613234,-0.2844623534861844,0.7324687917471063,-0.052394398428489496,-2.740359414023898,-0.7717992067337036,0.0020266338251531124,-0.23000000417232513,0.0
32.699999999999996,275.0114235690888,274.58638002867747,1.8741641192463632,301.8781169679296,-0.28982217700539925,0.7347768452235295,-0.052189182801160076,-2.740587298148338,-0.7727137804031372,0.002413590904325247,-0.23000000417232513,0.0
32.775,275.88128395867164,275.4561317443958,1.9295213806647058,301.85617999981787,-0.29516094603363086,0.7370706546319741,-0.051975842534654725,-2.74081246268119,-0.7736230492591858,0.0027999854646623135,-0.23000000417232513,0.0
32.85,276.7512052542009,276.3259430825986,1.9850723821634235,301.83384342631007,-0.3004782988737221,0.7393510170314533,-0.05175743730194156,-2.7410349232910756,-0.774526834487915,0.003185791429132223,-0.23000000417232513,0.0
32.925,277.6211892061698,277.19581577213967,2.040816112265835,301.8111088549249,-0.30577387359161945,0.741618721117808,-0.051537092157735304,-2.7412547209911673,-0.775425136089325,0.0035709752701222897,-0.23000000417232513,0.0
33.0,278.49123757277624,278.0657515600208,2.096751584987924,301.7879779550358,-0.3110473188109769,0.7438745345372341,-0.051317941615974756,-2.7414719199621125,-0.7763180732727051,0.003955505322664976,-0.23000000417232513,0.0
33.074999999999996,279.36135211958435,278.935752198427,2.1528778058468947,301.7644523797194,-0.31629830174341983,0.7461191918602247,-0.051103074606609095,-2.7416866041534713,-0.777205765247345,0.00433936296030879,-0.23000000417232513,0.0
33.15,280.231534619918,279.80581944991343,2.2091937931061403,301.740533837386,-0.3215264977822423,0.7483533849508874,-0.05089548173523311,-2.7418988761859477,-0.7780880928039551,0.0047225127927958965,-0.23000000417232513,0.0
33.225,281.1017868542258,280.67595509258905,2.265698573525573,301.7162240462021,-0.3267315786017862,0.7505777524636401,-0.05069800503485229,-2.7421088564147613,-0.7789649367332458,0.005104906391352415,-0.23000000417232513,0.0
33.3,281.9721106101898,281.5461609123379,2.3223911611169292,301.6915247438601,-0.33191322363197157,0.7527928708649839,-0.05051329006240379,-2.742316681080594,-0.7798364758491516,0.0054865344427526,-0.23000000417232513,0.0
33.375,282.84250768268106,282.4164387054147,2.3792705911363563,301.6664377103607,-0.33707112522296184,0.7549992464797615,-0.05034374198598297,-2.742522497240925,-0.7807027101516724,0.005867359694093466,-0.23000000417232513,0.0
33.449999999999996,283.7129798737083,283.28679027066426,2.436335877594174,301.64096473546033,-0.34220498965370405,0.7571973091059349,-0.05019148724661531,-2.7427264602313994,-0.7815637588500977,0.00624734116718173,-0.23000000417232513,0.0
33.525,284.58352899236434,284.1572174302635,2.493586059992805,301.6151076316992,-0.3473145237064667,0.7593874077843166,-0.0500583407811138,-2.7429287313567614,-0.7824193835258484,0.006626460235565901,-0.23000000417232513,0.0
33.6,285.4541568547539,285.02772200120216,2.5510201523405884,301.5888682311338,-0.35239943490798575,0.7615698070600796,-0.049945778836020596,-2.743129476633841,-0.7832697033882141,0.007004670333117247,-0.23000000417232513,0.0
33.675,286.32486528390984,285.89830582120777,2.608637172892704,301.56224839186916,-0.3574594509941054,0.7637446842376285,-0.04985491720648098,-2.743328861539112,-0.7841149568557739,0.007381943520158529,-0.23000000417232513,0.0
33.75,287.1956561096794,286.7689707280064,2.66643612715701,301.5352499980304,-0.36249430608008615,0.765912129829989,-0.04978649712068711,-2.743527047052338,-0.7849549055099487,0.007758259307593107,-0.23000000417232513,0.0
33.824999999999996,288.0665311685628,287.6397185671019,2.7244160333878367,301.5078749467657,-0.3675037335232066,0.7680721487720108,-0.04974087810350219,-2.743724189776329,-0.7857896089553833,0.008133584633469582,-0.23000000417232513,0.0
33.9,288.9374923034974,288.51055119695616,2.78257588434345,301.4801251384629,-0.37248746858380644,0.7702246628736733,-0.04971803654923103,-2.7439204384826845,-0.7866190075874329,0.008507879450917244,-0.23000000417232513,0.0
33.975,289.80854136360824,289.38147047343847,2.840914668533291,301.4520025288534,-0.37744526281508983,0.7723695140823273,-0.0497175710252332,-2.744115930731668,-0.7874433994293213,0.00888112373650074,-0.23000000417232513,0.0
34.05,290.6796802039014,290.2524782705645,2.899431387212143,301.42350906389083,-0.3823768716970997,0.7745064706430196,-0.04973871455285879,-2.7443107893746888,-0.7882624864578247,0.009253295138478279,-0.23000000417232513,0.0
34.125,291.55091068488895,291.12357645456933,2.9581250033936617,301.3946467090518,-0.38728205554658307,0.77663523333045,-0.04978035344561943,-2.7445051232336355,-0.7890765070915222,0.009624354541301727,-0.23000000417232513,0.0
34.199999999999996,292.42223467215496,291.9947669020599,3.016994509834133,301.3654174753856,-0.3921605786660431,0.7787554432841495,-0.049841051081035606,-2.7446990237402455,-0.7898852825164795,0.00999428890645504,-0.23000000417232513,0.0
34.275,293.29365403586536,292.86605149482375,3.0760388652964052,301.3358233511399,-0.39701221743639337,0.7808666900234809,-0.04991907737845002,-2.7448925641527766,-0.7906891107559204,0.01036306656897068,-0.23000000417232513,0.0
34.35,294.1651706502111,293.7374321146488,3.135257032792438,301.3058663701472,-0.40183675051446244,0.782968521472756,-0.0500124428784674,-2.745085797199021,-0.7914876937866211,0.010730680078268051,-0.23000000417232513,0.0
34.425,295.03678639278814,294.6089106459148,3.1946479710847973,301.2755485759785,-0.4066339604780495,0.7850604535214387,-0.05011893721685234,-2.745278756660712,-0.7922812700271606,0.011097097769379616,-0.23000000417232513,0.0
34.5,295.90850314390815,295.48048897041065,3.2542106516836586,301.2448720187231,-0.4114036362993346,0.7871419804297214,-0.050236170111701284,-2.745471455236463,-0.7930697202682495,0.011462284252047539,-0.23000000417232513,0.0
34.574999999999996,296.78032278588006,296.3521689802902,3.3139440121051975,301.2138387810155,-0.4161455727536175,0.7892125852951166,-0.05036161554060923,-2.7456638853772075,-0.7938531637191772,0.011826260015368462,-0.23000000417232513,0.0
34.65,297.65224720223796,297.22395255734165,3.373847019610482,301.1824509389735,-0.42085957314077604,0.7912717506703681,-0.050492657272854395,-2.745856019011348,-0.7946316003799438,0.012188997119665146,-0.23000000417232513,0.0
34.725,298.5242782768923,298.0958415807602,3.4339186287135357,301.15071060126365,-0.42554544248001563,0.7933189693122735,-0.05062663576163904,-2.7460478086276097,-0.7954049706459045,0.012550454586744308,-0.23000000417232513,0.0
34.8,299.3964178932644,298.9678379349249,3.4941577939278177,301.1186198863097,-0.4302029893327519,0.7953537541567852,-0.050760894867277334,-2.74623918909436,-0.7961733341217041,0.012910639867186546,-0.23000000417232513,0.0
34.875,300.26866793342316,299.8399434990321,3.554563482514678,301.086180919041,-0.43483203991709163,0.7973756474267244,-0.050892827499809,-2.746430077847846,-0.7969369292259216,0.013269571587443352,-0.23000000417232513,0.0
