time_s,forward_ft,position_error_ft,forward_speed_fps,cross_track_ft,lateral_speed_fps,altitude_ft,vertical_speed_fps,heading_error_deg,pitch_deg,roll_deg,action0,action1,action2,action3,physical_aileron_cmd,stop_hold_s,lateral_hold_s,full_hover_hold_s
0.075,81.43142128168283,218.56857871831716,10.241926606809754,-3.4789986199841225,-0.1552091173672208,298.64773187874516,0.2460844844155606,-0.0398980111687608,-0.8194287730552774,-2.7304414829114045,-0.24459917843341827,-0.7193430662155151,-0.17819257080554962,0.0020026827696710825,0.18631699315905573,0.0,0.075,0.0
0.15,82.20044798198364,217.79955201801636,10.260970092191867,-3.4924706130950356,-0.15066661741290455,298.6673200511582,0.2771847453047763,-0.04098469340969279,-0.7893252684325449,-2.732939158133223,-0.25245773792266846,-0.8030818104743958,-0.183927983045578,0.001922555617056787,0.18616787244081498,0.0,0.15,0.0
0.22499999999999998,82.9709322171429,217.0290677828571,10.280645505204438,-3.5057315975127152,-0.1466883469687601,298.68937904964923,0.31119946387323183,-0.04150992104185353,-0.7435404067791864,-2.7396088822586364,-0.263497531414032,-0.9172133803367615,-0.21068355441093445,0.0018083391478285193,0.1854722275853157,0.0,0.22499999999999998,0.0
0.3,83.74288617451425,216.25711382548576,10.300069487516062,-3.5188138847887913,-0.14340083410641666,298.71400121379975,0.34529157119264164,-0.04050441582419805,-0.6901806794052692,-2.7485941457871186,-0.2718828320503235,-0.9814358949661255,-0.2339158058166504,0.0017250659875571728,0.1848681890487671,0.0,0.3,0.0
0.375,84.51624199128703,215.48375800871298,10.318198000740491,-3.5317440371834508,-0.14084792750068148,298.7411523813521,0.378567731130021,-0.03754515707322982,-0.634532274979585,-2.7581214182745,-0.27823710441589355,-1.0,-0.24497048556804657,0.0016734610544517636,0.1845807673752308,0.0,0.375,0.0
0.44999999999999996,85.29087397152725,214.70912602847275,10.334456112950164,-3.5445454408033723,-0.139003254988482,298.77076040761995,0.4107947954872569,-0.032543281605957895,-0.5791873974351545,-2.767225155174851,-0.2835361361503601,-1.0,-0.24798141419887543,0.0016400396125391126,0.18450248323082924,0.0,0.45,0.0
0.525,86.06662638440926,213.93337361559074,10.348555099524727,-3.557238219407593,-0.13780509262010046,298.80274526955554,0.4419542576997145,-0.025587733549141293,-0.5251162634709022,-2.7754905457279375,-0.28833597898483276,-1.0,-0.24686120450496674,0.0016141962260007858,0.18453160868287088,0.0,0.525,0.0
0.6,86.84333004620329,213.15666995379672,10.360411993988404,-3.569839227720988,-0.13717761199002185,298.83702766978604,0.47206552444260985,-0.01686469490113914,-0.47238998996312176,-2.782821215117025,-0.2929617166519165,-1.0,-0.24401013553142548,0.001589407678693533,0.18460573647618295,0.0,0.6,0.0
0.6749999999999999,87.6208154754389,212.37918452456108,10.370074359957247,-3.582362057120671,-0.13703705670119376,298.87352958329075,0.5011435612102404,-0.006606768725246556,-0.42082598573119834,-2.7892650783887176,-0.29755377769470215,-1.0,-0.2408396154642105,0.0015631597489118576,0.18468816999793053,0.0,0.6749999999999999,0.0
0.75,88.39891833640831,211.60108166359169,10.377615386366674,-3.594817150956662,-0.1372961519666529,298.91217403939527,0.5292028998590924,0.004931869093901461,-0.3703059538004182,-2.7948926343955023,-0.30211493372917175,-1.0,-0.23783473670482635,0.0015357378870248795,0.18476629684567453,0.0,0.7499999999999999,0.0
0.825,89.17747946766251,210.82252053233748,10.383092759030935,-3.6072119660211155,-0.13786734564210873,298.9528852975204,0.5562612275722965,0.017483050151897522,-0.32080621333034015,-2.799756838762573,-0.30661457777023315,-1.0,-0.23498477041721344,0.0015079595614224672,0.18484039596915247,0.0,0.8249999999999998,0.0
0.8999999999999999,89.95634368181075,210.04365631818925,10.38654974827606,-3.61955129110032,-0.13866448216060212,298.99558899030126,0.582338060576106,0.030767311777641394,-0.2723416335726211,-2.8038979677822864,-0.3110363483428955,-1.0,-0.23221229016780853,0.0014802662190049887,0.184912480455637,0.0,0.8999999999999998,0.0
0.975,90.73535902154177,209.26464097845823,10.388025257508648,-3.631837535832782,-0.13960379958773445,299.0402122440687,0.6074524649311275,0.04449742491683145,-0.224927113762532,-2.80735541562389,-0.3153795003890991,-1.0,-0.2295183688402176,0.0014527703169733286,0.18498252241015434,0.0,0.9749999999999998,0.0
1.05,91.51437667145677,208.48562332854323,10.38755919155737,-3.6440710408845063,-0.14060486050999974,299.08668353560506,0.6316219875696096,0.058383325971679834,-0.178568678039449,-2.8101731824978167,-0.3196489214897156,-1.0,-0.2269650548696518,0.0014254506677389145,0.18504890857338907,0.0,1.0499999999999998,0.0
1.125,92.29325106949757,207.70674893050244,10.385193142307813,-3.6562503923951892,-0.14159155987768962,299.1349326075633,0.6548626679454314,0.07213752175449763,-0.1332671357144739,-2.8124001476113163,-0.3238491415977478,-1.0,-0.22462978959083557,0.0013982784003019333,0.18510962547063828,0.0,1.1249999999999998,0.0
1.2,93.07183996913082,206.92816003086918,10.380969518604827,-3.6683726726824055,-0.1424931416826451,299.18489037410654,0.6771894123636517,0.08548030706065658,-0.08902199641857975,-2.814088713981702,-0.3279833197593689,-1.0,-0.22258132696151733,0.0013712248764932156,0.18516288549900056,0.0,1.1999999999999997,0.0
1.275,93.85000445486607,206.14999554513395,10.374930871498693,-3.680433778926432,-0.14324514182435719,299.23648880372957,0.6986163030839884,0.09814460526437349,-0.04583265509019158,-2.8152936100152517,-0.33205413818359375,-1.0,-0.22087536752223969,0.0013442460913211107,0.18520724044442177,0.0,1.2749999999999997,0.0
1.3499999999999999,94.62760895518402,205.37239104481597,10.367119678603633,-3.6924287206092496,-0.14379021095772615,299.2896609355762,0.7191567519537057,0.10988043394798742,-0.003698000502366198,-2.816071071163825,-0.3360646367073059,-1.0,-0.21955518424510956,0.0013172735925763845,0.18524156520962717,0.0,1.3499999999999996,0.0
1.425,95.40452119585134,204.59547880414866,10.357578334344973,-3.7043518617086137,-0.14407879956176298,299.34434074921137,0.7388235736091674,0.1204589948035343,0.03738421823796186,-2.816478122377374,-0.34001803398132324,-1.0,-0.21865272521972656,0.0012902021408081055,0.1852650291442871,0.0,1.4249999999999996,0.0
1.5,96.18061222580793,203.81938777419208,10.346349145275504,-3.7161972351349086,-0.14406969687222201,299.4004632004803,0.7576290192827768,0.1296763450893772,0.07741778039009374,-2.81657180308188,-0.3439180850982666,-1.0,-0.21818755567073822,0.0012629053089767694,0.18527712355256082,0.0,1.4999999999999996,0.0
1.575,96.9557563678913,203.0442436321087,10.333474277247433,-3.7279587679285044,-0.14373041628275215,299.4579641271025,0.7755847931875242,0.13735658962786207,0.11640816824681585,-2.816408308921924,-0.34776878356933594,-1.0,-0.2181662768125534,0.0012352331541478634,0.18527767680287363,0.0,1.5749999999999995,0.0
1.65,97.729831234364,202.27016876563601,10.318995672024366,-3.739630514962415,-0.14303742050150456,299.51678021938824,0.7927020787416518,0.14335453645881127,0.15436265446750727,-2.8160421167829557,-0.3515741229057312,-1.0,-0.21858228743076324,0.0012070122174918652,0.18526686052680016,0.0,1.6499999999999995,0.0
1.7249999999999999,98.50271769578323,201.49728230421675,10.302954956966317,-3.7512068841416375,-0.14197618344430296,299.576849000724,0.8089915583477644,0.14755777456920893,0.1912903644161396,-2.815525145672462,-0.35533833503723145,-1.0,-0.21941594779491425,0.001178050646558404,0.18524518535733223,0.0,1.7249999999999994,0.0
1.7999999999999998,99.27429985246633,200.72570014753367,10.285393358159748,-3.7626828276099182,-0.14054108935687024,299.6381087657287,0.8244634364575107,0.14988814565406725,0.22720231943017785,-2.8149059762829256,-0.35906553268432617,-1.0,-0.22063548862934113,0.001148149138316512,0.18521347729563714,0.0,1.7999999999999994,0.0
1.875,100.0444649981871,199.9555350018129,10.26635161894509,-3.774053964969923,-0.13873517551466744,299.7004985672652,0.8391274471937227,0.1503025933499705,0.2621114499516884,-2.8142291579849728,-0.3627602458000183,-1.0,-0.22219860553741455,0.0011170972138643265,0.18517283625602723,0.0,1.8749999999999993,0.0
1.95,100.81310361238361,199.1868963876164,10.245869923069026,-3.7853167277520714,-0.13656972351426466,299.763958161092,0.8529928865274976,0.14879338431186903,0.2960325713365516,-2.8135346241475854,-0.36642640829086304,-1.0,-0.22405380010604858,0.001084678340703249,0.18512460119724275,0.0,1.9499999999999993,0.0
2.025,101.58010926941958,198.41989073058042,10.223987822967667,-3.796468482628771,-0.13406371186455268,299.82842799611126,0.8660686371472062,0.1453877065754328,0.32898232150806306,-2.8128572184437868,-0.37006837129592896,-1.0,-0.22614175081253052,0.0010506752878427505,0.1850703144788742,0.0,2.0249999999999995,0.0
2.1,102.34537892890178,197.65462107109823,10.200754914490805,-3.807507561189888,-0.13124286730855295,299.8938491102422,0.8783611572400802,0.14014713123539846,0.360969310553537,-2.8122257840289726,-0.37369000911712646,-0.9980968236923218,-0.22839771211147308,0.001014887122437358,0.1850116594851017,0.0,2.0999999999999996,0.0
2.175,103.10881396477046,196.89118603522954,10.176233938319703,-3.81843320056767,-0.1281378779709923,299.96016295468735,0.8898759497850974,0.13316823548890425,0.39194732662187004,-2.811655834553604,-0.37728625535964966,-0.99269038438797,-0.2307330220937729,0.0009773366618901491,0.18495094142556193,0.0,2.175,0.0
2.25,103.87032047895455,196.12967952104543,10.150474552220047,-3.829245496730819,-0.12478337713228652,300.0273115631544,0.9006235945720346,0.12458084180502631,0.4218051212236791,-2.811141142484279,-0.3808411955833435,-0.9857208132743835,-0.23297150433063507,0.0009383344440720975,0.18489274088740348,0.0,2.25,0.0
2.3249999999999997,104.62980795346974,195.37019204653026,10.12351591320124,-3.839945255618437,-0.12121802195387532,300.0952378545021,0.9106160517055515,0.11454161807679412,0.4504428052955935,-2.8106632273439205,-0.38435500860214233,-0.9769424796104431,-0.23491519689559937,0.0008978640544228256,0.18484220488071443,0.0,2.325,0.0
2.4,105.3871892918974,194.6128107081026,10.09540356122583,-3.8505339506534657,-0.11748315932804085,300.1638855904248,0.9198636174163948,0.10323009319551127,0.4777914317180332,-2.8102038633290976,-0.38784104585647583,-0.9664599299430847,-0.23649908602237701,0.000855602731462568,0.1848010237634182,0.0,2.4000000000000004,0.0
2.475,106.14238127043659,193.8576187295634,10.06618942564118,-3.8610135613258576,-0.11362166495265832,300.23319923224926,0.9283750048352868,0.09084586737830583,0.5037997030240084,-2.809745983229312,-0.39130908250808716,-0.954323947429657,-0.23770751059055328,0.0008113409276120365,0.18476960472464563,0.0,2.4750000000000005,0.0
2.55,106.89530494229562,193.10469505770436,10.035929671506372,-3.8713864245179566,-0.1096769927366712,300.30312386613605,0.9361578697638451,0.07760535082616388,0.5284224417241686,-2.8092713938450293,-0.39476460218429565,-0.9405140280723572,-0.23851750791072845,0.0007649950566701591,0.18474854479432107,0.0,2.5500000000000007,0.0
2.625,107.64588586063564,192.35411413936436,10.004683279409612,-3.8816550645645305,-0.10569223073573467,300.3736051086735,0.9432192856531564,0.06373795195221864,0.5516148126847269,-2.808759258967169,-0.39821070432662964,-0.9249734282493591,-0.23889939486980438,0.0007165667484514415,0.1847386157333851,0.0,2.625000000000001,0.0
2.6999999999999997,108.39405428077792,191.60594571922206,9.972511392829484,-3.8918220148123024,-0.101709158162863,300.4445891264204,0.9495660836792292,0.049481923167935496,0.5733302670595324,-2.808185764376627,-0.40164893865585327,-0.9076440930366516,-0.2388264238834381,0.0006661200313828886,0.18474051297903063,0.0,2.700000000000001,0.0
2.775,109.13974527946353,190.8602547205365,9.939477087757158,-3.901889626423111,-0.097767340993414,300.51602256431397,0.9552050848823004,0.03508004047554413,0.5935203600798973,-2.8075246251553727,-0.40507984161376953,-0.8884794116020203,-0.23828518390655518,0.0006137715536169708,0.18475458521842958,0.0,2.7750000000000012,0.0
2.85,109.88289890262551,190.11710109737447,9.905645007588737,-3.911859889927502,-0.09390319949423293,300.58785261073353,0.9601432897166646,0.020775436542080916,0.6121314442004111,-2.806747847213374,-0.40850329399108887,-0.86745285987854,-0.23728153109550476,0.0005596859264187515,0.1847806801915169,0.0,2.8500000000000014,0.0
2.925,110.62346024058309,189.37653975941691,9.871080546232232,-3.921734235524847,-0.09014919363340998,300.6600269747519,0.9643882508563895,0.006807569541717941,0.6290998578431013,-2.8058253112122165,-0.4119158983230591,-0.8444909453392029,-0.23583532869815826,0.0005041323020122945,0.1848182814538479,0.0,2.9250000000000016,0.0
3.0,111.3613795032344,188.6386204967656,9.835851315683408,-3.9315133461307936,-0.08653344870486643,300.73249395769744,0.9679479528937569,-0.006592633154556792,0.6443670732276906,-2.8047275688822753,-0.41531580686569214,-0.8196136355400085,-0.2339804768562317,0.00044734106631949544,0.18486650760173798,0.0,3.0000000000000018,0.0
3.0749999999999997,112.09661222485447,187.90338777514552,9.80002781169383,-3.9411969916844143,-0.08307917314464935,300.8052024824792,0.9708307021712205,-0.01920674267558795,0.6578813761014917,-2.8034289556724206,-0.4187021851539612,-0.7929145097732544,-0.23179689049720764,0.00038951245369389653,0.1849232808470726,0.0,3.075000000000002,0.0
3.15,112.82911943000731,187.17088056999268,9.76368275919923,-3.950783897443973,-0.07980430201100963,300.87810210655107,0.9730452737725208,-0.0308323673391608,0.6695963513901334,-2.8019085252723723,-0.4220724105834961,-0.764495313167572,-0.22938403487205505,0.00033088080817833543,0.18498601509332657,0.0,3.150000000000002,0.0
3.225,113.55886777094796,186.44113222905204,9.726890600735235,-3.960271578286709,-0.07672130058662671,300.9511430512425,0.9746010458799641,-0.04128642567543238,0.6794706485373824,-2.8001505583573647,-0.42542338371276855,-0.7344728708267212,-0.2268485426902771,0.0002716993330977857,0.1850519378900528,0.0,3.2250000000000023,0.0
3.3,114.28582959761516,185.71417040238484,9.689727154139506,-3.9696562962254043,-0.07383708659263849,301.0242762896123,0.975508086377759,-0.05040806969626519,0.6874685138017113,-2.7981449372327556,-0.42875152826309204,-0.7029837369918823,-0.224298357963562,0.00021221530914772302,0.1851182426929474,0.0,3.3000000000000025,0.0
3.375,115.00998306133185,184.99001693866813,9.652269302342384,-3.9789329286973505,-0.07115306257892762,301.09745356921394,0.9757771890029958,-0.05806119106697626,0.6935606400197778,-2.795887308318404,-0.43205344676971436,-0.6701873540878296,-0.2218361794948578,0.00015267003618646413,0.1851822593331337,0.0,3.3750000000000027,0.0
3.4499999999999997,115.73131213813352,184.26868786186648,9.614594702946524,-3.988094977065116,-0.06866525041757207,301.17062745765315,0.9754198573060828,-0.06413646464259178,0.6977251269773908,-2.793378974873532,-0.43532609939575195,-0.636263906955719,-0.21955332159996033,9.327354200650007e-05,0.18524161363840105,0.0,3.450000000000003,0.0
3.525,116.44980666506571,183.5501933349343,9.576781492264796,-3.997134498634777,-0.06636451654544956,301.2437514304743,0.9744482405415517,-0.068552897274953,0.6999484070788194,-2.790626524112985,-0.43856728076934814,-0.6014125943183899,-0.2175247073173523,3.421989094931632e-05,0.18529435760974886,0.0,3.525000000000003,0.0
3.5999999999999996,117.16546235313933,182.83453764686067,9.538907958993422,-4.006042157646633,-0.0642368744804554,301.3167798971572,0.9728750677527859,-0.07125886337653772,0.7002260732586427,-2.787641237147553,-0.44177496433258057,-0.5658493638038635,-0.2158055156469345,-2.432898327242583e-05,0.1853390565931797,0.0,3.600000000000003,0.0
3.675,117.87828074326076,182.12171925673925,9.50105218778161,-4.014807255014156,-0.062263856177107446,301.3896682304412,0.9707135663505221,-0.0722326187864467,0.6985636005684538,-2.784438367419763,-0.44494813680648804,-0.529805600643158,-0.2144300937652588,-8.2234779256396e-05,0.18537481756210328,0.0,3.6750000000000034,0.0
3.75,118.58826916734583,181.41173083265417,9.463291688584437,-4.0234177623125955,-0.06042294235718537,301.4623728085953,0.9679773529848977,-0.07148229251251309,0.6949769644898416,-2.7810363761873225,-0.4480865001678467,-0.493522584438324,-0.2134125530719757,-0.0001393835264025256,0.18540127362012865,0.0,3.7500000000000036,0.0
3.8249999999999997,119.29544065758446,180.70455934241554,9.425702991680998,-4.031860415249466,-0.05868804183671558,301.5348510544882,0.9646803430678162,-0.06904536386709446,0.6894930942690173,-2.7774561962311806,-0.4511902332305908,-0.45725125074386597,-0.21274936199188232,-0.00019568255811464041,0.18541851658821107,0.0,3.8250000000000037,0.0
3.9,119.99981385311015,180.00018614688986,9.388361255339802,-4.040120832629371,-0.057030015233808656,301.60706143233347,0.960836679731043,-0.06498764317985446,0.6821501921989293,-2.77372059493134,-0.4542599320411682,-0.42124640941619873,-0.21242307126522064,-0.00025105226086452603,0.18542700014710428,0.0,3.900000000000004,0.0
3.9749999999999996,120.70141282891159,179.2985871710884,9.351339838148093,-4.048183575822839,-0.05541723527163617,301.6789634867282,0.9564606696457534,-0.05940177784377505,0.6729978733003289,-2.7698536662221307,-0.45729655027389526,-0.38576510548591614,-0.21240602433681488,-0.00030542322201654315,0.18542744336724282,0.0,3.975000000000004,0.0
4.05,121.400266963613,178.599733036387,9.314709875726273,-4.056032331463527,-0.05381617845204917,301.750517826385,0.9515667421976909,-0.05240531615402083,0.6620971426723605,-2.7658804464588393,-0.46030110120773315,-0.35106202960014343,-0.21266424655914307,-0.00035873224260285497,0.1854207295894623,0.0,4.050000000000004,0.0
4.125,122.09641069580232,177.90358930419768,9.278539863956825,-4.063650000652877,-0.05219204290919188,301.82168615017736,0.9461694229939263,-0.044138366567271214,0.6495201956519258,-2.761826651535363,-0.4632747173309326,-0.31738635897636414,-0.21316160261631012,-0.00041092332685366273,0.18540779833197596,0.0,4.125000000000004,0.0
4.2,122.78988331663668,177.2101166833633,9.24289524522668,-4.071018902894667,-0.05050938188263762,301.89243125361736,0.9402833331597205,-0.034760896866615716,0.6353500419003029,-2.757718516493592,-0.46621817350387573,-0.2849782109260559,-0.21386155486106873,-0.0004619326791726053,0.18538959957361223,0.0,4.200000000000005,0.0
4.2749999999999995,123.48072871061736,176.51927128938263,9.207838007321334,-4.07812086954706,-0.04873274865747443,301.96271703213824,0.9339231856657505,-0.024449723475743406,0.6196799642238504,-2.7535826817856237,-0.4691324830055237,-0.25406575202941895,-0.2147304117679596,-0.000511700811330229,0.18536700929403305,0.0,4.275000000000005,0.0
4.35,124.16899504710057,175.83100495289943,9.173426299211332,-4.084937456244327,-0.04682734051785026,302.03250849086544,0.9271037795438937,-0.013395246253289769,0.6026128330900655,-2.7494461212245738,-0.47201842069625854,-0.22486251592636108,-0.21573729813098907,-0.0005601696320809424,0.1853408302485943,0.0,4.350000000000005,0.0
4.425,124.8547344873682,175.1452655126318,9.13971407581214,-4.091450091583631,-0.044759631474107164,302.1017717185214,0.919840020147325,-0.0017979894528838652,0.584260292820298,-2.745336057277292,-0.474876344203949,-0.19756406545639038,-0.21685554087162018,-0.0006072745309211314,0.1853117559373379,0.0,4.425000000000005,0.0
4.5,125.53800283725973,174.46199716274026,9.106750771564482,-4.097640259798741,-0.0424979843689077,302.1704739721108,0.9121469260345313,0.010134990878829565,0.5647418212057148,-2.741279865019103,-0.4777067303657532,-0.17234653234481812,-0.21806225180625916,-0.0006529588135890663,0.18528038145303727,0.0,4.500000000000005,0.0
4.575,126.2188591946215,173.7811408053785,9.07458100146536,-4.103489666436729,-0.040013230902508384,302.23858362155124,0.9040396170703014,0.022193768839954702,0.5441837001472551,-2.7373049343387277,-0.48051005601882935,-0.1493653655052185,-0.21933789551258087,-0.0006971659022383392,0.1852472147166729,0.0,4.5750000000000055,0.0
4.6499999999999995,126.89736556305526,173.10263443694475,9.043244309727216,-4.108980433774765,-0.03727920816640695,302.3060701626978,0.8955333154798626,0.03416921353447158,0.5227179248744583,-2.7334384917270707,-0.48328644037246704,-0.12875215709209442,-0.22066578269004822,-0.0007398429443128407,0.18521268965005874,0.0,4.650000000000006,0.0
4.725,127.57358648381478,172.42641351618522,9.012774958833155,-4.1140952622460185,-0.03427324310422453,302.37290424337834,0.8866433136407141,0.045856595232944025,0.5004810346202744,-2.729707383956921,-0.48603665828704834,-0.11061518639326096,-0.2220311462879181,-0.0007809481467120349,0.18517719019651413,0.0,4.725000000000006,0.0
4.8,128.24758862363797,171.75241137636203,8.983201754696658,-4.118817579113404,-0.03097657375071891,302.4390576568844,0.8773849711148156,0.05705906883170262,0.47761291472117806,-2.7261378191164614,-0.4887605905532837,-0.09503871202468872,-0.22342057526111603,-0.0008204473997466266,0.18514106504321098,0.0,4.800000000000006,0.0
4.875,128.9194403703479,171.0805596296521,8.954547923167308,-4.123131750880837,-0.027374702661342593,302.50450337127177,0.867773695041411,0.067590974548781,0.4542555944021949,-2.722755093977521,-0.49145883321762085,-0.08208215981721878,-0.22482119500637054,-0.0008583153248764575,0.1851046489298344,0.0,4.875000000000006,0.0
4.95,129.58921142068777,170.41078857931223,8.926831035381085,-4.12702320647233,-0.023457675344447787,302.56921547724824,0.8578249119321352,0.07728090338821597,0.43055203849033435,-2.719583301572406,-0.49413156509399414,-0.07178054004907608,-0.2262205183506012,-0.0008945374866016209,0.18506826652288438,0.0,4.950000000000006,0.0
5.0249999999999995,130.25697236815387,169.74302763184613,8.90006297306836,-4.130478573158432,-0.019220279939139634,302.6331692500653,0.8475540526654196,0.08597447447800095,0.406644956302513,-2.716645047057308,-0.49677908420562744,-0.06414584070444107,-0.2276061773300171,-0.000929114583414048,0.18503223938941957,0.0,5.025000000000007,0.0
5.1,130.92279427527308,169.07720572472692,8.874249948092999,-4.133485837975621,-0.014662165385952136,302.69634111041296,0.8369765362409868,0.09353678019793246,0.38267565753767774,-2.7139611797168195,-0.4994014501571655,-0.05916601046919823,-0.228965625166893,-0.0009620575583539903,0.18499689374566078,0.0,5.100000000000007,0.0
5.175,131.58674829514032,168.41325170485968,8.849392562823917,-4.136034428418006,-0.009787877603819412,302.75870863747195,0.8261077658660066,0.09985446191152555,0.3587829389875995,-2.7115505437097625,-0.5019985437393188,-0.05680825933814049,-0.23028650879859924,-0.0009933897526934743,0.18496255077123644,0.0,5.175000000000007,0.0
5.25,132.24890525925196,167.75109474074804,8.825485918362642,-4.138115344114661,-0.004606814729212622,302.82025056563225,0.8149631295461592,0.10483738427762958,0.33510204496203916,-2.7094297648992645,-0.504569947719574,-0.05701799318194389,-0.23155653476715088,-0.0010231430642306805,0.1849295300960541,0.0,5.250000000000007,0.0
5.325,132.90933529126957,167.09066470873043,8.802519760128353,-4.139721212025825,0.0008668962731483709,302.88094677799563,0.8035579965367052,0.1084198860961998,0.31176368312350294,-2.7076130693918494,-0.5071151852607727,-0.05972294136881828,-0.23276382684707642,-0.0010513665620237589,0.18489814050197603,0.0,5.325000000000007,0.0
5.3999999999999995,133.5681073974497,166.4318926025503,8.780478664364704,-4.1408463798785515,0.006614597921216103,302.9407783128918,0.7919077217166627,0.11056158998518144,0.28889314088514434,-2.706112142950028,-0.5096333026885986,-0.0648326426744461,-0.23389728367328644,-0.0010781139135360718,0.18486867062449455,0.0,5.4000000000000075,0.0
5.475,134.22528917373117,165.77471082626883,8.75934226425221,-4.141486916134695,0.012613372257789746,302.9997273638646,0.7800276534417582,0.11124776408636826,0.26660947608547897,-2.7049360338098056,-0.512123167514801,-0.07224146276712418,-0.23494631052017212,-0.0011034526396542788,0.18484139592647553,0.0,5.475000000000008,0.0
5.55,134.88094640394453,165.11905359605547,8.739085508837318,-4.14164067368364,0.018836375477954775,303.0577772666584,0.7679331421891605,0.11048923602091536,0.24502479585802828,-2.704091081516271,-0.5145832300186157,-0.08182936161756516,-0.2359015941619873,-0.0011274546850472689,0.18481655855178833,0.0,5.550000000000008,0.0
5.625,135.535142759126,164.464857240874,8.719678945830495,-4.141307260065699,0.02525323143661648,303.11491252524866,0.7556395533597229,0.10832186679791127,0.22424362161770767,-2.703580891414006,-0.5170116424560547,-0.09346535056829453,-0.23675507307052612,-0.0011502014240249991,0.18479436810016633,0.0,5.625000000000008,0.0
5.7,136.18793949423528,163.81206050576472,8.701089035848014,-4.140488041688073,0.03183047647391571,303.17111877280786,0.7431622618523442,0.10480559952080323,0.20436236260514484,-2.703406343110413,-0.5194064974784851,-0.10700724273920059,-0.23749996721744537,-0.0011717814486473799,0.18477500085234644,0.0,5.700000000000008,0.0
5.7749999999999995,136.83939517598498,163.16060482401502,8.68327848683051,-4.13918609705493,0.03853204917227454,303.2263828074583,0.7305166426787345,0.10002310642454859,0.18546886432843096,-2.703565619972012,-0.5217656493186951,-0.12230531126260757,-0.23813070356845856,-0.0011922864941880107,0.18475860170722008,0.0,5.775000000000008,0.0
5.85,137.48956541326427,162.51043458673573,8.666206603081829,-4.1374061487522145,0.04531981611829808,303.28069259233325,0.7177180658406636,0.09407806132418553,0.16764205727257592,-2.70405426185752,-0.5240867137908936,-0.1392030119895935,-0.23864316940307617,-0.0012118143495172262,0.18474527759552004,0.0,5.8500000000000085,0.0
5.925,138.13850263162615,161.86149736837385,8.649829643532254,-4.135154525181041,0.05215412572900377,303.33403721972536,0.7047818815998997,0.08709307326611364,0.15095169906297737,-2.704865248014568,-0.5263673067092896,-0.15754035115242004,-0.23903436958789825,-0.001230461522936821,0.18473510639071467,0.0,5.925000000000009,0.0
6.0,138.7862558814843,161.2137441185157,8.634101194461211,-4.132439011817932,0.058994380793457896,303.38640695667664,0.6917233980114179,0.07920732111107981,0.13545822344341807,-2.705989099860806,-0.5286049246788025,-0.17715370655059814,-0.23930273950099945,-0.0012483263853937387,0.184728128772974,0.0,6.000000000000009,0.0
6.075,139.43287064111496,160.56712935888504,8.618972545010074,-4.129268804453115,0.06579962171301432,303.43779319289524,0.6785578538765823,0.07057393525986104,0.12121266000723792,-2.7074140095573607,-0.5307971239089966,-0.19787931442260742,-0.23944787681102753,-0.0012655062600970268,0.1847243552029133,0.0,6.075000000000009,0.0
6.1499999999999995,140.07838866892376,159.92161133107624,8.604393058527,-4.125654330711822,0.07252911137792209,303.48818846353834,0.6653003838605789,0.06135717400088803,0.10825664906995866,-2.7091259813454407,-0.5329415202140808,-0.21955421566963196,-0.23947013914585114,-0.0012820967240259051,0.18472377638220788,0.0,6.150000000000009,0.0
6.225,140.7228478997686,159.2771521002314,8.590310544356173,-4.121607169309908,0.07914291163261752,303.5375864524822,0.6519659779469675,0.05172944595922436,0.09662254305171197,-2.7111089876083936,-0.5350358486175537,-0.24201786518096924,-0.23937122523784637,-0.0012981877662241459,0.184726348143816,0.0,6.225000000000009,0.0
6.3,141.36628231536878,158.63371768463122,8.576671616015643,-4.117139897071787,0.08560244429876185,303.5859819337147,0.6385694344676915,0.0418682320642917,0.0863335878574054,-2.7133451527692007,-0.5370780825614929,-0.26511484384536743,-0.23915323615074158,-0.0013138630893081427,0.18473201586008073,0.0,6.30000000000001,0.0
6.375,142.00872189507254,157.99127810492746,8.563422047681172,-4.112265918960719,0.09187102730542848,303.633370803906,0.6251253231679296,0.0319529603925123,0.07740419410124219,-2.715814945507219,-0.5390660762786865,-0.28869402408599854,-0.238819420337677,-0.0013292009243741632,0.1847406950712204,0.0,6.37500000000001,0.0
6.45,142.65019256143714,157.34980743856286,8.550507112717945,-4.106999332101399,0.09791437784910803,303.679750014051,0.6116479301619673,0.02216189045291642,0.06984025548174772,-2.718497395869554,-0.5409983396530151,-0.3126123547554016,-0.23837333917617798,-0.001344270072877407,0.1847522931814194,0.0,6.45000000000001,0.0
6.5249999999999995,143.29071615691458,156.70928384308542,8.537871908021263,-4.101354785556828,0.10370107498050912,303.72511761504757,0.5981512102219746,0.012669058620033173,0.06363954589687926,-2.721370315441345,-0.542873203754425,-0.33673369884490967,-0.23781950771808624,-0.0013591281604021788,0.18476669279932978,0.0,6.52500000000001,0.0
6.6,143.9303104412812,156.0696895587188,8.52546165398001,-4.095347280619946,0.10920297521255262,303.76947266004936,0.5846487415099276,0.0036413364891692774,0.05879216668386049,-2.7244105416846462,-0.5446895360946655,-0.36093294620513916,-0.2371625304222107,-0.0013738261768594384,0.18478377420902253,0.0,6.60000000000001,0.0
6.675,144.56898912534507,155.43101087465493,8.513221983687792,-4.088992085835141,0.11439557407968617,303.81281521750316,0.5711536905419573,-0.004764349534138262,0.055281071681091844,-2.7275941851802976,-0.5464459657669067,-0.38509270548820496,-0.2364078015089035,-0.001388403121381998,0.18480339716076852,0.0,6.6750000000000105,0.0
6.75,145.20676190985333,154.79323809014667,8.501099210224973,-4.082304507550647,0.11925830756957395,303.85514631906517,0.5576787570209801,-0.012403588979527874,0.053082598738203285,-2.730896897548984,-0.5481420755386353,-0.4091080129146576,-0.23556122183799744,-0.001402885653078556,0.18482540823221208,0.0,6.750000000000011,0.0
6.825,145.84363452697522,154.15636547302478,8.489040568621682,-4.075299809190026,0.12377479080155956,303.8964679335795,0.5442361366587724,-0.019146810006497428,0.05216706263805849,-2.7342941394594127,-0.5497770309448242,-0.4328843355178833,-0.2346290498971939,-0.0014172932133078575,0.18484964470267295,0.0,6.825000000000011,0.0
6.8999999999999995,146.4796088673349,153.5203911326651,8.476994435409532,-4.067993054049027,0.1279329885086194,303.93678292802315,0.5308374845770464,-0.024881317304436046,0.052499369470668036,-2.737761455939438,-0.5513507127761841,-0.4563383460044861,-0.23361817002296448,-0.001431632786989212,0.18487592757940294,0.0,6.900000000000011,0.0
6.975,147.1146830422373,152.8853169577627,8.46491052866881,-4.060398973580031,0.13172531659378311,303.9760950219588,0.5174938914541819,-0.02951301247699155,0.0540396431531497,-2.741274752745433,-0.5528627634048462,-0.4793994724750519,-0.2325359284877777,-0.0014459006488323212,0.1849040658593178,0.0,6.975000000000011,0.0
7.05,147.74885148477352,152.25114851522648,8.452740077360009,-4.052531861175385,0.13514867088873259,304.01440873218553,0.5042158516270366,-0.03296777381908134,0.05674388399361766,-2.744810573282462,-0.5543134808540344,-0.502007782459259,-0.23139037191867828,-0.0014600871363654733,0.18493385033011436,0.0,7.050000000000011,0.0
7.125,148.38210512091464,151.61789487908536,8.440435981241567,-4.044405465958389,0.13820438582271755,304.0517293630128,0.4910132424350833,-0.03519247374903313,0.060564611352405706,-2.7483463706801188,-0.5557029843330383,-0.5241149067878723,-0.23019014298915863,-0.0014741707127541304,0.18496505628228188,0.0,7.1250000000000115,0.0
7.199999999999999,149.01443144469118,150.98556855530882,8.427952935200619,-4.036032924805773,0.14089812239637023,304.08806290861867,0.4778953060935976,-0.03615562324567908,0.06545150524783998,-2.751860765047106,-0.5570319294929504,-0.5456851124763489,-0.22894425690174103,-0.0014881272800266743,0.18499744932055473,0.0,7.200000000000012,0.0
7.2749999999999995,149.64581470743283,150.35418529256717,8.415247526228159,-4.02742664764245,0.14323968704964601,304.1234160595591,0.46487063191695427,-0.035847637564183535,0.07135206680177009,-2.7553337837460408,-0.5583009123802185,-0.5666918754577637,-0.22766254842281342,-0.0015019240090623498,0.18503077374100685,0.0,7.275000000000012,0.0
7.35,150.2762360344162,149.7237639655838,8.402278339353538,-4.0185983089560375,0.14524278729263806,304.15779610188156,0.4519471525922526,-0.03428072153503798,0.07821222688895277,-2.758747094764936,-0.5595107674598694,-0.5871189832687378,-0.2263553887605667,-0.0015155241126194596,0.18506475989222526,0.0,7.350000000000012,0.0
7.425,150.9056736011396,149.0943263988604,8.389006002984596,-4.009558767083065,0.14692472656023695,304.1912109073796,0.4391321474177957,-0.0314883819467345,0.08597692806721396,-2.7620842069207074,-0.5606623291969299,-0.6069605946540833,-0.22503384947776794,-0.0015288861468434334,0.18509911991357805,0.0,7.425000000000012,0.0
7.5,151.53410278107583,148.46589721892417,8.375393238682092,-4.000318064225113,0.1483060436889349,304.2236688619955,0.42643223292534443,-0.027524581137419086,0.09459069645104198,-2.7653306483996234,-0.5617568492889404,-0.6262175440788269,-0.2237093150615692,-0.0015419709961861372,0.1851335578083992,0.0,7.500000000000012,0.0
7.574999999999999,152.1614962960175,147.8385037039825,8.361404898443297,-3.9908854222161323,0.1494101052089499,304.25517882677104,0.4138533686568215,-0.022462548503512772,0.10399814557296994,-2.7684741085395403,-0.5627954602241516,-0.6448995471000671,-0.2223939597606659,-0.0015547298826277256,0.1851677570462227,0.0,7.575000000000013,0.0
7.6499999999999995,152.7878243975314,147.2121756024686,8.347007952949966,-3.981269204300291,0.1502626566380653,304.28575008251164,0.40140086440073663,-0.016393277505824175,0.11414445598100612,-2.771504549834393,-0.5637795329093933,-0.6630218029022217,-0.22109971940517426,-0.0015671239234507084,0.18520140729546547,0.0,7.650000000000013,0.0
7.725,153.4130550095177,146.5869449904823,8.332171504223412,-3.971477000129721,0.15089134144858504,304.31539228425527,0.3890793945935026,-0.009423735364453154,0.12497579271412505,-2.7744142737336555,-0.5647103786468506,-0.6806040406227112,-0.2198392003774643,-0.0015791089972481132,0.18523418079018594,0.0,7.725000000000013,0.0
7.8,154.03715389151918,145.96284610848082,8.316866756070056,-3.9615155917894915,0.15132519536743755,304.34411541896225,0.37689300212895743,-0.0016748197161429482,0.13643965351882,-2.777197958000935,-0.5655897259712219,-0.6976707577705383,-0.21862490475177765,-0.0015906441258266568,0.1852657524764538,0.0,7.800000000000013,0.0
7.875,154.6600847994201,145.3399152005799,8.301066985648179,-3.9513910855375287,0.1515941267687134,304.37192974692016,0.36484511907062417,0.006720897984304678,0.14848517463313538,-2.7798526493978364,-0.5664189457893372,-0.7142474055290222,-0.21746937930583954,-0.0016016894951462746,0.18529579613804817,0.0,7.875000000000013,0.0
7.949999999999999,155.28180963061024,144.71819036938976,8.284747500746978,-3.9411088778276047,0.15172839191412013,304.39884576597433,0.3529385974282709,0.01562160262367667,0.1610633513630485,-2.782377718162576,-0.5671995878219604,-0.7303616404533386,-0.21638475358486176,-0.0016122125089168549,0.1853239964067936,0.0,7.9500000000000135,0.0
8.025,155.9022885691293,144.0977114308707,8.267885584241373,-3.930673804043993,0.15175807223137813,304.4248741659512,0.34117570641261546,0.024878795067425442,0.17412721218411126,-2.784774764019503,-0.5679336786270142,-0.7460405826568604,-0.2153826355934143,-0.0016221808036789298,0.18535005147457123,0.0,8.025000000000013,0.0
8.1,156.52148024378513,143.47851975621487,8.250460450466509,-3.920090164013391,0.15171256624337645,304.4500257928835,0.3295581655140154,0.03433993495718228,0.18763192460153494,-2.7870474886501553,-0.5686225891113281,-0.7613092064857483,-0.2144743651151657,-0.001631571096368134,0.1853736665070057,0.0,8.100000000000012,0.0
8.174999999999999,157.13934184219494,142.86065815780506,8.232453169633672,-3.909361845241523,0.15162010312130209,304.4743115871588,0.3180871693162956,0.04385112071783432,0.2015348225007824,-2.78920154137842,-0.5692682862281799,-0.7761912941932678,-0.21367020905017853,-0.0016403562622144818,0.18539457456469538,0.0,8.175000000000011,0.0
8.25,157.75582927149404,142.24417072850596,8.213846614202089,-3.8984923654217862,0.1515072870358281,304.4977425802808,0.3067634113048705,0.05325975981113807,0.2157953966272549,-2.7912443175587343,-0.5698723196983337,-0.7907055020332336,-0.21297936141490936,-0.0016485267551615834,0.18541253660321236,0.0,8.25000000000001,0.0
8.325,158.37089726459618,141.62910273540382,8.194625398659753,-3.887485033912973,0.15139867910318325,304.52032981676666,0.2955871110365345,0.06241718431272267,0.23037520268571687,-2.793184731403479,-0.5704365372657776,-0.8048664927482605,-0.21241021156311035,-0.0016560647636651993,0.18542733449935914,0.0,8.32500000000001,0.0
8.4,158.98449951498336,141.01550048501664,8.174775809714484,-3.876342972999544,0.15131642448810884,304.54208435739974,0.2845580305825146,0.07118116637719071,0.24523772843863495,-2.7950329712432245,-0.5709627866744995,-0.8186846375465393,-0.2119697779417038,-0.001662964466959238,0.18543878577351572,0.0,8.40000000000001,0.0
8.475,159.59658879592814,140.40341120407186,8.154285755833016,-3.865069266623445,0.15127993180318622,304.56301721415457,0.27367550400699264,0.07941828966157163,0.26034823643199917,-2.796800233146814,-0.5714527368545532,-0.8321626782417297,-0.21166354417800903,-0.0016692255157977343,0.18544674785137177,0.0,8.475000000000009,0.0
8.549999999999999,160.2071170823186,139.7928829176814,8.13314471355236,-3.8536670198849334,0.15130560876957727,304.5831393436674,0.2629384659839055,0.08700614034137788,0.275673536842966,-2.798498435453725,-0.571908175945282,-0.8452988266944885,-0.21149568259716034,-0.0016748497728258371,0.18545111225247385,0.0,8.550000000000008,0.0
8.625,160.8160356335962,139.1839643664038,8.11134368206352,-3.842139456781135,0.15140665815073573,304.6024616049631,0.2523454713501546,0.09383527964087449,0.29118175353808695,-2.800139928300745,-0.572330892086029,-0.8580833077430725,-0.21146848797798157,-0.001679843058809638,0.18545181931257249,0.0,8.625000000000007,0.0
8.7,161.42329514668342,138.57670485331658,8.088875142123587,-3.830490005204918,0.15159293686235492,304.6209947431644,0.24189471817314487,0.09981096746324075,0.30684205403090586,-2.8017371972034155,-0.5727226734161377,-0.8705013990402222,-0.21158306300640106,-0.0016842215554788709,0.1854488403618336,0.0,8.700000000000006,0.0
8.775,162.02884581300557,137.97115418699443,8.06573302274203,-3.8187223479404246,0.15187088083271214,304.63874933742727,0.23158407224694408,0.10485460827708946,0.3226243908602105,-2.8033025793294555,-0.5730852484703064,-0.8825313448905945,-0.21183817088603973,-0.001687995158135891,0.18544220755696297,0.0,8.775000000000006,0.0
8.85,162.6326374662332,137.3673625337668,8.041912686793687,-3.8068405161595966,0.15224349439855447,304.65573581070885,0.2214110873870735,0.10890489932268575,0.338499225316619,-2.8048479750275535,-0.5734204053878784,-0.8941447138786316,-0.21223148703575134,-0.001691184937953949,0.18543198133707048,0.0,8.850000000000005,0.0
8.924999999999999,163.23461964448975,136.76538035551025,8.017410917769313,-3.794848923421837,0.15271040522891555,304.6719643809547,0.21137302713953987,0.11191866538078674,0.35443723353580486,-2.806384584129176,-0.5737298727035522,-0.9053077101707458,-0.21275849640369415,-0.001693811034783721,0.18541827909350397,0.0,8.925000000000004,0.0
9.0,163.83474174069067,136.16525825930933,7.992225902303187,-3.7827524209288486,0.15326798085998897,304.6874450708665,0.20146688863029005,0.11387136730298028,0.37040904171592337,-2.8079226489084292,-0.5740153789520264,-0.9159830808639526,-0.21341346204280853,-0.0016958971973508596,0.18540124998688698,0.0,9.000000000000004,0.0
9.075,164.43295304660893,135.56704695339107,7.966357239186018,-3.7705563017785537,0.1539095039645511,304.70218763954745,0.19168942214162976,0.11475727907754044,0.3863850111517431,-2.809471240284283,-0.5742785930633545,-0.9261272549629211,-0.21418897807598114,-0.0016974715981632471,0.1853810865700245,0.0,9.075000000000003,0.0
9.15,165.02920289543746,134.97079710456254,7.939805953654698,-3.758266360468189,0.15462540447664713,304.7162016248303,0.18203715950545624,0.11458933811430672,0.402335003685876,-2.8110380621179254,-0.5745210647583008,-0.9356942176818848,-0.2150760293006897,-0.001698557287454605,0.18535802323818207,0.0,9.150000000000002,0.0
9.225,165.62344075251755,134.37655924748245,7.912574503994005,-3.745888858911349,0.1554035393956105,304.7294962651513,0.17250642745654327,0.11339867317457031,0.41822818986069116,-2.8126292762970344,-0.5747445821762085,-0.9446359276771545,-0.21606437861919403,-0.0016991845332086086,0.18533232615590095,0.0,9.225000000000001,0.0
9.299999999999999,166.21561631124604,133.78438368875396,7.884666801499814,-3.7334305519431172,0.1562295163746449,304.7420805418915,0.1630933680193032,0.11123382163633798,0.4340329130221532,-2.814249374683745,-0.574950635433197,-0.9529024958610535,-0.2171427458524704,-0.0016993782483041286,0.18530428860783577,0.0,9.3,0.0
9.375,166.8056796071338,133.1943203928662,7.856088243939782,-3.7208986490905516,0.1570870553885025,304.7539631240106,0.1537939746613753,0.10815965501156427,0.4497165735904493,-2.8159010930112744,-0.5751405358314514,-0.9604422450065613,-0.2182987779378891,-0.0016991690499708056,0.1852742317736149,0.0,9.375,0.0
9.45,167.39358112149674,132.60641887850326,7.826845732334736,-3.7083007720929286,0.15795837908674473,304.7651523810987,0.14460412322690386,0.10425603700596053,0.4652455302042952,-2.817585350143447,-0.5753155946731567,-0.9672061204910278,-0.21951943635940552,-0.0016985794063657522,0.18524249465465548,0.0,9.45,0.0
9.525,167.97927188773417,132.02072811226583,7.796947692120522,-3.6956449506642493,0.15882462341674994,304.7756563801113,0.13551958727354835,0.09961623779582676,0.4805850886724358,-2.81930122805607,-0.5754771828651428,-0.9731455445289612,-0.22079075872898102,-0.0016976348124444485,0.1852094402730465,0.0,9.524999999999999,0.0
9.6,168.5627036131687,131.4372963868313,7.766404107081881,-3.6829395417734885,0.15966626224910258,304.78548285282614,0.12653607634416245,0.09434513753250187,0.49569951653359545,-2.821045991725561,-0.5756261348724365,-0.978213906288147,-0.22209899127483368,-0.0016963600646704435,0.18517542622685434,0.0,9.599999999999998,0.0
9.674999999999999,169.14382877496394,130.85617122503606,7.735226541252057,-3.670193157420234,0.16046353780065192,304.794639215369,0.11764927518189998,0.08855725390924088,0.5105520740467623,-2.822815156249556,-0.5757633447647095,-0.9823682904243469,-0.22342970967292786,-0.0016947709955275059,0.1851408275485039,0.0,9.674999999999997,0.0
9.75,169.72260073677515,130.27739926322485,7.703428148657602,-3.6574146264054583,0.1611968865709525,304.8031325584566,0.10885486635537633,0.08237462980775673,0.525105099707677,-2.824602567397455,-0.5758896470069885,-0.9855708479881287,-0.22476869821548462,-0.001692888792604208,0.1851060138463974,0.0,9.749999999999996,0.0
9.825,170.29897388096032,129.70102611903968,7.671023690532178,-3.6446128923673573,0.16184735386531443,304.8109696473816,0.10014857342019548,0.07592461825696648,0.5393201528746216,-2.8264005312267297,-0.5760053396224976,-0.9877874255180359,-0.2261023372411728,-0.001690724864602089,0.18507133923172953,0.0,9.824999999999996,0.0
9.9,170.87290371486552,129.12709628513448,7.638029545723951,-3.631796945807233,0.1623969903437405,304.818156948078,0.09152619390441319,0.06933760730401135,0.553158160818204,-2.8281999814953607,-0.5761108994483948,-0.9889900088310242,-0.22741715610027313,-0.0016882907366380095,0.18503715394139292,0.0,9.899999999999995,0.0
9.975,171.44434697970712,128.55565302029288,7.604463698491294,-3.618975717873678,0.16282922232775535,304.8247005815151,0.08298363588482924,0.06274472385677257,0.5665796072598432,-2.8299906513113977,-0.5762063264846802,-0.9891582131385803,-0.22870035469532013,-0.0016855961875990033,0.18500379077792167,0.0,9.974999999999994,0.0
10.049999999999999,172.0132617879628,127.98673821203721,7.570345732475195,-3.606158012391856,0.1631291880477171,304.8306063920804,0.0745169551829675,0.0562755547172596,0.5795447782152974,-2.8317612821255245,-0.576291561126709,-0.988277018070221,-0.22994031012058258,-0.0016826431965455413,0.18497155193686488,0.0,10.049999999999994,0.0
10.125,172.57960772706824,127.42039227293176,7.535696816356026,-3.5933524123944407,0.1632840377291344,304.83587993779474,0.06612239720450588,0.05005592765420198,0.5920139989879967,-2.833499857099457,-0.576366126537323,-0.986339271068573,-0.23112598061561584,-0.001679431414231658,0.184940724503994,0.0,10.124999999999993,0.0
10.2,173.14334597866775,126.85665402133225,7.500539664336172,-3.580567169657834,0.16328318802277658,304.8405264740395,0.05779641755449483,0.04420578805459163,0.6039479000628829,-2.835193830725256,-0.5764298439025879,-0.9833466410636902,-0.23224785923957825,-0.0016759581631049514,0.18491155565977097,0.0,10.199999999999992,0.0
10.275,173.70443943526584,126.29556056473416,7.464898500457952,-3.5678101622238216,0.16311853004824894,304.8445510349238,0.04953571645212208,0.038837205128428295,0.6153077268458175,-2.8368303828135195,-0.576481819152832,-0.979307234287262,-0.23329748213291168,-0.0016722226282581687,0.1848842654645443,0.0,10.274999999999991,0.0
10.35,174.26285281170414,125.73714718829586,7.428799008822425,-3.555088762689397,0.16278458691020975,304.84795839422486,0.04133726353077372,0.034052542223979736,0.6260556339226608,-2.8383966735291737,-0.5765215158462524,-0.9742384552955627,-0.234267920255661,-0.001668207929469645,0.18485903407335283,0.0,10.34999999999999,0.0
10.424999999999999,174.81855276699687,125.18144723300313,7.392268265564136,-3.5424097957289877,0.16227861933625148,304.8507531174496,0.0331983352007711,0.029942818945399848,0.6361550078909706,-2.8398800946717118,-0.5765476226806641,-0.9681660532951355,-0.2351534366607666,-0.001663907547481358,0.18483601064682006,0.0,10.42499999999999,0.0
10.5,175.37150796655118,124.62849203344882,7.355334668925455,-3.529779461617301,0.16160067557127786,304.852939574876,0.025116523614771347,0.026586290716651605,0.6455708026850974,-2.841268519900297,-0.5765594840049744,-0.9611231088638306,-0.23595011234283447,-0.0016593056498095393,0.1848152970790863,0.0,10.49999999999999,0.0
10.575,175.9216892377046,124.07831076229539,7.3180278534020875,-3.51720325551326,0.16075358956313118,304.85452197080167,0.01708974846267866,0.024047268726613204,0.6542698609712088,-2.842550545992727,-0.5765558481216431,-0.9531521201133728,-0.23665523529052734,-0.0016543884994462132,0.1847969638824463,0.0,10.574999999999989,0.0
10.65,176.46906962416244,123.53093037583756,7.280378596714588,-3.5046859504695194,0.1597429263089351,304.8555043728693,0.009116277109038992,0.02237519336568993,0.6622212545009221,-2.8437157154454225,-0.5765355825424194,-0.9443022608757019,-0.23726758360862732,-0.001649136422201991,0.1847810428261757,0.0,10.649999999999988,0.0
10.725,177.01362446895556,122.98637553104444,7.242418710349404,-3.492231512459357,0.15857687559887887,304.85589071529193,0.0011947209538403364,0.021603977097467163,0.669396601910702,-2.8447547230230716,-0.5764976739883423,-0.9346310496330261,-0.23778755962848663,-0.0016435323050245643,0.18476752344965935,0.0,10.724999999999987,0.0
10.799999999999999,177.55533152071735,122.44466847928265,7.204180931601583,-3.4798431131356162,0.15726609956476512,304.8556848541966,-0.006675955692877711,0.021751622126598466,0.6757703827727272,-2.845659604777585,-0.5764408111572266,-0.9242019057273865,-0.23821674287319183,-0.0016375569393858314,0.18475636468529702,0.0,10.799999999999986,0.0
10.875,178.0941709829419,121.9058290170581,7.165698796924748,-3.467523061850347,0.1558235351379285,304.8548905806251,-0.014496446315146475,0.022820116760965625,0.6813202218283337,-2.8464238960297528,-0.5763641595840454,-0.9130857586860657,-0.23855821788311005,-0.0016311941435560584,0.18474748633503915,0.0,10.874999999999986,0.0
10.95,178.63012557100913,121.36987442899087,7.127006506914471,-3.4552728269065853,0.15426415781748,304.85351163029327,-0.022267113873380914,0.024795607271322427,0.6860271678337281,-2.8470427623837535,-0.5762666463851929,-0.9013579487800598,-0.23881587386131287,-0.0016244234284386039,0.18474078727960588,0.0,10.949999999999985,0.0
11.025,179.1631805588439,120.83681944115611,7.088138797731851,-3.443093031314338,0.15260471158260858,304.85155175846603,-0.029988000070197307,0.0276488394115954,0.6898759241694954,-2.847513095796368,-0.5761474370956421,-0.8890986442565918,-0.23899488151073456,-0.0016172305913642049,0.1847361330807209,0.0,11.024999999999984,0.0
11.1,179.69332382816626,120.30667617183374,7.049130788565606,-3.4309834570450723,0.15086340936017295,304.84901468458384,-0.037658848131359224,0.031335858470063024,0.6928550480011472,-2.8478335843890217,-0.5760058760643005,-0.8763929009437561,-0.239101380109787,-0.0016095987521111965,0.18473336411714555,0.0,11.099999999999984,0.0
11.174999999999999,180.220545894409,119.77945410559099,7.010017831406814,-3.418943083276525,0.14905961189724998,304.8459041899391,-0.045279127491128474,0.0357989507517335,0.6949571325866528,-2.8480047503648223,-0.5758414268493652,-0.8633269667625427,-0.23914183676242828,-0.0016015177825465798,0.18473231224417688,0.0,11.174999999999983,0.0
11.25,180.74483990671473,119.25516009328527,6.970835368292079,-3.4069701118873508,0.14721349070518414,304.842224098134,-0.0528480549251055,0.0409678096961244,0.6961789198969576,-2.848028945788257,-0.5756536722183228,-0.8499900698661804,-0.23912377655506134,-0.0015929797664284706,0.18473278180956842,0.0,11.249999999999982,0.0
11.325,181.266201676445,118.73379832355499,6.931618770932523,-3.3950620099513222,0.1453456810217824,304.83797829133664,-0.06036462561044145,0.046760901965675145,0.6965213797457893,-2.847910326900368,-0.5754424929618835,-0.8364710211753845,-0.23905475437641144,-0.001583975157700479,0.18473457638621332,0.0,11.324999999999982,0.0
11.4,181.78462964088305,118.21537035911695,6.892403186159328,-3.3832155734699865,0.14347693246356696,304.83317074283605,-0.06782764079570672,0.053087008638503304,0.6959897300070128,-2.8476547866248954,-0.5752078294754028,-0.8228588700294495,-0.23894283175468445,-0.0015745031414553523,0.1847374863743782,0.0,11.39999999999998,0.0
11.475,182.30012486581919,117.69987513418081,6.853223386641751,-3.3714269911095767,0.14162776285444048,304.82780551703945,-0.07523573561084801,0.05984691181182088,0.6945934170058641,-2.847269865409354,-0.5749498605728149,-0.8092406392097473,-0.23879604041576385,-0.001564564649015665,0.18474130294919014,0.0,11.47499999999998,0.0
11.549999999999999,182.81269099629324,117.18730900370676,6.814113612586803,-3.3596919036831467,0.1398181218928135,304.82188678248394,-0.08258740748681762,0.06693519691382806,0.6923460387072915,-2.8467646302545555,-0.5746688842773438,-0.79570072889328,-0.23862236738204956,-0.0015541650354862213,0.18474581844806673,0.0,11.54999999999998,0.0
11.625,183.32233422807096,116.67766577192904,6.7751074347090565,-3.348005497627839,0.1380670702806988,304.81541884765556,-0.08988104629479853,0.07424213822250522,0.6892652176922098,-2.846149531078367,-0.5743654370307922,-0.7823198437690735,-0.2384297251701355,-0.0015433115186169744,0.18475082714557647,0.0,11.624999999999979,0.0
11.7,183.8290632454238,116.17093675457619,6.73623760704249,-3.3363625814820357,0.13639247980089672,304.808406105622,-0.09711496039380445,0.08165563400897101,0.6853724256701496,-2.845436237552187,-0.5740401148796082,-0.7691740393638611,-0.23822568356990814,-0.0015320148086175323,0.1847561322271824,0.0,11.699999999999978,0.0
11.775,184.33288915372657,115.66711084627343,6.6975359347824615,-3.3247576453655125,0.1348107591724477,304.8008531219498,-0.10428740708255606,0.08906315762704763,0.6806927631446698,-2.844637456831696,-0.5736938118934631,-0.7563337683677673,-0.23801735043525696,-0.0015202941140159965,0.18476154888868332,0.0,11.774999999999977,0.0
11.85,184.83382541722966,115.16617458277034,6.659033156686817,-3.313185009691436,0.1333366106352704,304.7927645663217,-0.11139660599573378,0.09635369105410294,0.675254694725778,-2.843766737261867,-0.5733271837234497,-0.743863046169281,-0.23781149089336395,-0.001508165616542101,0.18476690123677256,0.0,11.849999999999977,0.0
11.924999999999999,185.3318877501853,114.6681122498147,6.620758818743537,-3.3016388548982225,0.131982819284144,304.78414525487096,-0.11844076264235258,0.10341960794503967,0.6690897439857665,-2.842838266047511,-0.5729413628578186,-0.7318194508552551,-0.23761415481567383,-0.0014956529485061765,0.1847720319747925,0.0,11.924999999999976,0.0
12.0,185.82709405980654,114.17290594019346,6.582741184913709,-3.290113348916559,0.1307600797163233,304.7750001110958,-0.125418083907055,0.11015847466458845,0.6622321669304645,-2.8418666582410466,-0.5725371837615967,-0.7202525734901428,-0.23743093013763428,-0.0014827816048637033,0.1847767958164215,0.0,11.999999999999975,0.0
12.075,186.31946432442905,113.68053567557095,6.545007135657739,-3.2786027108927183,0.12967686127369277,304.765334234256,-0.13232678432031256,0.11647473932519697,0.6547185864018263,-2.8408667472468205,-0.5721156597137451,-0.7092046141624451,-0.23726655542850494,-0.0014695767313241959,0.18478106955885887,0.0,12.074999999999974,0.0
12.15,186.80902047944502,113.19097952055498,6.5075821022446,-3.2671013174038044,0.128739313492746,304.75515283096956,-0.13916510625252015,0.12228128186159982,0.6465876125837833,-2.8398533710212086,-0.5716779232025146,-0.6987094283103943,-0.23712493479251862,-0.0014560702256858349,0.18478475169539452,0.0,12.149999999999974,0.0
12.225,187.29578634730933,112.70421365269067,6.470489995747382,-3.255603753439406,0.12795121174221977,304.74446124454744,-0.14593133123374175,0.12750079970394157,0.6378794434621525,-2.8388411624982823,-0.5712250471115112,-0.6887927055358887,-0.23700952529907227,-0.0014422913081943989,0.18478775234222414,0.0,12.224999999999973,0.0
12.299999999999999,187.7797874690365,112.2202125309635,6.433753162163812,-3.244104935607329,0.1273139454481142,304.73326494845105,-0.15262377715362166,0.13206700694439483,0.6286354574124925,-2.8378443574690486,-0.5707579255104065,-0.6794720888137817,-0.236922487616539,-0.001428274903446436,0.18479001532197,0.0,12.299999999999972,0.0
12.375,188.26105103161944,111.73894896838056,6.397392356008133,-3.2326001206238852,0.12682654528005116,304.7215695398195,-0.1592408074312237,0.13592562942468298,0.618897805443217,-2.836876600068466,-0.5702776908874512,-0.6707567572593689,-0.23686541616916656,-0.0014140516286715865,0.18479149917960166,0.0,12.374999999999972,0.0
12.45,188.73960571508061,111.26039428491939,6.36142671355208,-3.2210850157739954,0.12648574941454815,304.70938073618754,-0.16578083711576025,0.1390351815223648,0.6087089983946262,-2.8359507656870577,-0.5697852969169617,-0.6626482605934143,-0.23683874309062958,-0.001399656175635755,0.18479219267964364,0.0,12.44999999999997,0.0
12.525,189.2154815887821,110.7845184112179,6.325873749825574,-3.2095558128927317,0.12628610625716208,304.6967043527047,-0.17224234193039728,0.14136751282299556,0.5981115111788543,-2.835078796809696,-0.5692818760871887,-0.6551411747932434,-0.23684221506118774,-0.0013851257972419262,0.18479210240840913,0.0,12.52499999999997,0.0
12.6,189.68870999477528,110.31129000522472,6.290749375392831,-3.198009222345438,0.12622011227953206,304.68354635423475,-0.17862384863451536,0.14290811798691377,0.5871474128012846,-2.8342715640865346,-0.5687680840492249,-0.6482226848602295,-0.2368745505809784,-0.0013704914599657059,0.18479126168489457,0.0,12.59999999999997,0.0
12.674999999999999,190.15932340263393,109.84067659736607,6.256067914514837,-3.1864425324993846,0.12627838013054857,304.6699127869779,-0.18492394165056636,0.14365620876753288,0.5758580015081263,-2.8335387400471976,-0.5682450532913208,-0.641873300075531,-0.23693342506885529,-0.0013557891361415386,0.18478973094820977,0.0,12.674999999999969,0.0
12.75,190.62735532391318,109.37264467608682,6.221842139419678,-3.1748536097144266,0.12644983440652194,304.6558098045216,-0.19114126913139676,0.14362455019560041,0.5642834635654748,-2.832888685607427,-0.5677135586738586,-0.6360691785812378,-0.23701582849025726,-0.0013410524697974324,0.18478758845925333,0.0,12.749999999999968,0.0
12.825,191.09284016698516,108.90715983301484,6.188083323432354,-3.163240932320007,0.12672193105852456,304.6412436678529,-0.1972745423250672,0.1428390637905744,0.5524625859572209,-2.832328370918673,-0.56717449426651,-0.6307799816131592,-0.23711763322353363,-0.001326314639300108,0.18478494153618813,0.0,12.824999999999967,0.0
12.9,191.55581313853787,108.44418686146213,6.154801293351786,-3.1516035906043967,0.12708089598009542,304.62622072255544,-0.20332254642070285,0.1413382110786203,0.5404324755865992,-2.8318633087273337,-0.5666288137435913,-0.6259723901748657,-0.23723413050174713,-0.0013116069603711367,0.1847819126069546,0.0,12.899999999999967,0.0
12.975,192.0163101502594,107.98368984974061,6.122004495161748,-3.1399412655589565,0.12751197928056437,304.61074741184484,-0.20928412624105217,0.13917216801015453,0.5282283305687282,-2.8314975164651472,-0.5660769939422607,-0.6216092705726624,-0.23735982179641724,-0.0012969570234417915,0.18477864463329316,0.0,12.974999999999966,0.0
13.049999999999999,192.47436768404472,107.52563231595528,6.089700067454201,-3.1282542458598432,0.12799971879761285,304.59483025702866,-0.21515819784586976,0.1364018087245848,0.5158832469519522,-2.831233501326187,-0.5655201077461243,-0.6176512241363525,-0.23748841881752014,-0.0012823976576328278,0.18477530111074447,0.0,13.049999999999965,0.0
13.125,192.93002272201343,107.06997727798657,6.057893917690924,-3.1165433726219565,0.12852820976490228,304.57847585427544,-0.22094374488296434,0.13309751867531447,0.5034280669218291,-2.831072261053353,-0.5649585723876953,-0.6140574812889099,-0.23761339485645294,-0.0012679505161941051,0.18477205173373223,0.0,13.124999999999964,0.0
13.2,193.38331264282388,106.61668735717612,6.026590801991195,-3.1048100393876075,0.1290813749758326,304.5616908941065,-0.2266398143739402,0.12933785816636512,0.49089127410098743,-2.831013321524741,-0.564393162727356,-0.6107868552207947,-0.23772762715816498,-0.0012536430731415749,0.18476908169388773,0.0,13.199999999999964,0.0
13.275,193.83427514391593,106.16572485608407,5.995794411747733,-3.093056124132293,0.12964323134193223,304.54448210935607,-0.23224551766769563,0.12520810311533886,0.47829893218392044,-2.8310547877887418,-0.5638243556022644,-0.6077978610992432,-0.23782390356063843,-0.0012394938385114074,0.1847665785074234,0.0,13.274999999999963,0.0
13.35,194.28294815338253,105.71705184661747,5.965507455427116,-3.08128394676398,0.1301981482033257,304.5268563109553,-0.23776002799528279,0.12079868904263602,0.4656746556794347,-2.8311934192395958,-0.5632527470588684,-0.6050509810447693,-0.23789481818675995,-0.0012255235342308879,0.18476473472714425,0.0,13.349999999999962,0.0
13.424999999999999,194.7293697677596,105.27063023224039,5.935731740796158,-3.0694962563689847,0.13073109346350487,304.50882036841267,-0.24318256960076443,0.11620358564756011,0.4530396367374309,-2.831424723268811,-0.5626785755157471,-0.6025081276893616,-0.23793308436870575,-0.0012117461301386356,0.18476373980641367,0.0,13.424999999999962,0.0
13.5,195.17357818205042,104.82642181794958,5.906468257719004,-3.057696116478402,0.13122786266877284,304.4903812130633,-0.2485124127399898,0.1115186318157785,0.4404127041317935,-2.8317430730555917,-0.5621022582054138,-0.6001340746879578,-0.23793181777000427,-0.001198176178149879,0.1847637727379799,0.0,13.499999999999961,0.0
13.575,195.61561161455742,104.38438838544258,5.87771725528222,-3.045886866817916,0.13167528890867064,304.4715458055234,-0.25374886940331703,0.10683986042786331,0.42781041785441737,-2.8321418400463254,-0.561523973941803,-0.5978968739509583,-0.2378843128681183,-0.001184819731861353,0.18476500786542893,0.0,13.57499999999996,0.0
13.65,196.05550828355936,103.94449171644064,5.849478311318395,-3.0340720638177356,0.132061429275206,304.45232119428647,-0.2588912822258663,0.10226184085873959,0.41524720083913386,-2.8326135354239734,-0.5609438419342041,-0.5957691073417664,-0.23778463900089264,-0.0011716849403455853,0.1847675993859768,0.0,13.64999999999996,0.0
13.725,196.4933063399195,103.50669366008049,5.82175040395888,-3.0222554423632557,0.13237572534368314,304.43271444736047,-0.26393901309565093,0.09787606784679583,0.4027355079397932,-2.8331499734415475,-0.5603618025779724,-0.5937266945838928,-0.23762765526771545,-0.0011587708722800016,0.18477168096303942,0.0,13.724999999999959,0.0
13.799999999999999,196.9290438308102,103.0709561691898,5.794531969531148,-3.0104407840687353,0.13260913573325286,304.4127326913208,-0.2688914462287477,0.09376942507290122,0.39028600291707677,-2.833742440383558,-0.5597780346870422,-0.591751754283905,-0.23740901052951813,-0.0011460803216323256,0.18477736572623255,0.0,13.799999999999958,0.0
13.875,197.36275865305367,102.63724134694633,5.767820955951156,-2.9986319172721965,0.13275424022554486,304.39238308855283,-0.2737479588473513,0.09002274638685337,0.3779077787722075,-2.8343818644739844,-0.559191882610321,-0.5898304581642151,-0.23712533712387085,-0.0011336049064993858,0.18478474123477936,0.0,13.874999999999957,0.0
13.95,197.79448851425107,102.20551148574893,5.7416148701194425,-2.9868326193016896,0.13280531132613105,304.3716728665149,-0.278507918622458,0.08670950025853952,0.3656085805465582,-2.8350589961144608,-0.5586034059524536,-0.5879549980163574,-0.2367745041847229,-0.001121337409131229,0.1847938628911972,0.0,13.949999999999957,0.0
14.025,198.2242709431569,101.77572905684309,5.7159108134521,-2.9750465569889055,0.13275835538848346,304.35060929171914,-0.28317068168234416,0.08389461836488953,0.3533950491334077,-2.835764583795,-0.558012068271637,-0.5861228704452515,-0.23635543882846832,-0.0011092697968706489,0.18480475859045983,0.0,14.024999999999956,0.0
14.1,198.6521431963659,101.3478568036341,5.690705513437858,-2.963277252666116,0.13261112253792484,304.32919967298085,-0.2877355748776858,0.08163348461052096,0.34127297355061725,-2.836489548783262,-0.5574173927307129,-0.5843368172645569,-0.2358684092760086,-0.0010973844910040498,0.18481742135882379,0.0,14.099999999999955,0.0
14.174999999999999,199.07814229720094,100.92185770279906,5.665995343707733,-2.951528028932013,0.13236308543134412,304.3074513874508,-0.2922018882592209,0.07997110182388817,0.3292475420928615,-2.837225155186761,-0.5568187832832336,-0.5826053023338318,-0.23531495034694672,-0.001085667754523456,0.1848318112909794,0.0,14.174999999999955,0.0
14.25,199.50230496573303,100.49769503426697,5.641776340037632,-2.939801936409217,0.13201538734341384,304.28537183831077,-0.2965688827343548,0.07894144733214713,0.31732359697455736,-2.8379631709545974,-0.5562158823013306,-0.5809411406517029,-0.23469802737236023,-0.0010740973521023989,0.18484785128831865,0.0,14.249999999999954,0.0
14.325,199.9246676135961,100.07533238640389,5.61804420553764,-2.928101762241935,0.13157076403759463,304.26296851661164,-0.30083577276867274,0.07856702605510701,0.305505871369338,-2.8386960157800383,-0.5556077361106873,-0.5793625116348267,-0.23402158915996552,-0.0010626553557813168,0.1848654386818409,0.0,14.324999999999953,0.0
14.399999999999999,200.34526633621644,99.65473366378356,5.594794309685259,-2.9164299748566958,0.13103343753056884,304.2402489556989,-0.3050017249637604,0.07885862561198484,0.29379922446684936,-2.839416891562302,-0.5549938678741455,-0.5778912901878357,-0.23329100012779236,-0.0010513175511732697,0.1848844339966774,0.0,14.399999999999952,0.0
14.475,200.76413686097268,99.23586313902732,5.572021679577064,-2.9047886984620375,0.13040898576852716,304.21722076701553,-0.3090658619785564,0.07981527672263482,0.2822088557477875,-2.84011990342263,-0.5543735027313232,-0.5765537619590759,-0.23251305520534515,-0.0010400600731372833,0.18490466056466104,0.0,14.474999999999952,0.0
14.549999999999999,201.18131454460342,98.81868545539658,5.5497209845427005,-2.8931797130482253,0.1297041916712669,304.193891607576,-0.3130272634705529,0.0814244147487092,0.2707405094989834,-2.840800167896103,-0.5537460446357727,-0.5753792524337769,-0.231695294380188,-0.0010288567282259464,0.18492592234611513,0.0,14.549999999999951,0.0
14.625,201.59683434210453,98.40316565789547,5.527886521046207,-2.8816044288892044,0.12892687358543672,304.170269235266,-0.3168849693167944,0.0836622385647777,0.2594006517358429,-2.841453889613603,-0.5531107783317566,-0.5743992328643799,-0.2308465838432312,-0.0010176830692216754,0.184947988820076,0.0,14.62499999999995,0.0
14.7,202.0107307756187,97.9892692243813,5.506512189743915,-2.870063924781173,0.12808570072395056,304.14636144049746,-0.32063798039210145,0.08649425820877614,0.2481966082479681,-2.8420784269177406,-0.5524670481681824,-0.5736472606658936,-0.22997666895389557,-0.0010065108072012663,0.18497060660719872,0.0,14.69999999999995,0.0
14.774999999999999,202.423037921476,97.57696207852399,5.485591463002562,-2.8585589395429514,0.12718999727192165,304.12217614062547,-0.3242852590368296,0.08987601892405889,0.23713668233534277,-2.842672333438416,-0.5518141388893127,-0.5731586813926697,-0.22909604012966156,-0.0009953161934390664,0.1849935029566288,0.0,14.774999999999949,0.0
14.85,202.83378936612817,97.16621063387183,5.465117357200528,-2.8470898635129513,0.12624953645543058,304.0977212822504,-0.32782574715524426,0.09375398688591512,0.22623025637767402,-2.8432353824934995,-0.551151692867279,-0.572968602180481,-0.22821639478206635,-0.0009840702405199409,0.1850163737356663,0.0,14.849999999999948,0.0
14.924999999999999,203.24301816725554,96.75698183274446,5.445082402852714,-2.8356568362744174,0.1252743326802448,304.0730049324238,-0.33125836513878665,0.09806658029129114,0.21548784649286293,-2.843768577282797,-0.5504789352416992,-0.5731123089790344,-0.22734948992729187,-0.0009727485594339669,0.18503891326189043,0.0,14.924999999999947,0.0
15.0,203.65075683562728,96.34924316437272,5.425478612330794,-2.824259699913256,0.12427443123908985,304.04803520696123,-0.3345820211510365,0.10274532556784471,0.2049211268217063,-2.844274124788116,-0.5497955679893494,-0.573623776435852,-0.22650790214538574,-0.0009613263537175953,0.18506079454421998,0.0,14.999999999999947,0.0
15.075,204.05703729361514,95.94296270638486,5.406297451240725,-2.8128981052412088,0.12325970020805874,304.02282032909807,-0.33779563010595065,0.10771611865364072,0.19454291707972046,-2.844755401134902,-0.5491012334823608,-0.574535071849823,-0.22570468485355377,-0.0009497787686996162,0.1850816781938076,0.0,15.074999999999946,0.0
15.149999999999999,204.4618908103896,95.5381091896104,5.387529803636595,-2.801571516037883,0.12223963049274192,303.99736859364975,-0.3408981113404108,0.11290056684632743,0.1843671344298323,-2.845216897690844,-0.5483954548835754,-0.5758761763572693,-0.22495262324810028,-0.0009380855481140316,0.1851012317955494,0.0,15.149999999999945,0.0
15.225,204.8653479941333,95.13465200586671,5.36916595163976,-2.7902792982811757,0.12122314371328671,303.9716883670162,-0.3438883975402495,0.11821738783726107,0.17440872380657751,-2.845664140806558,-0.5476779937744141,-0.5776739120483398,-0.22426502406597137,-0.0009262230596505105,0.18511910937428475,0.0,15.224999999999945,0.0
15.299999999999999,205.2674387168682,94.73256128313179,5.351195545549538,-2.7790207243881677,0.12021841160603716,303.9457881164799,-0.34676546021996274,0.1235838420538492,0.16468355518259292,-2.8461036085973994,-0.5469489097595215,-0.5799509882926941,-0.22365503013134003,-0.0009141734917648137,0.18513496921658518,0.0,15.299999999999944,0.0
15.375,205.66819207815303,94.33180792184697,5.33360758925039,-2.767795092186196,0.11923269296070721,303.91967636139725,-0.3495283154265179,0.12891717259723695,0.1552082830726145,-2.846542626775584,-0.5462079644203186,-0.5827263593673706,-0.22313548624515533,-0.0009019225253723562,0.18514847735762596,0.0,15.374999999999943,0.0
15.45,206.06763637397574,93.93236362602426,5.316390431666621,-2.756601733407667,0.11827218849047541,303.89336169920534,-0.35217602695356603,0.13413602717868975,0.14600018762115216,-2.846989245842636,-0.5454551577568054,-0.5860137343406677,-0.22271834313869476,-0.0008894519996829331,0.18515932307839394,0.0,15.449999999999942,0.0
15.524999999999999,206.46579900342613,93.53420099657387,5.299531752547717,-2.745440111409354,0.11734191354604873,303.8668528087196,-0.3547077267727914,0.13916183975974777,0.13707698569613366,-2.847452100367626,-0.544690728187561,-0.5898219347000122,-0.22241570055484772,-0.0008767517865635455,0.18516719178557398,0.0,15.524999999999942,0.0
15.6,206.86270646609805,93.13729353390195,5.28301856593658,-2.7343098679123083,0.11644559491829015,303.8401584142848,-0.357122628522648,0.14392014723217164,0.12845662616739156,-2.847940279140512,-0.5439148545265198,-0.594154417514801,-0.22223813831806183,-0.0008638150175102055,0.1851718084037304,0.0,15.599999999999941,0.0
15.674999999999999,207.25838427913402,92.74161572086598,5.266837234399223,-2.7232108867294165,0.11558559095648907,303.8132872955771,-0.3594200478080707,0.14834181909773353,0.12015706980168146,-2.8484631643728773,-0.5431280732154846,-0.5990083813667297,-0.22219541668891907,-0.0008506319136358798,0.1851729191660881,0.0,15.67499999999994,0.0
15.75,207.65285694352045,92.34714305647955,5.250973477749681,-2.712143353249239,0.11476283628546338,303.78624830387525,-0.36159940532674806,0.15236418054077677,0.11219604763321828,-2.849030270508033,-0.5423306226730347,-0.6043760180473328,-0.22229622304439545,-0.00083720259135589,0.18517029820084574,0.0,15.74999999999994,0.0
15.825,208.04614788187075,91.95385211812925,5.235412398799257,-2.701107805418512,0.11397681161096951,303.7590503002011,-0.36366024387204515,0.15593200991998346,0.10459082425052275,-2.849651088619685,-0.541523277759552,-0.6102429628372192,-0.222547709941864,-0.0008235271670855582,0.18516375954151154,0.0,15.824999999999939,0.0
15.899999999999999,208.4382794099055,91.5617205900945,5.220138520917523,-2.690105188977438,0.11322554008266739,303.7317021878921,-0.365602256860582,0.15899839659995046,0.09735794926295523,-2.850334915383773,-0.5407068729400635,-0.6165898442268372,-0.22295519709587097,-0.0008096099481917918,0.18515316487550737,0.0,15.899999999999938,0.0
15.975,208.82927266905037,91.17072733094963,5.205135825613823,-2.6791369126907365,0.11250560855770234,303.7042128800372,-0.36742530112809363,0.16152544344208325,0.09051301823027028,-2.8510906797775717,-0.5398823022842407,-0.6233909726142883,-0.2235225886106491,-0.000795457570347935,0.18513841269612313,0.0,15.974999999999937,0.0
16.05,209.21914762384284,90.78085237615716,5.1903877996327115,-2.668204861094678,0.11181221549450265,303.67659130925813,-0.36912939887442886,0.16348480516421163,0.084070428604667,-2.851926784918118,-0.5390504002571106,-0.6306160688400269,-0.22425146400928497,-0.0007810809765942395,0.1851194619357586,0.0,16.049999999999937,0.0
16.125,209.6079229711965,90.3920770288035,5.1758775015833525,-2.6573114879675597,0.11113924196254174,303.6488463821411,-0.3707147636708369,0.1648580552457903,0.07804315376866393,-2.8528509430769975,-0.5382125377655029,-0.6382290720939636,-0.2251414656639099,-0.0007664948352612555,0.18509632189273836,0.0,16.124999999999936,0.0
16.2,209.99561615077587,90.00438384922413,5.161587615009336,-2.64645976109243,0.11047934580518601,303.62098699224634,-0.3721818164423798,0.1656368773301937,0.07244252185457778,-2.853870017866474,-0.5373699069023132,-0.646190345287323,-0.22619004547595978,-0.0007517174235545099,0.18506905881762506,0.0,16.199999999999935,0.0
16.275,210.38224330091947,89.61775669908053,5.147500526350452,-2.635653255732654,0.10982407771045444,303.5930219941024,-0.3735311989312905,0.16582307795670534,0.06727802839164654,-2.8549898821786233,-0.5365239977836609,-0.6544557809829712,-0.22739215195178986,-0.000736768648494035,0.18503780404925346,0.0,16.274999999999935,0.0
16.349999999999998,210.76781924049902,89.23218075950098,5.133598394335794,-2.624896116387961,0.10916401618852972,303.5649601738746,-0.3747637802900631,0.16542842413859757,0.06255716578177224,-2.8562152816995305,-0.5356761813163757,-0.6629783511161804,-0.2287406623363495,-0.0007216717931441963,0.18500274277925494,0.0,16.349999999999934,0.0
16.425,211.15235744817767,88.84764255182233,5.119863239207157,-2.614193099283258,0.10848891981144737,303.53681025917103,-0.3758806632136863,0.16447431048510827,0.058285278080527726,-2.857549722576882,-0.5348280072212219,-0.6717075109481812,-0.23022592067718506,-0.0007064500241540372,0.1849641260623932,0.0,16.424999999999933,0.0
16.5,211.53587004686005,88.46412995313995,5.106277018057973,-2.6035495426231714,0.10778789371758166,303.5085808767258,-0.3768831915117191,0.16299126461289798,0.05446543298297138,-2.8589953643939254,-0.5339810848236084,-0.6805918216705322,-0.2318360060453415,-0.0006911319796927273,0.18492226384282112,0.0,16.499999999999932,0.0
16.575,211.9183678114719,88.08163218852809,5.092821715966297,-2.5929713410982513,0.10704956666021587,303.4802805393483,-0.37777295684584977,0.16101829959320835,0.05109834591840062,-2.8605529394283127,-0.5331370830535889,-0.6895779967308044,-0.2335570752620697,-0.0006757469964213669,0.1848775160431862,0.0,16.574999999999932,0.0
16.65,212.2998601663645,87.70013983363549,5.079479430990407,-2.582464975628444,0.10626227764160717,303.45191764273477,-0.3785517879487477,0.158602127535214,0.048182329352758464,-2.86222170039179,-0.5322974324226379,-0.698612630367279,-0.23537303507328033,-0.0006603197543881834,0.18483030108809473,0.0,16.64999999999993,0.0
16.724999999999998,212.68035519310166,87.31964480689834,5.066232465153347,-2.5720374156344485,0.10541426687941971,303.42350043286706,-0.3792217450368888,0.1557962500648606,0.0457132737285499,-2.8639993829697405,-0.5314637422561646,-0.7076420783996582,-0.2372661679983139,-0.0006448816857300699,0.18478107963204385,0.0,16.72499999999993,0.0
16.8,213.05985964082626,86.94014035917374,5.0530634038255835,-2.5616961402843934,0.10449386848252487,303.39503698650833,-0.3797851052630386,0.1526599436354819,0.043684656496546924,-2.865882195691795,-0.5306373238563538,-0.7166145443916321,-0.23921729624271393,-0.0006294615450315177,0.18473035029768944,0.0,16.79999999999993,0.0
16.875,213.438378954782,86.561621045218,5.039955207962261,-2.551449062013002,0.10348970071234409,303.3665352047151,-0.38024435796428624,0.14925715741015924,0.04208759686707971,-2.8678648428562505,-0.5298197269439697,-0.7254789471626282,-0.24120622873306274,-0.0006140798213891685,0.18467863805294038,0.0,16.87499999999993,0.0
16.95,213.81591730742312,86.18408269257688,5.026891289393365,-2.541304492532123,0.1023908526864751,303.3380028128154,-0.38060217447312356,0.14565534516810477,0.04091092799868482,-2.869940571169082,-0.5290118455886841,-0.7341876029968262,-0.24321185052394867,-0.0005987677141092718,0.18462649188637734,0.0,16.94999999999993,0.0
17.025,214.1924776269359,85.8075223730641,5.013855584121378,-2.531271070599005,0.10118706128886953,303.3094472888006,-0.3808613863932513,0.14192425106407192,0.04014131715938937,-2.8721012422805816,-0.5282148718833923,-0.7426958680152893,-0.24521273374557495,-0.0005835414049215615,0.18457446892261506,0.0,17.024999999999928,0.0
17.099999999999998,214.56806164390332,85.43193835609668,5.000832623002707,-2.5213577067829873,0.0998688764809556,303.2808759349673,-0.3810249651265464,0.1381346724792734,0.03976341559145401,-2.8743374343279235,-0.5274295806884766,-0.7509621977806091,-0.24718762934207916,-0.0005684204516001046,0.18452312163710596,0.0,17.099999999999927,0.0
17.175,214.94266992760038,85.05733007239962,4.9878076003915535,-2.5115735367292724,0.09842781329533029,303.25229580302494,-0.3810959858363355,0.13435722136303724,0.03976001949809311,-2.876638572460595,-0.5266565084457397,-0.7589499950408936,-0.24911567568778992,-0.0005534196388907731,0.18447299243211748,0.0,17.174999999999926,0.0
17.25,215.31630195599274,84.68369804400726,4.974766424720698,-2.501927823437079,0.0968564855105106,303.22371372015186,-0.3810775941219639,0.13066110511769863,0.04011226684651838,-2.8789930779920367,-0.5258960127830505,-0.7666268944740295,-0.25097715854644775,-0.0005385480471886694,0.18442459387779236,0.0,17.249999999999925,0.0
17.325,215.68895613388705,84.31104386611295,4.961695769270195,-2.492429910521437,0.09514872021650783,303.1951362662094,-0.38097298342658553,0.1271129488771393,0.040799850628028045,-2.881388542370847,-0.5251483917236328,-0.7739657759666443,-0.2527534067630768,-0.0005238096346147358,0.18437841142416,0.0,17.324999999999925,0.0
17.4,216.06062989921634,83.93937010078366,4.948583111097923,-2.483089154239063,0.09329965159262799,303.1665697932708,-0.3807853593944346,0.12377567800918035,0.04180125200173812,-2.8838119086632603,-0.5244134664535522,-0.7809451222419739,-0.2544274926185608,-0.0005092040519230068,0.18433488519191743,0.0,17.399999999999924,0.0
17.474999999999998,216.4313197567482,83.5686802432518,4.935416762163886,-2.47391483001166,0.09130579127669708,303.138020402841,-0.380517901523573,0.12070747938270696,0.04309398930162056,-2.886249673756454,-0.523690938949585,-0.7875481247901917,-0.25598451495170593,-0.0004947258275933564,0.18429440261125565,0.0,17.474999999999923,0.0
17.55,216.8010213403004,83.1989786596996,4.922185892980782,-2.464916098439847,0.08916507549522568,303.10949396537535,-0.38017373961911766,0.11796085994648445,0.04465486532673655,-2.888688097625342,-0.5229803919792175,-0.793765127658844,-0.25741153955459595,-0.00048036297084763646,0.18425729997158052,0.0,17.549999999999923,0.0
17.625,217.16972949310744,82.83027050689256,4.908880550033545,-2.456101911831557,0.08687688724408366,303.080996126806,-0.37975592256715396,0.11558181518369653,0.04646024011302163,-2.8911134107553007,-0.5222810506820679,-0.7995898127555847,-0.2586982250213623,-0.00046610081335529685,0.1842238461494446,0.0,17.624999999999922,0.0
17.7,217.53743833003685,82.46256166996315,4.895491654026385,-2.4474809717177495,0.08444205464736279,303.05253229549317,-0.37926738900280677,0.11360912311488411,0.0484862709016769,-2.8935120266544114,-0.5215920805931091,-0.8050237894058228,-0.2598366141319275,-0.0004519180511124432,0.1841942480325699,0.0,17.69999999999992,0.0
17.775,217.90414129721586,82.09585870278414,4.88201100161331,-2.439061665122299,0.08186282506973291,303.0241076682951,-0.37871094768240143,0.11207377123692586,0.05070918699502691,-2.8958707441790024,-0.5209124684333801,-0.8100723624229431,-0.26082104444503784,-0.0004377877921797335,0.18416865284442901,0.0,17.77499999999992,0.0
17.849999999999998,218.26983124202377,81.73016875797623,4.868431249545946,-2.430852022078562,0.079142815308547,302.9957272403062,-0.37808926028073736,0.11099852681824358,0.05310553692991318,-2.89817693783819,-0.5202411413192749,-0.8147466778755188,-0.2616487741470337,-0.0004236812819726765,0.18414713187217713,0.0,17.84999999999992,0.0
17.925,218.63450049604893,81.36549950395107,4.854745898726815,-2.422859643403592,0.0762869406978961,302.96739580160056,-0.37740482110880164,0.11039765487408237,0.05565243036433224,-2.9004187464394438,-0.5195767879486084,-0.8190627694129944,-0.26231929659843445,-0.0004095604526810348,0.18412969828844072,0.0,17.92499999999992,0.0
18.0,218.99814091656341,81.00185908343659,4.840949259259514,-2.415091696453568,0.07330132335840164,302.9391179795671,-0.376659951623033,0.11027678646747632,0.058327773459232325,-2.902585233145918,-0.5189182758331299,-0.8230409026145935,-0.26283422112464905,-0.0003953917766921222,0.18411631025075914,0.0,17.99999999999992,0.0
18.075,219.3607439591081,80.6392560408919,4.827036425610759,-2.407554872640639,0.07019318236182709,302.9108982258613,-0.3758567900003744,0.11063293851247616,0.06111048201386741,-2.9046665234213123,-0.5182641744613647,-0.8267052173614502,-0.26319757103919983,-0.0003811331116594374,0.1841068631529808,0.0,18.074999999999918,0.0
18.15,219.7223007293391,80.27769927066089,4.813003227706323,-2.4002553534457225,0.06697070737276103,302.8827408261591,-0.3749972928855192,0.11145468198528961,0.0639806705787019,-2.906653928648493,-0.5176133513450623,-0.8300833106040955,-0.26341503858566284,-0.0003667408018372953,0.18410120899677276,0.0,18.149999999999917,0.0
18.224999999999998,220.0828020530175,79.9171979469825,4.798846188656029,-2.3931987976788225,0.06364291934551208,302.8546499522722,-0.374083237773099,0.11272245387725756,0.06691982340654362,-2.908540038341442,-0.5169644951820374,-0.8332059979438782,-0.2634941637516022,-0.00035217258846387267,0.18409915174245836,0.0,18.224999999999916,0.0
18.3,220.44223850452232,79.55776149547768,4.784562470667818,-2.3863903457312605,0.060219519929315235,302.8266296197885,-0.37311622870757577,0.11440900459678899,0.06991094861174707,-2.910318792693018,-0.5163164734840393,-0.8361061215400696,-0.2634437382221222,-0.0003373812069185078,0.18410046280622483,0.0,18.299999999999915,0.0
18.375,220.80060048461613,79.19939951538387,4.770149817994344,-2.379834611085948,0.05671073316655273,302.7986837629669,-0.3720977060615697,0.11647997265030106,0.07293869964820429,-2.911985524934546,-0.5156682133674622,-0.8388182520866394,-0.26327380537986755,-0.0003223230014555156,0.18410488106012346,0.0,18.374999999999915,0.0
18.45,221.15787823859148,78.84212176140852,4.755606502507044,-2.3735356675720465,0.0531271421682272,302.7708161793639,-0.3710289616575791,0.1188945744435391,0.07598946912693987,-2.913536981191677,-0.5150187611579895,-0.841378390789032,-0.262995183467865,-0.00030695536406710744,0.18411212522983553,0.0,18.449999999999914,0.0
18.525,221.5140618977395,78.48593810226049,4.7409312571071816,-2.3674971003588015,0.04947952432579433,302.74303060147895,-0.36991115880211717,0.12160639547312765,0.07905145949750952,-2.9149713078021926,-0.514367401599884,-0.8438223004341125,-0.2626187801361084,-0.00029123335843905807,0.1841219117164612,0.0,18.524999999999913,0.0
18.599999999999998,221.86914151564133,78.13085848435867,4.726123221993937,-2.3617219974612853,0.045778687816757896,302.7153306641744,-0.36874535270944586,0.12456426885887587,0.08211471139245363,-2.916288005701741,-0.5137134790420532,-0.8461856842041016,-0.2621558606624603,-0.00027511647203937173,0.18413394762277605,0.0,18.599999999999913,0.0
18.675,222.22310710186204,77.77689289813796,4.711181874897709,-2.356212983736951,0.04203531246466566,302.6877199274686,-0.36753250801593573,0.1277132239041869,0.08517110582337435,-2.917487867923198,-0.5130565166473389,-0.8485036492347717,-0.26161712408065796,-0.00025857024593278766,0.1841479547739029,0.0,18.674999999999912,0.0
18.75,222.57594864527738,77.42405135472262,4.6961069730206715,-2.3509722463828275,0.038259797782704275,302.6602018928106,-0.3662735215318095,0.13099548776384334,0.08821434522067059,-2.9185728882827533,-0.5123962163925171,-0.8508092761039734,-0.2610127031803131,-0.00024155898427125067,0.18416366971731188,0.0,18.74999999999991,0.0
18.825,222.92765611925282,77.07234388074718,4.680898490692608,-2.346001581676279,0.0344621212761404,302.63277998354033,-0.36496924972134853,0.13435152309554424,0.09123989474759063,-2.919546145632924,-0.5117325782775879,-0.8531336784362793,-0.26035135984420776,-0.00022405436902772635,0.18418086464405062,0.0,18.82499999999991,0.0
18.9,223.27821950756243,76.72178049243757,4.665556569498166,-2.341302420472485,0.030651709468229926,302.6054575709468,-0.363620539868144,0.13772108287140067,0.09424489473806565,-2.9204116592165796,-0.5110657811164856,-0.8555048704147339,-0.2596403956413269,-0.00020603537268470973,0.18419934971332552,0.0,18.89999999999991,0.0
18.974999999999998,223.62762881734162,76.37237118265838,4.650081463074432,-2.3368759004407025,0.026837324337625756,302.5782379482075,-0.3622282510829576,0.14104426378672955,0.0972280401976312,-2.92117422654739,-0.5103961229324341,-0.8579474687576294,-0.25888514518737793,-0.00018748307775240391,0.1842189862251282,0.0,18.97499999999991,0.0
19.05,223.97587407649695,76.02412592350305,4.634473491357771,-2.3327228490675442,0.0230269675421369,302.5511243531828,-0.3607932778944089,0.14426254043267517,0.10018943323886106,-2.9218392413933496,-0.5097241401672363,-0.8604822158813477,-0.2580883204936981,-0.00016838892770465463,0.18423970366716386,0.0,19.04999999999991,0.0
19.125,224.3229453362875,75.67705466371251,4.6187329951370035,-2.328843881386758,0.019227803331051563,302.5241199488901,-0.3593165731356001,0.14731976280278547,0.10313041351516292,-2.922412488271069,-0.5090505480766296,-0.8631254434585571,-0.257250040769577,-0.00014874878979753703,0.184261498939991,0.0,19.124999999999908,0.0
19.2,224.6688326790995,75.3311673209005,4.60286030787593,-2.3252394169765043,0.015446102207265361,302.4972278397763,-0.35779917213283147,0.15016310047921744,0.10605336727298047,-2.9228999327008944,-0.5083762407302856,-0.8658888936042786,-0.25636720657348633,-0.000128568775835447,0.18428445262908935,0.0,19.199999999999907,0.0
19.275,225.01352620807134,74.98647379192866,4.58685572346853,-2.321909739445745,0.011687206589180404,302.47045101963795,-0.35624220719505084,0.15274391783136326,0.10896151653652968,-2.9233074972084117,-0.5077021718025208,-0.8687787055969238,-0.25543341040611267,-0.00010786116763483733,0.1843087313294411,0.0,19.274999999999906,0.0
19.349999999999998,225.35701604450026,74.64298395549974,4.570719480217096,-2.3188550049321743,0.007955518907697523,302.443792420454,-0.354646930762025,0.15501856692599483,0.11185868547824457,-2.9236408323397702,-0.50702965259552,-0.871796727180481,-0.2544383704662323,-8.664709457661957e-05,0.18433460236787796,0.0,19.349999999999905,0.0
19.425,225.69929233042907,74.30070766957093,4.554451746322284,-2.316075293091803,0.004254512117156398,302.4172548570423,-0.3530147297806234,0.15694908399182064,0.11474907278127006,-2.9239050806641207,-0.506359875202179,-0.8749387860298157,-0.2533681392669678,-6.495525303762406e-05,0.18436242837905883,0.0,19.424999999999905,0.0
19.5,226.0403452130887,73.9596547869113,4.538052615503047,-2.313570649588339,0.0005867629948583947,302.3908410531162,-0.3513471268201415,0.15850377982503694,0.1176370074156469,-2.924104654801629,-0.5056941509246826,-0.8781959414482117,-0.25220492482185364,-4.282178997527808e-05,0.18439267195463183,0.0,19.499999999999904,0.0
19.575,226.38016483193869,73.61983516806131,4.521522112226158,-2.311341073344452,-0.003045993675355116,302.36455358920557,-0.3496457913923847,0.1596577155619125,0.12052670766391736,-2.924243025093049,-0.5050339102745056,-0.8815539479255676,-0.25092729926109314,-2.0289371605031192e-05,0.18442589021921157,0.0,19.574999999999903,0.0
19.65,226.71874133939832,73.28125866060168,4.50486020680003,-2.3093865717824436,-0.0066427900728731615,302.3383949319332,-0.3479125469263132,0.16039305701820275,0.12342204372608431,-2.9243225231525027,-0.5043806433677673,-0.884993851184845,-0.24951006472110748,2.590895746834576e-06,0.1844627383172512,0.0,19.649999999999903,0.0
19.724999999999998,227.05606486974202,72.94393513025798,4.488066827662538,-2.307707152322631,-0.010203331227810891,302.3123674047588,-0.3461493629348949,0.160699302451113,0.12632631234327377,-2.9243441603851466,-0.5037356615066528,-0.8884924054145813,-0.24792474508285522,2.576569386292249e-05,0.18450395662784577,0.0,19.724999999999902,0.0
19.8,227.392125541691,72.607874458309,4.471141889625525,-2.3063028223836355,-0.013727885175654084,302.2864731749273,-0.34435834737418425,0.16057338186303485,0.1292420309180352,-2.9243074821880306,-0.5031003355979919,-0.892022430896759,-0.24614019691944122,4.9174021114595234e-05,0.18455035488009452,0.0,19.7999999999999,0.0
19.875,227.72691348433628,72.27308651566372,4.454085328205264,-2.3051735808869926,-0.01721715844517377,302.2607142469906,-0.34254173673679134,0.16001962845907033,0.13217075156510907,-2.9242104592088185,-0.502475917339325,-0.895553469657898,-0.24412280321121216,7.275382813531905e-05,0.1846028071165085,0.0,19.8749999999999,0.0
19.95,228.06041880344046,71.93958119655954,4.436897131491921,-2.3043194182534728,-0.020672160233667608,302.2350924530192,-0.34070188203197116,0.15904962398594497,0.135112899022232,-2.9240494071457834,-0.5018635988235474,-0.8990522623062134,-0.241837278008461,9.644120291341096e-05,0.18466223077178,0.0,19.9499999999999,0.0
20.025,228.39263159699493,71.60736840300507,4.419577386005267,-2.303740273913695,-0.02409405843159397,302.209609439602,-0.3388412318138208,0.15768192274337,0.13806763272848757,-2.923818949623804,-0.5012643933296204,-0.9024832248687744,-0.2392474263906479,0.00012017130211461335,0.18472956691384315,0.0,20.0249999999999,0.0
20.099999999999998,228.72354197855228,71.27645802144772,4.402126319342576,-2.30343601506514,-0.02748403009997817,302.1842666808684,-0.3369623127435262,0.15594166049894234,0.1410327375013317,-2.923512024130538,-0.5006792545318604,-0.9058103561401367,-0.23631662130355835,0.00014387881674338132,0.1848057678461075,0.0,20.0999999999999,0.0
20.175,229.05314006945244,70.94685993054756,4.384544342338013,-2.3034064069275337,-0.03084311031619473,302.15906544266545,-0.3350677046040012,0.15386005566017683,0.1440045621845947,-2.9231199261085323,-0.5001088380813599,-0.9089961051940918,-0.23300889134407043,0.00016749971837271005,0.18489176882505418,0.0,20.174999999999898,0.0
20.25,229.38141604289612,70.61858395710388,4.366832105429192,-2.3036510532601544,-0.03417204174948954,302.13400680862105,-0.33316000696259024,0.15147381457016829,0.14697797419745398,-2.922632402343373,-0.4995535612106323,-0.9120036959648132,-0.22928951680660248,0.00019097777840215713,0.18498847256302833,0.0,20.249999999999897,0.0
20.325,229.70836010839773,70.29163989160227,4.348990538097999,-2.304169341121717,-0.037471129935507996,302.10909165734256,-0.3312418229982391,0.1488244517305145,0.14994635256044703,-2.9220377784069482,-0.4990139603614807,-0.9147968888282776,-0.2251259982585907,0.00021425583690870553,0.18509672404527666,0.0,20.324999999999896,0.0
20.4,230.0339625636322,69.9660374363678,4.3310209048979615,-2.304960406883178,-0.040740104991102755,302.0843206852205,-0.3293157309070922,0.14595753797251357,0.15290161027697766,-2.9213231260708645,-0.49849003553390503,-0.9173407554626465,-0.2204885333776474,0.00023728383530396968,0.18521729813218119,0.0,20.399999999999896,0.0
20.474999999999998,230.35821379444707,69.64178620555293,4.312924847609425,-2.3060230257509136,-0.04397799425115749,302.0596943901319,-0.3273842502266034,0.14292188992102103,0.15583424130310936,-2.920474461642808,-0.4979817271232605,-0.919602632522583,-0.21535110473632812,0.000260016939137131,0.18535087127685548,0.0,20.474999999999895,0.0
20.55,230.68110434226062,69.31889565773938,4.294704424344642,-2.3073555905285428,-0.0471830081717821,302.03521308121253,-0.3254498152943257,0.13976871615597133,0.15873340103491668,-2.9194769785009997,-0.49748873710632324,-0.9215525388717651,-0.20969180762767792,0.0002824177499860525,0.1854980130016804,0.0,20.549999999999894,0.0
20.625,231.00262489111344,68.99737510888656,4.276362159064564,-2.3089560011386965,-0.0503524423021873,302.0108768983964,-0.3235147496725014,0.13655073512304206,0.161587011232808,-2.918315305034129,-0.49701058864593506,-0.9231628179550171,-0.20349396765232086,0.00030445383163169026,0.18565915684103967,0.0,20.624999999999893,0.0
20.7,231.32276634802653,68.67723365197347,4.257901071055222,-2.310821647635363,-0.05348259675350822,301.98668579610603,-0.32158124722474024,0.1333212808509363,0.1643818737680485,-2.9169737866304013,-0.49654674530029297,-0.9244102835655212,-0.19674623012542725,0.00032610411290079355,0.1858345980167389,0.0,20.699999999999893,0.0
20.775,231.6415198533852,68.3584801466148,4.239324708261326,-2.3129492742335547,-0.05656871588401316,301.96263958886357,-0.31965135618463214,0.13013341017960728,0.1671038209129196,-2.9154367800105714,-0.49609649181365967,-0.925274670124054,-0.18944349884986877,0.0003473497345112264,0.1860244690299034,0.0,20.774999999999892,0.0
20.849999999999998,231.95887667207356,68.04112332792644,4.220630977267916,-2.3153349325572212,-0.059604856485603486,301.9387379610057,-0.3177255689969737,0.12703903792036803,0.16973765542378025,-2.9136889698192756,-0.495658814907074,-0.9257405400276184,-0.1815873235464096,0.00036818411899730563,0.18622872958779335,0.0,20.84999999999989,0.0
20.925,232.27482782539386,67.72517217460614,4.2018194264160105,-2.3179739391079486,-0.06258394749289954,301.91498060339836,-0.3158045299790702,0.12408812413890595,0.17226668603770687,-2.9117155931163534,-0.4952329993247986,-0.9257867336273193,-0.1731850653886795,0.00038861267967149615,0.18644718829989435,0.0,20.92499999999989,0.0
21.0,232.5893645861789,67.4106354138211,4.182895289293064,-2.320860769091349,-0.06549787730258104,301.891367089735,-0.31388985903422795,0.12132783181931846,0.17467386388669126,-2.9095027060823604,-0.49481815099716187,-0.9253999590873718,-0.16424952447414398,0.0004086479311808944,0.18667951236367228,0.0,20.99999999999989,0.0
21.075,232.9024786446939,67.0975213553061,4.163864459145558,-2.3239890181932066,-0.06833745292629269,301.86789690261185,-0.311982985261969,0.11880178110579304,0.17694210927069376,-2.9070376475583566,-0.49441319704055786,-0.9245811700820923,-0.15480385720729828,0.0004282998270355165,0.18692509971261026,0.0,21.07499999999989,0.0
21.15,233.2141621475268,66.78583785247321,4.144733463520522,-2.327351326099779,-0.07109245207791463,301.8445693944482,-0.31008513029441254,0.11654938550985318,0.17905437840740582,-2.904309412458724,-0.4940168261528015,-0.9233337044715881,-0.14487990736961365,0.00044759089360013604,0.18718312240839005,0.0,21.14999999999989,0.0
21.224999999999998,233.52440776239155,66.47559223760845,4.125509449826154,-2.330939385003091,-0.07375170337352001,301.8213838525862,-0.30819731212832696,0.11460526481981045,0.18099382218251894,-2.9013089874784423,-0.49362802505493164,-0.921665608882904,-0.13451817631721497,0.0004665510496124625,0.1874525274157524,0.0,21.224999999999888,0.0
21.3,233.83320869887893,66.16679130112107,4.106200157960488,-2.3347438121299553,-0.07630318936157375,301.7983394927737,-0.30632035212061515,0.11299874589553183,0.18274397665462008,-2.8980296663744394,-0.4932456612586975,-0.919589102268219,-0.12376715987920761,0.0004852181300520897,0.18773205384314062,0.0,21.299999999999887,0.0
21.375,234.1405587939892,65.85944120601081,4.086813903470919,-2.3387542262352627,-0.07873417122458189,301.77543548521453,-0.30445487974125585,0.11175345877298157,0.18428895694072012,-2.894467335851682,-0.49286866188049316,-0.9171208739280701,-0.11268319934606552,0.0005036339862272143,0.1880202368170023,0.0,21.374999999999886,0.0
21.45,234.4464525017742,65.55354749822581,4.067359540607824,-2.3429591498713624,-0.08103133367482476,301.7526709382696,-0.30260133925083377,0.1108870339043966,0.1856136478806341,-2.890620728214946,-0.49249595403671265,-0.9142816662788391,-0.10133013129234314,0.0005218459409661591,0.18831541658639908,0.0,21.449999999999886,0.0
21.525,234.75088498146582,65.24911501853418,4.047846426509608,-2.347346051888771,-0.083180947177854,301.73004495379064,-0.3007599970194738,0.11041090415997935,0.18670389170633384,-2.8864916412386665,-0.4921265244483948,-0.9110971093177795,-0.08977828174829483,0.000539905799087137,0.18861576467454436,0.0,21.524999999999885,0.0
21.599999999999998,235.05385208970065,64.94614791029935,4.028284381686245,-2.3519013389371097,-0.08516904548426714,301.70755660761233,-0.29893096009588893,0.1103302129219027,0.18754667791294288,-2.882085106477793,-0.4917595386505127,-0.9075948596000671,-0.07810381799936295,0.0005578681011684239,0.18891930073201657,0.0,21.599999999999884,0.0
21.675,235.35535044532105,64.64464955467895,4.008683636237027,-2.3566103767177227,-0.08698161337088421,301.68520498206226,-0.29711418643522736,0.11064382993703395,0.1881302938600513,-2.8774095017785437,-0.4913941025733948,-0.9038075804710388,-0.06638732552528381,0.0005757889011874795,0.18922392953634262,0.0,21.674999999999883,0.0
21.75,235.65537744233023,64.34462255766977,3.9890547815892083,-2.3614575452235034,-0.08860478232322946,301.6629891562293,-0.29530949675095103,0.11134447042695228,0.18844448648646928,-2.872476598027547,-0.49102944135665894,-0.8997692465782166,-0.054712194949388504,0.0005937250098213553,0.1895274829313159,0.0,21.749999999999883,0.0
21.825,235.95393128618034,64.04606871381966,3.9694087114124113,-2.3664262557392917,-0.09002502916232645,301.6409082319624,-0.29351658746617215,0.11241891659887526,0.18848058684621116,-2.86730152828767,-0.49066483974456787,-0.8955169916152954,-0.043163202702999115,0.0006117266602814198,0.18982775672972202,0.0,21.824999999999882,0.0
21.9,236.25101099894843,63.74898900105157,3.949756563913602,-2.3714990273263923,-0.09122937371249788,301.61896135995266,-0.2917350459417705,0.11384833514300328,0.18823162019338513,-2.8619026826191996,-0.49029970169067383,-0.8910884857177734,-0.031824447214603424,0.0006298485677689314,0.1901225643724203,0.0,21.89999999999988,0.0
21.974999999999998,236.54661644265448,63.45338355734552,3.9301096541928664,-2.37665758880372,-0.09220557100567907,301.5971476876066,-0.2899643674876162,0.11560868468444882,0.18769238300696778,-2.8563015206343803,-0.4899335503578186,-0.8865240216255188,-0.020777782425284386,0.000648133980575949,0.1904097776569426,0.0,21.97499999999988,0.0
22.05,236.84074832185345,63.159251678146546,3.9104794151161864,-2.3818828829971945,-0.09294229321296349,301.57546642418856,-0.2882039560887438,0.11767120334656986,0.18685951652530935,-2.850522314258166,-0.4895656704902649,-0.8818621635437012,-0.010100694373250008,0.0006666243425570428,0.1906873819462955,0.0,22.04999999999988,0.0
22.125,237.1334082095344,62.866591790465606,3.8908773305991926,-2.38715527069977,-0.09342929779397127,301.55391683100106,-0.2864531375887608,0.12000297036293432,0.1857315203090823,-2.844591813843705,-0.4891957640647888,-0.8771430253982544,0.0001352657563984394,0.0006853545201011002,0.19095351690966636,0.0,22.12499999999988,0.0
22.2,237.42459852119865,62.57540147880135,3.871314872421351,-2.3924545306686023,-0.09365757918060114,301.5324982149309,-0.28471117894099107,0.12256752877588248,0.18430876509162306,-2.83853885073397,-0.48882347345352173,-0.8724046349525452,0.009865982457995415,0.0007043446530587971,0.19120651554390788,0.0,22.19999999999988,0.0
22.275,237.71432254335483,62.285677456645175,3.8518034355292965,-2.3977600338416103,-0.09361949839961842,301.5112099316657,-0.28297729251015585,0.12532555856461633,0.1825934628437174,-2.8323938933386565,-0.48844844102859497,-0.8676837086677551,0.01903623715043068,0.0007236154051497579,0.1914449421659112,0.0,22.274999999999878,0.0
22.349999999999998,238.00258438944093,61.997415610559074,3.832354278589681,-2.4030508453112533,-0.09330889066654237,301.4900514117362,-0.2812506515802077,0.1282355882786102,0.18058960959446899,-2.8261885627952164,-0.488070547580719,-0.8630154728889465,0.02760053239762783,0.0007431715494021773,0.19166761384233832,0.0,22.349999999999877,0.0
22.425,238.28938901536753,61.71061098463247,3.81297845813181,-2.4083058135575133,-0.09272114802783482,301.4690221442643,-0.27953040118534256,0.1312547316037714,0.17830291708483947,-2.819955128909639,-0.4876896142959595,-0.8584322333335876,0.035523734986782074,0.000763012794777751,0.19187361710965634,0.0,22.424999999999876,0.0
22.5,238.57474219357874,61.42525780642126,3.7936867787260997,-2.4135037319111716,-0.09185327649687866,301.44812168995077,-0.27781567308651234,0.13433943681320584,0.17574071473638767,-2.8137260068532686,-0.4873057007789612,-0.8539638519287109,0.04278136044740677,0.0007831256370991468,0.1920623153716326,0.0,22.499999999999876,0.0
22.575,238.85865048971237,61.141349510287625,3.7744897422778365,-2.4186234320316506,-0.0907039269876338,301.4273496517917,-0.27610559718781363,0.13744623590542437,0.1729118298551225,-2.8075332622736098,-0.4869188070297241,-0.8496360182762146,0.04935932904481888,0.0008034945349209011,0.1922333425551653,0.0,22.574999999999875,0.0
22.65,239.14112123666538,60.858878763334616,3.7553974946018567,-2.423643907128316,-0.08927339997311551,301.4067057206662,-0.27439930838171184,0.14053248100946542,0.16982643522203866,-2.801408142465036,-0.48652905225753784,-0.8454720377922058,0.055253949016332626,0.0008240900933742523,0.19238660267442464,0.0,22.649999999999874,0.0
22.724999999999998,239.4221625268053,60.577837473194705,3.7364197873996696,-2.4285444181873412,-0.08756362697930258,301.38618965904334,-0.27269596987813993,0.14355705474440453,0.16649590175724985,-2.7953806412020525,-0.48613685369491577,-0.8414906859397888,0.060470908880233765,0.0008448788430541754,0.19252224363088608,0.0,22.724999999999874,0.0
22.8,239.70178314715346,60.29821685284654,3.717565940124846,-2.433304617188761,-0.08557812727586199,301.3658012554133,-0.27099478257231757,0.14648104328566453,0.16293262818006177,-2.789479113678215,-0.485742449760437,-0.8377073407173157,0.06502483785152435,0.0008658231818117201,0.19264064578413964,0.0,22.799999999999873,0.0
22.875,239.97999259492605,60.020007405073954,3.698844804072568,-2.4379046533358912,-0.08332194419817224,301.34554037962334,-0.269295002142637,0.14926836048887362,0.15914986462520525,-2.7837299409799283,-0.4853464961051941,-0.834133505821228,0.06893792003393173,0.0008868745062500238,0.19274238592088222,0.0,22.874999999999872,0.0
22.95,240.25680098939512,59.74319901060488,3.6802647456929782,-2.4423252282840924,-0.08080156149964246,301.3254069666168,-0.26759594915484936,0.15188631376112682,0.15516153058118276,-2.7781572571768995,-0.48494940996170044,-0.8307762742042542,0.07223918288946152,0.000907986715901643,0.192828218755126,0.0,22.94999999999987,0.0
23.025,240.53221907446652,59.467780925533475,3.661833622841086,-2.4465477236143145,-0.07802480204880707,301.3054009643365,-0.26589701439224755,0.15430610249792345,0.15098201970472713,-2.7727827266273395,-0.4845518469810486,-0.827639639377594,0.0749635249376297,0.0009291094029322267,0.1928990516483784,0.0,23.02499999999987,0.0
23.099999999999998,240.8062581642386,59.19374183576139,3.643558769875363,-2.4505542603146617,-0.07500071361951774,301.28552239558167,-0.26419767223826796,0.1565032415710714,0.14662601790920807,-2.767625376469038,-0.48415452241897583,-0.8247233033180237,0.07714992016553879,0.0009501872700639069,0.192955897924304,0.0,23.09999999999987,0.0
23.175,241.07893011448365,58.921069885516346,3.6254469946891956,-2.4543277412683606,-0.07173944180009333,301.26577130918713,-0.2624974871053263,0.15845790393424616,0.1421083192411498,-2.7627015007092135,-0.4837581515312195,-0.8220242857933044,0.07884105294942856,0.0009711699676699936,0.19299986737668515,0.0,23.17499999999987,0.0
23.25,241.35024728375512,58.649752716244876,3.60750457674133,-2.4578519489790036,-0.06825209324556314,301.24614778001614,-0.2607961119729681,0.16015517678664598,0.13744365750597135,-2.758024604876604,-0.48336338996887207,-0.8195356726646423,0.08008196204900742,0.0009920033626258373,0.1930321310132742,0.0,23.24999999999987,0.0
23.325,241.62022248154358,58.37977751845642,3.5897372735034954,-2.4611115540630992,-0.06455059325355268,301.226651902457,-0.25909330283078463,0.16158523001473538,0.13264653342830698,-2.753605400546177,-0.4829712510108948,-0.8172476887702942,0.08091895282268524,0.0010126350680366158,0.19305389277338983,0.0,23.324999999999868,0.0
23.4,241.88886895271966,58.11113104728034,3.5721503287188496,-2.4640921534903533,-0.060647537534815124,301.2072837969331,-0.25738891535930586,0.16274339397270962,0.12773105873326354,-2.749451845213592,-0.48258233070373535,-0.8151492476463318,0.08139917999505997,0.0010330163640901446,0.19306637867987156,0.0,23.399999999999867,0.0
23.474999999999998,242.15620031272573,57.84379968727427,3.554748485474298,-2.466780313067665,-0.05655604309064055,301.1880435871344,-0.25568289297731783,0.16363014515066107,0.12271083748420407,-2.745569221096023,-0.4821973443031311,-0.813225507736206,0.08156909793615341,0.001053100684657693,0.19307079654634,0.0,23.474999999999866,0.0
23.55,242.42223054239562,57.577769457604376,3.5375360103662254,-2.4691635291965914,-0.05228959919601549,301.16893138044907,-0.25397527376314283,0.16425100551676633,0.11759883740466856,-2.7419602578673947,-0.4818171262741089,-0.8114616274833679,0.0814744383096695,0.0010728457709774375,0.19306833539605142,0.0,23.549999999999866,0.0
23.625,242.68697392314314,57.31302607685686,3.520516710407269,-2.471230301101106,-0.047861920485417736,301.1499473070803,-0.25226617985146293,0.16461635484697776,0.1124073018988186,-2.738625271433477,-0.4814422130584717,-0.8098402619361877,0.08115911483764648,0.0010922132059931755,0.1930601369857788,0.0,23.624999999999865,0.0
23.7,242.9504450291943,57.0495549708057,3.5036939629031263,-2.4729700500936898,-0.04328680437550651,301.1310914646683,-0.25055580655976656,0.16474116259640162,0.10714766645744693,-2.7355623364208634,-0.48107320070266724,-0.8083441257476807,0.08066501468420029,0.001111168647184968,0.19304729038178922,0.0,23.699999999999864,0.0
23.775,243.21265866796332,56.787341332036675,3.487070739074322,-2.474373162059904,-0.03857799514765865,301.1123639378411,-0.24884441365099896,0.16464464454859865,0.10183050516068982,-2.732767473835029,-0.48071056604385376,-0.8069552779197693,0.08003111928701401,0.0011296856682747602,0.19303080910146236,0.0,23.774999999999864,0.0
23.849999999999998,243.47362989042907,56.526370109570934,3.4706496365025625,-2.475430915224678,-0.03374905555654084,301.0937647949654,-0.2471323179326692,0.16434985143131872,0.09646549703143305,-2.730234861953739,-0.48035478591918945,-0.8056560754776001,0.07929360121488571,0.0011477393563836813,0.19301163363158705,0.0,23.849999999999863,0.0
23.925,243.7333739211474,56.266626078852596,3.454432902391562,-2.4761354758955574,-0.028813247662540814,301.07529407835955,-0.24541988078477378,0.16388319731896667,0.09106141442637292,-2.7279570505183055,-0.4800061583518982,-0.8044295907020569,0.07848507165908813,0.0011653142282739282,0.1929906118631363,0.0,23.924999999999862,0.0
24.0,243.99190616084533,56.00809383915467,3.4384224665832597,-2.4764798814665494,-0.02378342409726547,301.0569517913077,-0.243707494814082,0.16327393685220837,0.08562613395802289,-2.725925190563713,-0.4796649217605591,-0.8032596111297607,0.0776347815990448,0.001182396663352847,0.19296850432157517,0.0,23.99999999999986,0.0
24.075,244.24924214236646,55.750757857633545,3.4226199682066305,-2.476457929936499,-0.018671930932880276,301.03873791429623,-0.24199557677123568,0.16255360164495314,0.08016666071551118,-2.724129260604131,-0.4793313145637512,-0.8021314740180969,0.0767681822180748,0.001198982005007565,0.19294597273766995,0.0,24.07499999999986,0.0
24.15,244.50539752548556,55.49460247451444,3.407026784641949,-2.4760641884067316,-0.013490522222996876,301.02065241157516,-0.24028454727515497,0.16175540542343078,0.0746891729326966,-2.722558295849061,-0.47900521755218506,-0.8010320067405701,0.07590710371732712,0.001215069554746151,0.19292358469665052,0.0,24.14999999999986,0.0
24.224999999999998,244.76038807876807,55.239611921231926,3.391644050938194,-2.4752939548371016,-0.008250288450991045,301.00269517575407,-0.23857482566282345,0.16091362895716874,0.06919908177932067,-2.7212006126509967,-0.4786868095397949,-0.7999503016471863,0.07506947964429855,0.0012306661810725927,0.19290180647075178,0.0,24.22499999999986,0.0
24.3,245.0142296381084,54.98577036189161,3.376472684221909,-2.4741431390664235,-0.0029615978930738057,300.98486612552597,-0.23686681906158094,0.16006299559595968,0.06370111068411204,-2.7200440308175406,-0.4783758521080017,-0.7988774180412292,0.07426947355270386,0.0012457813136279583,0.19288100631237032,0.0,24.29999999999986,0.0
24.375,245.266938104137,54.73306189586299,3.361513404518753,-2.472608271310408,0.0023659487580631605,300.9671650916848,-0.2351609095431929,0.15923804794042937,0.05819937996927381,-2.7190760880228027,-0.47807222604751587,-0.7978065609931946,0.07351775467395782,0.0012604318326339126,0.1928614616215229,0.0,24.374999999999858,0.0
24.45,245.51852943963502,54.48147056036498,3.3467667483734402,-2.470686438424754,0.007723549981394434,300.94959190829377,-0.2334574427717393,0.15847253718207704,0.05269749648785594,-2.7182842362301467,-0.47777557373046875,-0.7967338562011719,0.07282134145498276,0.0012746372958645225,0.19284335487782955,0.0,24.449999999999857,0.0
24.525,245.76901962807028,54.23098037192972,3.332233081182308,-2.4683751904202325,0.013103221225837819,300.93214638664085,-0.23175672525041033,0.15779883439222192,0.04719865936850384,-2.717656030949176,-0.477485716342926,-0.7956575751304626,0.07218416035175323,0.0012884211027994752,0.19282678816914559,0.0,24.524999999999856,0.0
24.599999999999998,246.01842468915058,53.98157531084942,3.3179126068293905,-2.4656725362152776,0.01849779994875246,300.91482830871837,-0.2300590189041016,0.15724737426672905,0.0417057644109078,-2.71717930058674,-0.47720223665237427,-0.7945787310600281,0.0716068297624588,0.001301813405007124,0.19281177757382395,0.0,24.599999999999856,0.0
24.675,246.2667606321714,53.73323936782859,3.3038053695073226,-2.462576884143375,0.02390093824862191,300.8976374337444,-0.22836453103340093,0.15684613946336579,0.036221512964430276,-2.7168423059109132,-0.47692471742630005,-0.7935011386871338,0.07108734548091888,0.001314844936132431,0.1927982709825039,0.0,24.674999999999855,0.0
24.75,246.51404347676305,53.48595652323695,3.2899112590848034,-2.4590869527240486,0.029307083088383465,300.8805735241881,-0.22667341589917528,0.15662019450899364,0.03074852581866035,-2.7166338777226167,-0.4766528010368347,-0.7924306988716125,0.07062102109193802,0.0013275467790663242,0.1927861465483904,0.0,24.749999999999854,0.0
24.825,246.76028921141378,53.23971078858622,3.276230003595166,-2.4552017919038747,0.0347114461730092,300.863636313235,-0.2249857652096819,0.1565912765289213,0.025289447746872588,-2.7165435369850073,-0.4763858914375305,-0.7913761734962463,0.07020103931427002,0.001339957700110972,0.19277522702217104,0.0,24.824999999999854,0.0
24.9,247.00551380643878,52.994486193561215,3.2627611690053424,-2.450920706573946,0.040109963151891095,300.84682555034124,-0.22330160460144016,0.1567774487170503,0.01984705155222489,-2.7165615967627756,-0.47612351179122925,-0.7903476357460022,0.06981853395700455,0.001352113438770175,0.19276528188288214,0.0,24.899999999999853,0.0
24.974999999999998,247.24973318287996,52.750266817120036,3.2495041489772136,-2.4462432098262825,0.04549924385245044,300.8301409719438,-0.22162090349506078,0.15719282293929462,0.01442432218810923,-2.7166792428775453,-0.47586530447006226,-0.7893578410148621,0.06946317106485367,0.0013640534598380327,0.1927560424476862,0.0,24.974999999999852,0.0
25.05,247.4929632099122,52.507036790087795,3.2364581500058094,-2.441169031451763,0.05087651473438562,300.8135823242428,-0.21994357807536372,0.15784735306200248,0.009024547228312028,-2.7168885911077765,-0.47561079263687134,-0.7884211540222168,0.06912331283092499,0.0013758131535723805,0.19274720613360405,0.0,25.04999999999985,0.0
25.125,247.73521967633715,52.26478032366285,3.223622180556154,-2.4356980542003885,0.05623955567022297,300.7971493371524,-0.21826948024289866,0.15874670206352223,0.0036513982307996105,-2.717182730110959,-0.47535932064056396,-0.7875530123710632,0.0687866359949112,0.0013874321011826396,0.1927384525358677,0.0,25.12499999999985,0.0
25.2,247.97651829317485,52.02348170682515,3.2109950354240993,-2.4298303180306693,0.061586629859474884,300.78084180571204,-0.21659841266693045,0.15989218583438594,-0.0016910099277564915,-2.717555740879572,-0.4751107096672058,-0.7867702841758728,0.06843992322683334,0.0013989461585879326,0.19272943800389766,0.0,25.19999999999985,0.0
25.275,248.21687466774662,51.78312533225338,3.1985752777967864,-2.423565977615715,0.06691641129112152,300.76465949236945,-0.21493013159704305,0.16128079246322638,-0.006998067271039387,-2.7180027014435644,-0.4748643636703491,-0.7860904335975647,0.06807006150484085,0.001410390017554164,0.19271982159912587,0.0,25.27499999999985,0.0
25.349999999999998,248.45630428293447,51.54369571706553,3.1863612223915228,-2.41690533633383,0.0722279092668779,300.74860220190294,-0.21326435143422998,0.16290527521795212,-0.012264633200242476,-2.718519667258317,-0.4746200442314148,-0.7855311632156372,0.06766392290592194,0.0014217979041859508,0.19270926199555397,0.0,25.34999999999985,0.0
25.425,248.69482248163303,51.305177518366975,3.174350916872473,-2.409848799526625,0.07752039237981233,300.73266976838204,-0.21160074899253087,0.16475431778622449,-0.01748501701528121,-2.719103635556432,-0.47437727451324463,-0.7851108312606812,0.06720901280641556,0.0014331996208056808,0.19269743433296682,0.0,25.424999999999848,0.0
25.5,248.9324444563811,51.06755554361891,3.1625421225025816,-2.402396874497887,0.08279331179901497,300.7168620356265,-0.20993897450262153,0.16681276677507345,-0.022652964214783272,-2.719752493055082,-0.4741359353065491,-0.7848466038703918,0.06669340282678604,0.001444623339921236,0.19268402847349644,0.0,25.499999999999847,0.0
25.575,249.16918521825156,50.830814781748444,3.1509322970069515,-2.3945502087521504,0.08804622703582844,300.7011788702289,-0.20827866109444423,0.16906192815948376,-0.02776167074373504,-2.720464953213766,-0.47389572858810425,-0.7847561240196228,0.06610619276762009,0.0014560905983671546,0.19266876101195812,0.0,25.574999999999847,0.0
25.65,249.40505956315735,50.59494043684265,3.1395185804308574,-2.386309555998151,0.09327873469400243,300.6856201876117,-0.20661943106999425,0.17147991973622365,-0.03280379810848316,-2.721240478467912,-0.4736565351486206,-0.7848547101020813,0.06543795019388199,0.0014676270075142384,0.19265138670504095,0.0,25.649999999999846,0.0
25.724999999999998,249.6400820848086,50.3599179151914,3.1282977813320194,-2.377675805894002,0.09849040111462234,300.6701859227069,-0.2049609052739107,0.1740420751511053,-0.037771523243440894,-2.722079185334788,-0.4734182357788086,-0.7851572632789612,0.06468043476343155,0.001479246886447072,0.19263169130384922,0.0,25.724999999999845,0.0
25.8,249.87426710212964,50.125732897870364,3.117266361076716,-2.3686500137830224,0.10368069961198707,300.65487602673284,-0.2033027157869766,0.1767213900947012,-0.042656587677741546,-2.7229817499136515,-0.473180890083313,-0.7856768369674683,0.06382706016302109,0.0014909644378349185,0.19260950356423856,0.0,25.799999999999844,0.0
25.875,250.10762867481418,49.89237132518582,3.106420426674297,-2.3592333752007804,0.10884895475871628,300.63969050295964,-0.2016445114041557,0.17948900294914139,-0.047450358173947355,-2.723949304841518,-0.472944438457489,-0.7864243984222412,0.06287308037281036,0.0015027883928269148,0.19258470008969308,0.0,25.874999999999844,0.0
25.95,250.34018056184664,49.65981943815336,3.0957557257537616,-2.3494272683616533,0.11399429297644365,300.6246293448917,-0.1999859673556877,0.1823147017573343,-0.05214390732348961,-2.724983327443475,-0.472709059715271,-0.787408709526062,0.06181549280881882,0.0015147264348343015,0.1925572028130293,0.0,25.949999999999843,0.0
26.025,250.5719361903916,49.4280638096084,3.0852676412870914,-2.3392332966465075,0.11911560091701795,300.6096926176474,-0.19832679138003595,0.185167448420565,-0.05672810473174812,-2.7260855268475477,-0.4724748134613037,-0.7886363863945007,0.0606532096862793,0.0015267778653651476,0.19252698345184327,0.0,26.024999999999842,0.0
26.099999999999998,250.8029086324671,49.19709136753289,3.0749511930062026,-2.328653263105501,0.12421149152453324,300.59488034074957,-0.196666730671741,0.1880159103606012,-0.06119370943196371,-2.727257734203172,-0.47224193811416626,-0.7901116013526917,0.059386879205703735,0.0015389423351734877,0.1924940588593483,0.0,26.09999999999984,0.0
26.175,251.03311058938868,48.966889410611316,3.064801040720247,-2.3176892002001424,0.12928027821994495,300.5801926151112,-0.19500558958783268,0.19082899104125176,-0.0655314685815736,-2.7285017949080554,-0.47201085090637207,-0.7918354868888855,0.058019135147333145,0.0015512144891545177,0.19245849751383068,0.0,26.17499999999984,0.0
26.25,251.2625543528805,48.7374456471195,3.0548114931595585,-2.3063434292865588,0.1343199584923733,300.565629522102,-0.19334322689460764,0.1935763500512945,-0.06973222899996691,-2.7298194613335234,-0.4717816710472107,-0.7938070893287659,0.05655409395694733,0.0015635861782357097,0.19242040644288064,0.0,26.24999999999984,0.0
26.325,251.4912517765659,48.50874822343411,3.044976520136716,-2.294618522370405,0.13932820541482044,300.5511911463386,-0.1916795586188177,0.1962289034579141,-0.07378704206966294,-2.731212300258979,-0.47155481576919556,-0.7960222363471985,0.05499771237373352,0.0015760459937155247,0.19237994052171709,0.0,26.32499999999984,0.0
26.4,251.71921428373636,48.28078571626364,3.0352897668081655,-2.28251737009345,0.14430236746791403,300.5368776017417,-0.19001456932162006,0.1987592977088915,-0.07768727635891136,-2.7326815982922796,-0.4713307023048401,-0.7984743714332581,0.053357288241386414,0.0015885805478319526,0.19233728949427606,0.0,26.39999999999984,0.0
26.474999999999998,251.94645278958998,48.05354721041002,3.0257445736815036,-2.2700431562304244,0.14923947718958075,300.5226889729279,-0.18834830941852254,0.2011423477593547,-0.08142472366312334,-2.7342282815366024,-0.47110962867736816,-0.8011546730995178,0.051641568541526794,0.0016011741245165467,0.1922926807820797,0.0,26.474999999999838,0.0
26.55,252.1729777323332,47.82702226766679,3.0163340003798185,-2.257199391685291,0.15413626650325635,300.508625364057,-0.18668090428847223,0.20335543273194145,-0.08499169620218078,-2.7358528451089077,-0.47089219093322754,-0.8040511608123779,0.049860306084156036,0.0016138111241161823,0.19224636795818806,0.0,26.549999999999837,0.0
26.625,252.39879900837704,47.60120099162296,3.0070508529144697,-2.243989918733271,0.15898919066505193,300.4946868532397,-0.18501254635393846,0.2053788438466323,-0.08838113309349792,-2.7375552948321293,-0.47067856788635254,-0.8071500658988953,0.048024214804172516,0.0016264700097963214,0.1921986295849085,0.0,26.624999999999837,0.0
26.7,252.62392599048033,47.37607400951967,2.99788770760002,-2.2304189237701513,0.1637944578385774,300.4808734892954,-0.18334349424476148,0.20719607794503303,-0.0915866882040574,-2.7393351010581664,-0.47046929597854614,-0.8104360699653625,0.04614473879337311,0.0016391335520893335,0.1921497632086277,0.0,26.699999999999836,0.0
26.775,252.84836750182853,47.151632498171466,2.988836948126988,-2.2164909373094503,0.16854806431939745,300.4671853210534,-0.18167408155282694,0.20879407318146095,-0.0946028009382664,-2.741191163313597,-0.47026485204696655,-0.8138904571533203,0.044233836233615875,0.0016517825424671173,0.19210007974207402,0.0,26.774999999999835,0.0
26.849999999999998,253.07213177715167,46.92786822284833,2.979890799752743,-2.2022108297290677,0.17324583689871387,300.4536223582918,-0.18000469615754514,0.21016338397602147,-0.09742478463921722,-2.743121786725105,-0.47006529569625854,-0.817494809627533,0.042303793132305145,0.0016643967246636748,0.19204989862143995,0.0,26.849999999999834,0.0
26.925,253.2952264834618,46.70477351653821,2.971041359049121,-2.187583811273542,0.17788347669055238,300.44018459125937,-0.17833578624706647,0.2112982913165244,-0.10004887253482676,-2.7451246714448785,-0.46987128257751465,-0.8212280869483948,0.04036697745323181,0.0016769578214734793,0.19199954141378403,0.0,26.924999999999834,0.0
27.0,253.51765869153908,46.48234130846092,2.9622806383036875,-2.1726154320509417,0.18245660825827373,300.4268719548886,-0.17666785721653244,0.21219684987603527,-0.10247226759024403,-2.74719691518444,-0.4696829319000244,-0.825069010257721,0.03843552619218826,0.0016894470900297165,0.1919493236809969,0.0,26.999999999999833,0.0
27.075,253.7394348811187,46.26056511888129,2.9536005986577023,-2.1573115607878868,0.18696083069815805,300.41368435807044,-0.17500146391661012,0.21286086933070414,-0.10469317568484893,-2.7493350268216483,-0.46950066089630127,-0.8289950489997864,0.03652161732316017,0.0017018495127558708,0.19189956205040218,0.0,27.074999999999832,0.0
27.15,253.96056093052295,46.039439069477055,2.94499319129497,-2.1416783763302005,0.1913917705599162,300.40062166087955,-0.17333720131488808,0.21329583306333777,-0.10671082953427957,-2.7515349442982235,-0.46932452917099,-0.8329840302467346,0.03463655710220337,0.0017141490243375301,0.1918505504846573,0.0,27.14999999999983,0.0
27.224999999999998,254.18104211148074,45.818957888519265,2.936450392874025,-2.1257223336494753,0.19574513503139962,300.3876836941308,-0.1716756945610438,0.2135107548882148,-0.10852548902428355,-2.7537920732142904,-0.4691547751426697,-0.8370129466056824,0.03279152512550354,0.0017263300251215696,0.1918025796532631,0.0,27.22499999999983,0.0
27.3,254.40088310986337,45.59911689013663,2.92796424594154,-2.1094501765926643,0.20001676481086225,300.3748702137509,-0.17001759439383746,0.2135179790228978,-0.1101384411294294,-2.7561013224347026,-0.4689914584159851,-0.8410595059394836,0.030996404588222504,0.001738384016789496,0.1917559065192938,0.0,27.29999999999983,0.0
27.375,254.62008800495067,45.379911995049326,2.9195268944684423,-2.092868908136058,0.20420268592712126,300.3621809431552,-0.16836356978112174,0.21333292567965884,-0.1115519798358978,-2.758457160879443,-0.46883469820022583,-0.8451020121574402,0.029260581359267235,0.0017503027338534594,0.19171077511534096,0.0,27.37499999999983,0.0
27.45,254.8386602901765,45.161339709823494,2.9111306184221943,-2.075985713903599,0.20829915928237852,300.34961554717256,-0.16671430437134346,0.21297378775544482,-0.11276937093698176,-2.760853668211715,-0.4686845541000366,-0.8491190671920776,0.027592366561293602,0.0017620768630877137,0.19166740153059364,0.0,27.44999999999983,0.0
27.525,255.05660288867642,44.94339711132358,2.902767869343391,-2.0588080089087715,0.2123027277891442,300.3371736515878,-0.16507048714815686,0.21246118494597035,-0.11379481684393868,-2.7632845945531934,-0.4685409665107727,-0.8530906438827515,0.025999050587415695,0.0017737008165568113,0.1916259753152728,0.0,27.524999999999828,0.0
27.599999999999998,255.2739181636673,44.726081836332696,2.894431300010747,-2.0413433398262466,0.21621026004244254,300.3248548138399,-0.16343279729440047,0.2118177808957863,-0.11463340363778743,-2.7657434269014796,-0.46840375661849976,-0.8569982051849365,0.024486767128109932,0.0017851770389825106,0.19158665594533086,0.0,27.599999999999827,0.0
27.675,255.4906079106672,44.509392089332806,2.886113791389973,-2.023599414734788,0.22001898864597313,300.31265854905905,-0.16180189752112772,0.2110678707434651,-0.11529103234150445,-2.7682234609204364,-0.4682728052139282,-0.8608242869377136,0.023060401901602745,0.0017965033184736967,0.19154957044944168,0.0,27.674999999999827,0.0
27.75,255.7066734093485,44.2933265906515,2.8778084825754284,-2.0055840138916414,0.223726544513388,300.30058433660497,-0.16017843462766562,0.21023694751042357,-0.11577435284684233,-2.7707178732303785,-0.46814799308776855,-0.8645530939102173,0.02172384411096573,0.0018076817505061626,0.19151481994688513,0.0,27.749999999999826,0.0
27.825,255.92211541575927,44.077884584240735,2.86950879251812,-1.9873050067281193,0.22733098545794736,300.2886315776973,-0.15856303531159743,0.20935125369584073,-0.11609069025294504,-2.7732197889969394,-0.4680291414260864,-0.8681710362434387,0.02047952450811863,0.0018187190871685743,0.1914824676372111,0.0,27.824999999999825,0.0
27.9,256.1369341986244,43.863065801375626,2.861208439021625,-1.9687702541240744,0.23083081918855408,300.27679965081325,-0.1569562936400643,0.20843732532221118,-0.11624795728800912,-2.7757223578957793,-0.4679158926010132,-0.8716656565666199,0.01932896301150322,0.001829623943194747,0.19145255303829908,0.0,27.899999999999824,0.0
27.974999999999998,256.3511295600783,43.64887043992172,2.8529014561429378,-1.9499876466521384,0.2342250203078955,300.26508789210993,-0.15535876074477661,0.20752153796833803,-0.11625457488730408,-2.778218823206233,-0.4678078889846802,-0.8750272393226624,0.018272271379828453,0.0018404038855805993,0.19142507905587555,0.0,27.974999999999824,0.0
28.05,256.56470085640836,43.435299143591635,2.8445822088627857,-1.9309650493415833,0.2375130399268381,300.2534955856672,-0.15377094982755246,0.20662966174439137,-0.11611937767365522,-2.7807025951460638,-0.4677049517631531,-0.8782475590705872,0.017308436334133148,0.0018510695081204176,0.19140001934468748,0.0,28.049999999999823,0.0
28.125,256.77764700843363,43.22235299156637,2.8362454004402817,-1.9117102081990665,0.2406948096752543,300.24202199281353,-0.15219332931975382,0.2057864325249451,-0.11585152325304042,-2.7831673174835125,-0.4676066040992737,-0.8813207745552063,0.016435453668236732,0.0018616359448060393,0.19137732179537417,0.0,28.124999999999822,0.0
28.2,256.9899665611165,43.01003343888351,2.8278860823734404,-1.8922308224499895,0.24377073890328452,300.2306663195218,-0.15062631973508706,0.20501514623439382,-0.1154604000406857,-2.785606929232592,-0.4675125479698181,-0.884242594242096,0.015650276094675064,0.0018721148371696472,0.19135690717846157,0.0,28.19999999999982,0.0
28.275,257.20165766542874,42.79834233457126,2.819499658998636,-1.8725344425579145,0.24674170560142322,300.21942775876687,-0.1490702927598637,0.2043372838015932,-0.11495554178433107,-2.7880157223009463,-0.46742236614227295,-0.8870111703872681,0.014948876574635506,0.0018825229490175843,0.19133867079094052,0.0,28.27499999999982,0.0
28.349999999999998,257.4127181561159,42.587281843884114,2.8110818845100933,-1.8526284702330604,0.24960904036894935,300.20830548400954,-0.14752556646239917,0.20377217131693098,-0.11434653592259979,-2.7903883964669056,-0.46733564138412476,-0.8896262049674988,0.014326252043247223,0.0018928758800029755,0.19132248255312442,0.0,28.34999999999982,0.0
28.425,257.62314553874137,42.37685446125863,2.8026288630141956,-1.8325201159398041,0.25237450536380357,300.1972986263736,-0.1459924050046697,0.20333668189188916,-0.11364293934789593,-2.792720109437564,-0.4672519564628601,-0.8920894265174866,0.013776911422610283,0.0019031920237466693,0.19130819969698787,0.0,28.42499999999982,0.0
28.5,257.8329370259742,42.16706297402578,2.794137045284619,-1.8122164201461868,0.255040266865451,300.18640632027973,-0.1444710221849668,0.20304498329701676,-0.11285419617320301,-2.7950065128970856,-0.46717095375061035,-0.8944041132926941,0.01329442672431469,0.001913486048579216,0.19129565509483218,0.0,28.49999999999982,0.0
28.575,258.04208957647865,41.957910423521355,2.785603219306596,-1.7917241853424286,0.25760886271116196,300.17562766430865,-0.14296158027631295,0.20290833502750352,-0.11198956269382794,-2.797243789522537,-0.46709221601486206,-0.8965749740600586,0.012871963903307915,0.0019237753003835678,0.19128467106148603,0.0,28.574999999999818,0.0
28.65,258.25059991046464,41.74940008953536,2.777024503690001,-1.7710499972881701,0.26008316552955885,300.16496177334693,-0.14146419644036343,0.2029349377647279,-0.11105804206968284,-2.799428678631987,-0.46701544523239136,-0.8986080288887024,0.012502219527959824,0.0019340773578733206,0.19127505770772696,0.0,28.649999999999817,0.0
28.724999999999998,258.4584645356146,41.54153546438539,2.7683983307466358,-1.750200178275113,0.2624663420450969,300.1544077264598,-0.13997893622005853,0.20312983661609946,-0.11006832167431486,-2.80155849294739,-0.46694010496139526,-0.9005112051963806,0.012177616357803345,0.0019444073550403118,0.1912666180253029,0.0,28.724999999999817,0.0
28.799999999999997,258.6656797833711,41.334320216628896,2.7597224420298745,-1.7291808126256338,0.2647618085384791,300.1439646157378,-0.13850581912711823,0.20349487919557735,-0.10902870914347013,-2.803631132558539,-0.4668659567832947,-0.9022918939590454,0.011890342459082603,0.0019547806587070227,0.19125914890393617,0.0,28.799999999999816,0.0
28.875,258.87224180116164,41.127758198838364,2.7509948676388194,-1.7079977254463943,0.26697318412515164,300.13363154305307,-0.13704482133303428,0.20402873029844382,-0.10794710162026484,-2.805645085022713,-0.46679258346557617,-0.9039599299430847,0.011632552370429039,0.001965208910405636,0.19125244636163116,0.0,28.874999999999815,0.0
28.95,259.0781466094274,40.92185339057261,2.7422139115347184,-1.6866564826345696,0.2691042414889828,300.1234075874613,-0.1355958873108486,0.2047269392134953,-0.1068309363363848,-2.8075994199578562,-0.4667198657989502,-0.9055246114730835,0.011396419256925583,0.001975707709789276,0.19124630690068006,0.0,28.949999999999815,0.0
29.025,259.28339011976556,40.716609880234444,2.7333781365114787,-1.6651624036271595,0.2711588574361385,300.1132918508197,-0.13415892938036006,0.2055820597095693,-0.10568716252193393,-2.8094937771316184,-0.4666473865509033,-0.9069961905479431,0.011174291372299194,0.0019862884655594826,0.1912405315756798,0.0,29.024999999999814,0.0
29.099999999999998,259.48796812715943,40.512031872840566,2.7244863498955048,-1.6435205104108346,0.2731409626427869,300.10328344475147,-0.1327338324732422,0.20658381927881306,-0.10452222051412281,-2.8113283484679923,-0.466575026512146,-0.9083846211433411,0.010958695784211159,0.0019969583954662085,0.1912349260903895,0.0,29.099999999999813,0.0
29.174999999999997,259.6918763488475,40.30812365115253,2.7155375823807617,-1.6217356422521128,0.2750544920168952,300.09338148086863,-0.13132045358707842,0.20771933491182337,-0.10334203327182874,-2.813103850959954,-0.46650242805480957,-0.9097002744674683,0.010742571204900742,0.0020077258814126253,0.19122930685132744,0.0,29.174999999999812,0.0
29.25,259.89511046062665,40.104889539373346,2.7065310731194967,-1.599812340975397,0.2769033360775928,300.0835850903145,-0.1299186329342857,0.20897337029007118,-0.10215199916408453,-2.8148214933595246,-0.46642959117889404,-0.9109529852867126,0.010519390925765038,0.00201859581284225,0.1912235041640699,0.0,29.24999999999981,0.0
29.325,260.09766607091746,39.902333929082545,2.6974662524710475,-1.5777549656860694,0.2786912941057846,300.07389339446036,-0.1285282043064554,0.21032863015320924,-0.1009569959185508,-2.816482934308628,-0.46635639667510986,-0.9121524095535278,0.01028299517929554,0.002029575640335679,0.19121735787466168,0.0,29.32499999999981,0.0
29.4,260.29953876224573,39.70046123775427,2.688342730147668,-1.555567633287505,0.2804220308518318,300.06430556350006,-0.12714899205552124,0.21176608535387226,-0.09976139274647429,-2.8180902429321377,-0.4662826657295227,-0.9133071303367615,0.010027935728430748,0.002040665363892913,0.1912107263289392,0.0,29.39999999999981,0.0
29.474999999999998,260.5007240990111,39.49927590098889,2.6791602743574634,-1.5332542864676562,0.28209903524493574,300.0548207611205,-0.12578081784449227,0.21326532387043454,-0.09856907567471701,-2.8196458500800627,-0.46620845794677734,-0.9144257307052612,0.00974917784333229,0.0020518656820058823,0.19120347862392664,0.0,29.47499999999981,0.0
29.549999999999997,260.70121764044893,39.29878235955107,2.6699188011152177,-1.5108186852022492,0.2837255838843158,300.045438164017,-0.12442350835105245,0.2148049206118074,-0.09738346749635801,-2.821152499840617,-0.466133713722229,-0.915515124797821,0.009442679584026337,0.0020631735678762197,0.1911955096691847,0.0,29.54999999999981,0.0
29.625,260.90101496136657,39.09898503863343,2.660618359857355,-1.4882644152552702,0.28530470808771935,300.03615696189763,-0.12307690386432957,0.21636281997572684,-0.09620756417419324,-2.822613192021191,-0.466058611869812,-0.9165820479393005,0.009104756638407707,0.0020745876245200634,0.19118672367259862,0.0,29.624999999999808,0.0
29.7,261.100111639175,38.899888360825,2.6512591228155267,-1.465594956163279,0.28683916608032456,300.02697635750474,-0.12174085867658473,0.21791672369999282,-0.09504396715873159,-2.8240311325641616,-0.4659830927848816,-0.9176312685012817,0.00873258151113987,0.002086103428155184,0.19117704711928965,0.0,29.699999999999807,0.0
29.775,261.29850329018285,38.70149670981715,2.6418413751225773,-1.44281364724651,0.2883314208799858,300.0178955698334,-0.12041524261587426,0.21944447832367098,-0.09389493163758317,-2.8254096781274494,-0.46590733528137207,-0.9186673760414124,0.008324133232235909,0.0020977130625396967,0.19116642746403814,0.0,29.774999999999807,0.0
29.849999999999998,261.4961855410794,38.5038144589206,2.6323655036411724,-1.4199237173495136,0.289783621758252,300.0089138048702,-0.11909995458162265,0.2209244549410469,-0.09276240403270071,-2.82675227580588,-0.46583157777786255,-0.919692873954773,0.007877955213189125,0.0021094095427542925,0.1911548268355429,0.0,29.849999999999806,0.0
29.924999999999997,261.69315408854766,38.30684591145234,2.6228319924151813,-1.3969283443351868,0.2911975930192212,300.0000303141637,-0.11779491913714457,0.22233591532166203,-0.09164807466126776,-2.828062411822976,-0.4657558798789978,-0.9207096695899963,0.007393373642116785,0.0021211844868957996,0.19114222771469505,0.0,29.924999999999805,0.0
30.0,261.88940465260816,38.110595347391836,2.613241414332151,-1.373830629585025,0.2925748270316863,299.9912443134567,-0.11650009325102764,0.2236593576619503,-0.0905534237424133,-2.829343559129296,-0.4656805992126465,-0.9217182993888855,0.006870260927826166,0.0021330276504158974,0.19112862678412348,0.0,29.999999999999805,0.0
30.075,262.08493303104706,37.91506696895294,2.6035944297368028,-1.3506336659908051,0.29391648336336,299.98255504127883,-0.11521546758014337,0.22487683705614656,-0.08947976954408925,-2.8305991285928886,-0.46560585498809814,-0.9227176904678345,0.006309157703071833,0.002144929487258196,0.19111403810027988,0.0,30.074999999999804,0.0
30.15,262.27973505794876,37.720264942051244,2.5938917831535386,-1.3273404699643176,0.29522339392909114,299.9739617328978,-0.1139410646248352,0.22597225538361768,-0.08842832429538304,-2.831832420369898,-0.46553194522857666,-0.9237063527107239,0.005711367819458246,0.002156877424567938,0.19109849556330594,0.0,30.149999999999803,0.0
30.224999999999998,262.47380663997217,37.52619336002783,2.5841342987746208,-1.303954113163692,0.29649607166914144,299.96546361708624,-0.11267693976308049,0.22693161550996258,-0.0874002347155921,-2.8330465763141843,-0.46545904874801636,-0.9246811270713806,0.005078357178717852,0.002168861450627446,0.19108203728664666,0.0,30.224999999999802,0.0
30.299999999999997,262.6671437719128,37.33285622808722,2.574322883409949,-1.2804776332638197,0.29773472548338364,299.95705992585863,-0.11142318467871327,0.22774323679350988,-0.08639662904548255,-2.834244548370236,-0.4653875231742859,-0.9256382584571838,0.004412439186125994,0.0021808696910738945,0.1910647234188393,0.0,30.2999999999998,0.0
30.375,262.85974250040357,37.14025749959643,2.5644585261368587,-1.2569141189345556,0.29893927917044943,299.9487498749645,-0.11017992836250051,0.22839792807339676,-0.08541865727507235,-2.8354290577013104,-0.46531760692596436,-0.9265729784965515,0.0037160427309572697,0.002192890038713813,0.1910466171110049,0.0,30.3749999999998,0.0
30.45,263.0515989679838,36.94840103201619,2.5545423016145463,-1.2332666885999937,0.3001093945442242,299.94053266713445,-0.10894733822545374,0.22888911569101733,-0.08446752901090639,-2.836602568350311,-0.4652496576309204,-0.9274796843528748,0.002992164809256792,0.0022049115505069494,0.19102779628504069,0.0,30.4499999999998,0.0
30.525,263.24270939236203,36.75729060763797,2.544575373082381,-1.2095384904361972,0.30124449886467647,299.9324074985966,-0.10772561190833757,0.22921292520264466,-0.08354455006253908,-2.8377672595419363,-0.4651837944984436,-0.9283521771430969,0.002244009170681238,0.0022169253788888454,0.1910083442384377,0.0,30.5249999999998,0.0
30.599999999999998,263.4330700975173,36.566929902482684,2.5345589943743736,-1.1857327406165754,0.3023438143603327,299.92437354604454,-0.10651497696694154,0.22936821586903555,-0.08265115227687887,-2.8389250073465195,-0.4651203751564026,-0.9291839003562927,0.001474963966757059,0.0022289184853434563,0.1909883490631357,0.0,30.5999999999998,0.0
30.674999999999997,263.62267750851714,36.37732249148286,2.52449451651107,-1.161852706314882,0.3034063910231719,299.9164299633958,-0.1053156925879738,0.2293565682708337,-0.08178891471693586,-2.840077372347162,-0.46505963802337646,-0.9299678206443787,0.0006886259652674198,0.0022408824879676104,0.19096790427509697,0.0,30.674999999999798,0.0
30.75,263.8115281333708,36.188471866629186,2.5143833892196086,-1.137901718450559,0.30443114109745417,299.9085758980723,-0.10412803832696513,0.22918222506806724,-0.08095958183154794,-2.841225590241259,-0.4650017023086548,-0.9306968450546265,-0.0001113484613597393,0.002252808306366205,0.19094710494000466,0.0,30.749999999999797,0.0
30.825,263.9996186096901,36.00038139030988,2.504227167266136,-1.1138831546974,0.30541687503624587,299.900810455169,-0.1029523091026214,0.2288519873074251,-0.08016507486337322,-2.842370570852083,-0.4649467468261719,-0.9313638210296631,-0.0009212600998580456,0.0022646875586360693,0.1909260472374037,0.0,30.824999999999797,0.0
30.9,264.18694568654234,35.813054313457656,2.494027516097563,-1.0898004564780006,0.3063623376785106,299.8931327398009,-0.10178881454631611,0.22837506873079222,-0.0794074987320343,-2.8435129009286166,-0.46489495038986206,-0.9319614768028259,-0.0017375345341861248,0.0022765144240111113,0.19090482410211118,0.0,30.899999999999796,0.0
30.974999999999998,264.37350624000305,35.62649375999695,2.483786215077314,-1.0656571289654608,0.30726624464156865,299.8855418180301,-0.10063788109047525,0.2277629108238321,-0.07868914695172591,-2.8446528523237165,-0.46484655141830444,-0.9324831366539001,-0.0025566103868186474,0.002288280287757516,0.19088352812994272,0.0,30.974999999999795,0.0
31.049999999999997,264.55929728352766,35.440702716472344,2.4735051599390783,-1.0414567155898633,0.30812731896103634,299.8780367363861,-0.09949983612184508,0.22702896135582173,-0.0780124930149791,-2.845790392499602,-0.4648014307022095,-0.9329224824905396,-0.003375000786036253,0.002299985382705927,0.19086224997956305,0.0,31.049999999999795,0.0
31.125,264.74431596276685,35.25568403723315,2.4631863662140345,-1.0172028022868191,0.30894432511097564,299.8706165186227,-0.09837501010966557,0.22618842151774307,-0.07738017541723947,-2.8469252025290155,-0.464759886264801,-0.9332738518714905,-0.004189539235085249,0.0023116208612918854,0.19084107197988778,0.0,31.124999999999794,0.0
31.2,264.92855958148823,35.07144041851177,2.4528319748550262,-0.9928990090020811,0.30971610258676824,299.8632801461895,-0.09726372235604785,0.22525796682553081,-0.07679498052609494,-2.8480567009129696,-0.4647216200828552,-0.9335317015647888,-0.004997293930500746,0.0023231867235153913,0.190820070357807,0.0,31.199999999999793,0.0
31.275,265.11202559380206,34.88797440619794,2.4424442508225317,-0.9685489811924787,0.31044159617232336,299.85602660705354,-0.0961662747991699,0.224255446523356,-0.07625983025074692,-2.8491840717451256,-0.4646867513656616,-0.9336920380592346,-0.005795757751911879,0.0023346804082393646,0.1907993102984503,0.0,31.274999999999793,0.0
31.349999999999998,265.2947116300829,34.70528836991713,2.432025586874264,-0.9441563770814244,0.3111198841206741,299.8488548501141,-0.0950829556311093,0.22319956707304234,-0.07577775197289724,-2.8503062930518257,-0.46465522050857544,-0.9337508678436279,-0.0065824310295283794,0.002346101449802518,0.19077885679323228,0.0,31.349999999999792,0.0
31.424999999999997,265.4766154891966,34.523384510803396,2.421578499175043,-0.9197248421634141,0.3117502024043346,299.84176380150666,-0.09401403441216034,0.2221095647178191,-0.07535185490622281,-2.8514221609464045,-0.4646269679069519,-0.9337059855461121,-0.007355432491749525,0.002357449848204851,0.19075875875521453,0.0,31.42499999999979,0.0
31.5,265.6577351514612,34.342264848538775,2.411105625641073,-0.895258009205444,0.3123319661008609,299.83475237760285,-0.09295974827672714,0.22100487244819625,-0.0749852900038585,-2.8525303292841566,-0.46460169553756714,-0.9335559010505676,-0.008113211020827293,0.0023687283974140882,0.1907390565134585,0.0,31.49999999999979,0.0
31.575,265.8380688071581,34.161931192841905,2.400609727976094,-0.8707595152465579,0.3128647867965292,299.8278194622253,-0.0919202977477877,0.21990478833873464,-0.07468121409063593,-2.85362934785508,-0.4645792841911316,-0.9332996010780334,-0.008854441344738007,0.002379938494414091,0.19071978452503682,0.0,31.57499999999979,0.0
31.65,266.0176148409889,33.98238515901107,2.390093684536448,-0.846232916613983,0.31334848545023747,299.8209639489728,-0.09089585200889594,0.2188281515465437,-0.07444276426036511,-2.854717690886829,-0.4645596146583557,-0.9329380393028259,-0.009578347206115723,0.0023910822346806526,0.190700962972641,0.0,31.64999999999979,0.0
31.724999999999998,266.196371839847,33.80362816015298,2.379560481270767,-0.8216817356641696,0.31378310148754573,299.81418470539165,-0.08988653885225721,0.21779302866742073,-0.07427301016117857,-2.855793794293143,-0.46454232931137085,-0.9324731230735779,-0.010284386575222015,0.002402164274826646,0.19068260594904424,0.0,31.72499999999979,0.0
31.799999999999997,266.37433861614977,33.62566138385023,2.3690132123053607,-0.797109426792475,0.31416889716387597,299.80748058602785,-0.08889243957893574,0.21681641732820486,-0.07417491022837829,-2.8568560944870613,-0.4645271897315979,-0.9319068193435669,-0.010972600430250168,0.0024131862446665764,0.1906647123888135,0.0,31.799999999999788,0.0
31.875,266.55151422598504,33.448485774014955,2.358455069117687,-0.7725193721860356,0.31450635820502787,299.80085045518854,-0.08791359168341664,0.2159139732915976,-0.0741512883039829,-2.8579030645321444,-0.46451395750045776,-0.9312437176704407,-0.011643290519714355,0.0024241553619503975,0.19064727444648744,0.0,31.874999999999787,0.0
31.95,266.72789794319175,33.27210205680825,2.34788932870665,-0.747914856326287,0.31479618950295823,299.79429316415553,-0.08694998098379915,0.2150997620500333,-0.07420478261946692,-2.8589332448186298,-0.464502215385437,-0.930488109588623,-0.012297116219997406,0.002435074420645833,0.19063027497828008,0.0,31.949999999999786,0.0
32.025,266.90348929046513,33.09651070953487,2.3373193469118396,-0.7232990744905776,0.3150393072071049,299.7878075739809,-0.08600154921862128,0.21438604172147463,-0.07433781355027008,-2.8599452747087337,-0.4644918441772461,-0.9296461343765259,-0.012934908270835876,0.002445948775857687,0.1906136923849583,0.0,32.024999999999785,0.0
32.1,267.0782880367668,32.92171196323318,2.3267485470357228,-0.6986751115063448,0.31523682677133175,299.78139255547876,-0.08506819286806319,0.21378307901979599,-0.07455254544806425,-2.8609379166311495,-0.4644824266433716,-0.9287241101264954,-0.013557977974414825,0.002456782618537545,0.19059749257266523,0.0,32.09999999999979,0.0
32.175,267.2522942102857,32.7477057897143,2.316180407862066,-0.6740459375034219,0.3153900478816348,299.77504697620043,-0.08414974931155283,0.21329900126978285,-0.07485085924866196,-2.8619100877813137,-0.4644734859466553,-0.9277296662330627,-0.01416790671646595,0.00246758246794343,0.1905816344253719,0.0,32.17499999999979,0.0
32.25,267.4255080958476,32.57449190415241,2.305618450221334,-0.6494143994155386,0.31550043540520945,299.7687697232341,-0.0832460123142414,0.21293968718584058,-0.07523432105097401,-2.8628608828620035,-0.4644649624824524,-0.9266708493232727,-0.014766212552785873,0.0024783487897366285,0.19056607847362758,0.0,32.249999999999794,0.0
32.324999999999996,267.5979302426916,32.402069757308425,2.295066225089712,-0.6247832124829543,0.31556959793322154,299.76255970970305,-0.08235673242176318,0.21270869736448325,-0.07570415631451217,-2.863789584886846,-0.46445637941360474,-0.9255563020706177,-0.015354910865426064,0.002489089500159025,0.19055077231749892,0.0,32.3249999999998,0.0
32.4,267.7695614618753,32.2304385381247,2.2845272981310583,-0.6001549899959329,0.3155992636154139,299.75641585847825,-0.08148161743084895,0.21260724433404277,-0.07626122875459353,-2.8646956870943288,-0.464447557926178,-0.9243954420089722,-0.01593601331114769,0.002499805297702551,0.19053566365391017,0.0,32.3999999999998,0.0
32.475,267.9404028288725,32.05959717112751,2.274005237576406,-0.5755321923057257,0.3155912545522831,299.75033712173627,-0.08062033890848506,0.21263420317878973,-0.07690601894958411,-2.865578902504203,-0.46443819999694824,-0.9231975078582764,-0.016511529684066772,0.0025105024687945843,0.19052070022821427,0.0,32.4749999999998,0.0
32.55,268.1104557017145,31.8895442982855,2.263503600169004,-0.5509171565703127,0.31554745964571274,299.7443224711633,-0.07977252745650862,0.21278616179370788,-0.07763861702484602,-2.8664391674486303,-0.4644279479980469,-0.9219723343849182,-0.0170836690813303,0.0025211810134351254,0.19050582460388543,0.0,32.549999999999805,0.0
32.625,268.2797216847003,31.72027831529971,2.25302591381915,-0.526312100999546,0.3154698056907658,299.73837091425185,-0.07893778499712618,0.21305750941930462,-0.07845871231347137,-2.8672766471833775,-0.4644167423248291,-0.9207300543785095,-0.017654594033956528,0.0025318439584225416,0.19049098055511715,0.0,32.62499999999981,0.0
32.699999999999996,268.44820267246246,31.551797327537543,2.242575667746407,-0.5017191248599638,0.3153602292210679,299.73248148777384,-0.07811568589481693,0.21344056118350682,-0.07936558447492106,-2.8680917336323524,-0.46440422534942627,-0.9194799661636353,-0.01822628825902939,0.002542491303756833,0.19047611650526525,0.0,32.69999999999981,0.0
32.775,268.61590080071585,31.38409919928415,2.2321562970148996,-0.477140216967627,0.3152206476614756,299.72665325453727,-0.07730578218056074,0.2139257167378301,-0.08035811515528342,-2.8688850365901595,-0.4643903374671936,-0.9182320237159729,-0.018800824880599976,0.0025531260762363672,0.1904611785531044,0.0,32.774999999999814,0.0
32.85,268.78281847736514,31.21718152263486,2.221771168645692,-0.4525772344459749,0.3150529312216097,299.72088532617454,-0.07650761014915021,0.21450164909441674,-0.08143478933936922,-2.869657377292906,-0.4643748998641968,-0.9169955849647522,-0.019380193203687668,0.0025637452490627766,0.19044611497670413,0.0,32.84999999999982,0.0
32.925,268.9489583643537,31.0510416356463,2.2114235699310547,-0.4280319664604687,0.31485887549996255,299.7151768305707,-0.07572069901550768,0.21515552015461878,-0.08259370501952437,-2.8704097783476104,-0.4643579125404358,-0.9157792925834656,-0.019966159015893936,0.0025743506848812103,0.19043087986558677,0.0,32.92499999999982,0.0
33.0,269.11432335692973,30.88567664307027,2.201116696829189,-0.4035060959743502,0.3146401768145441,299.7095269476845,-0.07494457448349333,0.21587321962888145,-0.08383259616762354,-2.8711434434825094,-0.4643392562866211,-0.9145917296409607,-0.020560186356306076,0.0025849388912320137,0.19041543515473605,0.0,32.99999999999982,0.0
33.074999999999996,269.2789166225256,30.721083377474372,2.190853639841454,-0.37900122949664844,0.31439840846094874,299.7039348900239,-0.07417875880745357,0.21663962176213536,-0.08514884879580671,-2.871859735415551,-0.4643188714981079,-0.9134408831596375,-0.021163688972592354,0.0025955087039619684,0.19039974408671262,0.0,33.074999999999825,0.0
33.15,269.4427415333602,30.55725846663978,2.180637377341014,-0.3545189140712495,0.3141349987702956,299.6983998928622,-0.07342278584208098,0.21743885643437957,-0.0865395207531624,-2.8725601602074153,-0.46429693698883057,-0.9123335480690002,-0.021777955815196037,0.0026060552336275578,0.19038377314880492,0.0,33.14999999999983,0.0
33.225,269.6058017027288,30.394198297271203,2.170470766859717,-0.33006063728086166,0.31385121341861916,299.69292124355115,-0.07267620283148368,0.21825458983028154,-0.08800137779564156,-2.8732463445192344,-0.4642733931541443,-0.9112760424613953,-0.02240380086004734,0.0026165766175836325,0.1903675011776388,0.0,33.22499999999983,0.0
33.3,269.76810095907973,30.23189904092027,2.1603565335237476,-0.30562784424061634,0.31354813975358853,299.68749824245197,-0.07193857118946896,0.21907030865484114,-0.08953092548182645,-2.8739200049898246,-0.4642483592033386,-0.910274088382721,-0.02304193004965782,0.002627068664878607,0.19035090981870892,0.0,33.299999999999834,0.0
33.375,269.92964333564373,30.070356664356268,2.150297265214168,-0.2812219588424768,0.31322667384092984,299.68213024525267,-0.0712094768122149,0.21986960391517626,-0.09112443686282658,-2.8745829239906535,-0.4642220139503479,-0.9093319773674011,-0.023692768067121506,0.002637527184560895,0.19033398803025484,0.0,33.37499999999984,0.0
33.449999999999996,270.0904330574728,29.909566942527192,2.140295408826616,-0.25684438375382235,0.31288751225350125,299.6768166141396,-0.07048852688964685,0.22063644962657528,-0.09277799369977262,-2.875236923595266,-0.4641943573951721,-0.9084535241127014,-0.024356428533792496,0.0026479447260499,0.1903167328581214,0.0,33.44999999999984,0.0
33.525,270.2504745388453,29.74952546115469,2.1303532632128572,-0.2324965301609233,0.31253114560437284,299.6715567698943,-0.06977535839958661,0.22135547122467206,-0.09448752374821628,-2.87588383618449,-0.46416574716567993,-0.9076412320137024,-0.025032833218574524,0.002658321987837553,0.19029914633631706,0.0,33.52499999999984,0.0
33.6,270.4097723754907,29.590227624509282,2.1204729753945895,-0.20817980077165807,0.31215785653111383,299.6663501235057,-0.06906964712322022,0.22201219974588518,-0.09624883997972439,-2.8765254770423057,-0.46413636207580566,-0.9068973660469055,-0.02572161704301834,0.002668647561222315,0.19028123795688154,0.0,33.599999999999845,0.0
33.675,270.56833130570186,29.43166869429814,2.1106565423705574,-0.18389564504967296,0.3117677211651422,299.66119614131594,-0.0683711025962426,0.22259330633068172,-0.09805767264136707,-2.8771636192407812,-0.46410638093948364,-0.9062221050262451,-0.0264221653342247,0.0026789181865751743,0.19026302370131018,0.0,33.67499999999985,0.0
33.75,270.7261562466285,29.273843753371523,2.1009058096464597,-0.159645525225481,0.31136061397748416,299.6560942896426,-0.06767947516073289,0.22308681558907764,-0.09990972086914146,-2.8777999662369314,-0.4640761613845825,-0.9056157469749451,-0.027133554220199585,0.0026891292072832584,0.19024452759027483,0.0,33.74999999999985,0.0
33.824999999999996,270.8832522139175,29.1167477860825,2.0912224688259013,-0.13543094603144037,0.3109362157182926,299.65104406084856,-0.06699455231026451,0.22348229230802705,-0.10180068556515709,-2.8784361246164374,-0.46404582262039185,-0.905077338218689,-0.027854789048433304,0.0026992736384272575,0.19022577548474073,0.0,33.824999999999854,0.0
33.9,271.03962438132857,28.960375618671435,2.081608061425046,-0.11125348870113486,0.3104940241240066,299.64604494403693,-0.06631616051252988,0.22377099958213786,-0.10372630325228105,-2.879073587640926,-0.4640157222747803,-0.9046050906181335,-0.028584659099578857,0.002709347289055586,0.19020679886341096,0.0,33.89999999999986,0.0
33.975,271.1952780237106,28.804721976289386,2.07206398391903,-0.08711477697027664,0.3100333684303233,299.64109647061514,-0.06564416711505217,0.22394602670550603,-0.10568238411734371,-2.879713714263936,-0.4639860987663269,-0.9041964411735535,-0.02932165563106537,0.002719343639910221,0.1901876369535923,0.0,33.97499999999986,0.0
34.05,271.3502185221833,28.649781477816703,2.0625914876292013,-0.06301650257192278,0.3095534256692005,299.6361981654977,-0.064978479579188,0.2240023839014832,-0.10766484680779771,-2.880357704725861,-0.4639572501182556,-0.9038483500480652,-0.030064042657613754,0.0027292603626847267,0.19016833489090204,0.0,34.04999999999986,0.0
34.125,271.5044513330312,28.495548666968773,2.053191684616233,-0.03896042523307655,0.3090532391494358,299.63134954055204,-0.0643190438095244,0.22393706304615746,-0.10966974523418509,-2.8810065855035747,-0.4639294147491455,-0.9035571217536926,-0.03081030398607254,0.002739090472459793,0.19014893209636213,0.0,34.124999999999865,0.0
34.199999999999996,271.65798201880597,28.342017981194033,2.0438655546804574,-0.01494840667095264,0.30853173898232156,299.6265501402163,-0.06366584659837192,0.22374906400772274,-0.11169329511379672,-2.8816612055974367,-0.46390295028686523,-0.9033183455467224,-0.03155861049890518,0.0027488311752676964,0.19012947612702846,0.0,34.19999999999987,0.0
34.275,271.810816191304,28.189183808695986,2.0346139500745233,0.009017636153445103,0.3079877652451715,299.621799502409,-0.06301890503177458,0.22343938656474002,-0.11373190224149282,-2.8823222213405213,-0.46387791633605957,-0.9031274914741516,-0.03230689465999603,0.002758478280156851,0.19011002073884012,0.0,34.27499999999987,0.0
34.35,271.9629595271171,28.037040472882893,2.0254376018430365,0.03293570978808272,0.30742009104588175,299.61709715528923,-0.0623782602780518,0.22301098817956688,-0.11578217998359372,-2.8829900860702065,-0.4638545513153076,-0.9029797911643982,-0.03305330127477646,0.0027680271305143833,0.19009061416685583,0.0,34.34999999999987,0.0
34.425,272.11441775207834,27.88558224792166,2.0163371268795602,0.056803731544270486,0.30682744573612836,299.6124426009633,-0.06174398093901581,0.22246870951002115,-0.11784096174122172,-2.8836650525064393,-0.4638330936431885,-0.9028698801994324,-0.03379596769809723,0.002777479123324156,0.1900713048398495,0.0,34.424999999999876,0.0
34.5,272.265196638671,27.734803361329,2.00731303500646,0.08061954224427106,0.3062085400549186,299.60783539363865,-0.061116161572452254,0.22181916898152498,-0.11990531750053753,-2.8843471730808425,-0.4638137221336365,-0.9027929306030273,-0.03453279286623001,0.0027868282049894333,0.19005214738547802,0.0,34.49999999999988,0.0
34.574999999999996,272.4153019645556,27.584698035444376,1.998365736891372,0.10438091897315586,0.3055620899759637,299.6032750159079,-0.06049491592490164,0.22107062775894568,-0.12197255668982485,-2.8850362979855197,-0.46379655599594116,-0.9027434587478638,-0.035262059420347214,0.002796073677018285,0.19003318645507097,0.0,34.57499999999988,0.0
34.65,272.56473956700364,27.43526043299636,1.989495551222609,0.12808555807642424,0.3048868407636228,299.59876098290397,-0.05988036926252697,0.2202328290051025,-0.12404023708818522,-2.885732086669193,-0.4637816548347473,-0.9027165770530701,-0.03598183020949364,0.0028052162379026413,0.1900144724145532,0.0,34.649999999999885,0.0
34.725,272.713515278096,27.286484721904003,1.9807027129972328,0.15173110066173384,0.30418158970021714,299.5942927869969,-0.059272658508529585,0.21931681400483452,-0.126106163820614,-2.8864340138556233,-0.46376919746398926,-0.9027072787284851,-0.03669051080942154,0.002814252395182848,0.18999604671895504,0.0,34.72499999999989,0.0
34.8,272.86163494546076,27.138365054539236,1.9719873784167432,0.17531513684574318,0.303445208029565,299.5898699107843,-0.058671918688005684,0.21833471852556002,-0.1281683867555454,-2.8871413815974436,-0.46375900506973267,-0.902711033821106,-0.037386324256658554,0.0028231844771653414,0.1899779555693269,0.0,34.79999999999989,0.0
34.875,273.00910442190616,26.99089557809384,1.963349631868038,0.19883521425346107,0.3026766602378934,299.5854918205828,-0.058078286190911245,0.21729955323452918,-0.13022519161164045,-2.8878533320164537,-0.46375131607055664,-0.9027237892150879,-0.03806803748011589,0.002832010854035616,0.18996023102551698,0.0,34.87499999999989,0.0
34.949999999999996,273.1559295576414,26.8440704423586,1.9547894938573929,0.22228882102266298,0.30187502275471745,299.5811579827314,-0.05749189121652015,0.2162249722208277,-0.13227508635407922,-2.8885688674556507,-0.4637458920478821,-0.9027414917945862,-0.038734108209609985,0.002840737346559763,0.18994291318655016,0.0,34.949999999999896,0.0
35.025,273.3021161899163,26.69788381008368,1.9463069280622092,0.2456734580398655,0.30103949980371664,299.57686785053966,-0.05691285782522484,0.21512503358072635,-0.13431679371052763,-2.8892868625371277,-0.4637429118156433,-0.9027609825134277,-0.03938346356153488,0.0028493590652942657,0.1899260299474001,0.0,35.0249999999999,0.0
35.1,273.44767015597444,26.552329844025564,1.9379018428278716,0.26898656670406856,0.3001694368598772,299.57262086755236,-0.05634128967886314,0.21401395605499482,-0.13634923269563648,-2.890006085194851,-0.4637419581413269,-0.9027795195579529,-0.04001519829034805,0.0028578827623277903,0.18990960484445096,0.0,35.0999999999999,0.0
35.175,273.5925972697321,26.407402730267904,1.9295740986480894,0.2922256096623628,0.29926433154871285,299.5684164675572,-0.05577727073603264,0.2129058759484459,-0.13837149877204744,-2.890725223012722,-0.4637431502342224,-0.9027948975563049,-0.040628496557474136,0.0028663077391684055,0.18989365908950567,0.0,35.174999999999905,0.0
35.25,273.73690333991914,26.263096660080862,1.9213235126223362,0.31538802831686336,0.2983238419495851,299.56425408759696,-0.055220864621581184,0.21181460942324234,-0.14038284505363008,-2.891442899348813,-0.46374619007110596,-0.9028053879737854,-0.04122278466820717,0.0028746372554451227,0.1898782075986266,0.0,35.24999999999991,0.0
35.324999999999996,273.8805941312039,26.119405868796093,1.9131498608843236,0.3384713108146918,0.2973477919595918,299.56013314517713,-0.05467210734468493,0.21075342263110106,-0.1423826624299227,-2.8921576976248096,-0.463750958442688,-0.9028103947639465,-0.041797831654548645,0.0028828736394643784,0.18986325637698173,0.0,35.32499999999991,0.0
35.4,274.0236754134385,25.976324586561475,1.9050528817397132,0.3614729410532948,0.2963361738178984,299.55605308386293,-0.0541310065513753,0.20973481406279648,-0.14437045054076464,-2.8928681856162317,-0.4637572169303894,-0.9028091430664062,-0.042353272438049316,0.0028910222463309765,0.18984881491661074,0.0,35.39999999999991,0.0
35.475,274.1661529098215,25.833847090178494,1.897032279038811,0.38439044967540836,0.2952891479279406,299.5520133048781,-0.05359753743023463,0.2087703133470093,-0.14634580188543936,-2.8935729326086457,-0.4637647271156311,-0.9028021693229675,-0.04288933053612709,0.0028990828432142735,0.1898348774060607,0.0,35.474999999999916,0.0
35.55,274.30803233059584,25.691967669404164,1.8890877216176158,0.4072214140653762,0.29420703950162375,299.54801325504013,-0.05307164481351682,0.2078702987269699,-0.1483083747262921,-2.8942705357319523,-0.46377331018447876,-0.9027902483940125,-0.043406106531620026,0.0029070593882352114,0.18982144123017788,0.0,35.54999999999992,0.0
35.625,274.44931933934896,25.55068066065104,1.8812188473718052,0.4299634413563979,0.29309033365456505,299.5440523746438,-0.052553237493435594,0.20704383651827135,-0.1502578696579825,-2.8949596370304524,-0.4637826085090637,-0.9027747511863708,-0.04390392825007439,0.002914956072345376,0.18980849786549808,0.0,35.62499999999992,0.0
35.699999999999996,274.59001958153345,25.409980418466546,1.8734252591534557,0.4526142321640389,0.2919396661229792,299.5401300909516,-0.0520421918577053,0.20629854487596713,-0.15219400694093202,-2.895638942007478,-0.46379250288009644,-0.9027579426765442,-0.044383466243743896,0.0029227747581899166,0.18979602987766267,0.0,35.699999999999925,0.0
35.775,274.7301386611314,25.269861338868623,1.8657065295539157,0.47517152110126226,0.2907558131764528,299.5362458703089,-0.0515383518374888,0.20564048391930714,-0.1541165007938193,-2.89630724250502,-0.46380263566970825,-0.9027417302131653,-0.044845372438430786,0.0029305201023817062,0.1897840203166008,0.0,35.77499999999993,0.0
35.85,274.8696821484376,25.13031785156238,1.858062196729088,0.49763314476331294,0.28953967928648505,299.53239916601615,-0.051041525728998664,0.20507407397217028,-0.1560250476495252,-2.896963429285348,-0.46381276845932007,-0.9027295708656311,-0.045290399342775345,0.0029381930362433195,0.18977244961708786,0.0,35.84999999999993,0.0
35.925,275.00865558005506,24.991344419944937,1.8504917639803313,0.5199969907384171,0.2882922818468542,299.5285894639178,-0.0505514909695476,0.2046020422507594,-0.15791929819916461,-2.8976065046571273,-0.4638226628303528,-0.9027242064476013,-0.045719604939222336,0.0029457975178956985,0.18976129027158023,0.0,35.92499999999993,0.0
36.0,275.1470644511223,24.852935548877724,1.8429947009535774,0.5422610400997157,0.2870147356953092,299.52481627592033,-0.05006798998286621,0.20422539965214218,-0.1597988476580017,-2.8982356003115726,-0.46383196115493774,-0.902729332447052,-0.04613405466079712,0.0029533361084759235,0.18975051457881928,0.0,35.999999999999936,0.0
36.074999999999996,275.28491421012905,24.715085789870955,1.8355704375309951,0.5644233674058301,0.2857082350654713,299.52107911714484,-0.04959074280210728,0.20394344671835113,-0.1616632201157763,-2.898849983663418,-0.46384066343307495,-0.9027486443519592,-0.04653474688529968,0.0029608104377985,0.1897400965809822,0.0,36.07499999999994,0.0
36.15,275.4222102744654,24.577789725534615,1.8282183641383813,0.5864820982080808,0.2843740354964813,299.51737751900373,-0.04911944823610302,0.20375380852986705,-0.1635118545693501,-2.8994490607360244,-0.46384841203689575,-0.9027860164642334,-0.04692292585968971,0.0029682216700166464,0.18973000392764808,0.0,36.14999999999994,0.0
36.225,275.558958007099,24.441041992900978,1.8209378286162856,0.6084354770387684,0.28301343477509705,299.5137110584683,-0.048653782918720745,0.20365249707102975,-0.1653440949334444,-2.9000323864398907,-0.4638550877571106,-0.9028455018997192,-0.04729976877570152,0.0029755732975900173,0.18972020601183176,0.0,36.224999999999945,0.0
36.3,275.69516272175485,24.304837278245145,1.8137281355157784,0.6302818249195241,0.28162775377538546,299.51007931901495,-0.04819340478823113,0.20363400068458834,-0.1671591826186457,-2.9005996664047182,-0.4638604521751404,-0.9029307961463928,-0.0476665124297142,0.0029828657861799,0.18971067067682745,0.0,36.29999999999995,0.0
36.375,275.8308296829141,24.1691703170859,1.8065885425077264,0.6520195266139855,0.2802183169805262,299.5064819231693,-0.047737959219967915,0.20369139849610005,-0.16895625752911114,-2.9011507560202294,-0.46386444568634033,-0.9030458927154541,-0.04802436754107475,0.002990097738802433,0.18970136644393207,0.0,36.37499999999995,0.0
36.449999999999996,275.9659640980407,24.034035901959328,1.7995182577642768,0.6736470561232949,0.2787864338555503,299.50291850972644,-0.04728708249253416,0.20381649700987367,-0.17073435348486724,-2.901685657478158,-0.4638668894767761,-0.9031946063041687,-0.048374515026807785,0.0029972754418849945,0.189692262609303,0.0,36.44999999999995,0.0
36.525,276.100571130539,23.89942886946102,1.792516438393642,0.6951629554391429,0.27733338032556054,299.4993887597884,-0.04684040687484804,0.2039999862568258,-0.17249239653407275,-2.9022045144954745,-0.46386778354644775,-0.9033801555633545,-0.04871797934174538,0.0030043942388147116,0.18968333253711464,0.0,36.524999999999956,0.0
36.6,276.2346558582819,23.765344141718117,1.7855821892833534,0.7165658515447322,0.27586038154109727,299.4958923544518,-0.046397570901853806,0.2042316136479762,-0.1742292146541295,-2.9027076027197243,-0.4638671278953552,-0.9036058783531189,-0.04905590042471886,0.0030114552937448025,0.18967454658895733,0.0,36.59999999999996,0.0
36.675,276.36822330989565,23.631776690104346,1.7787145606032524,0.7378544096706217,0.27436859610467557,299.49242903338563,-0.045958210017481516,0.20450037071323526,-0.17594354287809513,-2.903195325236645,-0.46386468410491943,-0.9038744568824768,-0.04938941448926926,0.003018458839505911,0.18966587522327902,0.0,36.67499999999996,0.0
36.75,276.50127844402516,23.49872155597484,1.7719125469767756,0.7590273587916417,0.27285910155262816,299.4889985492987,-0.045521969135843485,0.20479469086048263,-0.17763403424760293,-2.9036682043643944,-0.4638606905937195,-0.904188334941864,-0.049719229340553284,0.003025405341759324,0.18965730003714562,0.0,36.749999999999964,0.0
36.824999999999996,276.63382613896516,23.366173861034838,1.7651750850033274,0.7800834831298099,0.2713328814686572,299.4856006678783,-0.04508851257374165,0.2051026542828281,-0.17929926931202111,-2.9041268584575026,-0.46385514736175537,-0.9045496582984924,-0.050046153366565704,0.0030322920065373182,0.1896488000124693,0.0,36.82499999999997,0.0
36.9,276.76587120302554,23.23412879697446,1.758501056891128,0.801021600907658,0.2697908145557967,299.48223521016916,-0.044657518473145925,0.20541219538807748,-0.18093776752866977,-2.9045719932013383,-0.4638480544090271,-0.9049593210220337,-0.050370994955301285,0.003039120463654399,0.18964035413116218,0.0,36.89999999999997,0.0
36.975,276.89741835638705,23.10258164361295,1.751889288001139,0.8218405643502125,0.2682336660532541,299.47890198416917,-0.04422868307656794,0.20571131109157972,-0.18254801396709944,-2.9050043907991396,-0.4638395309448242,-0.9054185748100281,-0.05069432407617569,0.0030458862893283367,0.18963194757401944,0.0,36.97499999999997,0.0
37.05,277.02847223887557,22.971527761124435,1.745338546495615,0.8425392426877134,0.26666208112459605,299.4756008564723,-0.04380173488185384,0.2059882649180691,-0.18412846951665285,-2.9054248888084024,-0.4638298749923706,-0.9059277772903442,-0.051016416400671005,0.0030525915790349245,0.18962357317358255,0.0,37.049999999999976,0.0
37.125,277.1590373970038,22.84096260299623,1.7388475449402487,0.8631165434025709,0.2650765802190632,299.4723316838972,-0.04337642783792545,0.20623178341297776,-0.18567758441763932,-2.9058343598925687,-0.4638190269470215,-0.9064866900444031,-0.05133778229355812,0.003059233073145151,0.18961521766036749,0.0,37.12499999999998,0.0
37.199999999999996,277.2891182839651,22.71088171603492,1.7324149441595686,0.8835713569909577,0.26347755746101853,299.46909435256157,-0.04295253785725739,0.20643124252998798,-0.1871938203785873,-2.906233704800325,-0.4638071656227112,-0.9070944786071777,-0.0516585037112236,0.0030658100731670856,0.1896068789035082,0.0,37.19999999999998,0.0
37.275,277.4187192518612,22.581280748138795,1.7260393514300392,0.9039025952056328,0.26186528034305806,299.4658887680898,-0.04252987882139205,0.2065768413472803,-0.18867567044582312,-2.9066238292265516,-0.46379464864730835,-0.9077503681182861,-0.051978662610054016,0.0030723209492862225,0.1895985547721386,0.0,37.274999999999984,0.0
37.35,277.5478445491068,22.4521554508932,1.7197193276474563,0.9241091570633594,0.26023989166510103,299.4627148426348,-0.042108308265515815,0.20665975867837677,-0.190121669895774,-2.9070056277187897,-0.4637817144393921,-0.9084519147872925,-0.052298322319984436,0.0030787652358412743,0.1895902436196804,0.0,37.34999999999999,0.0
37.425,277.6764983230202,22.323501676979788,1.7134533894648083,0.9441899245955119,0.2586014156673149,299.459572501351,-0.04168770879663284,0.20667229125202605,-0.19153042749120222,-2.907379969905888,-0.4637683033943176,-0.909197211265564,-0.05261708423495293,0.00308513967320323,0.18958195580989123,0.0,37.42499999999999,0.0
37.5,277.80468459390556,22.195315406094437,1.7072400109292485,0.9641437840964506,0.2569497631645536,299.45646165963217,-0.04126800068951694,0.20660797107390802,-0.19290063922413392,-2.907747680858422,-0.46375495195388794,-0.9099833369255066,-0.052934952080249786,0.003091444494202733,0.1895736912459135,0.0,37.49999999999999,0.0
37.574999999999996,277.9324072835586,22.067592716441425,1.701077629725054,0.9839695666328896,0.25528474060187806,299.45338227193633,-0.04084914040583162,0.20646166085156875,-0.19423110515330558,-2.908109533473123,-0.463741660118103,-0.9108070731163025,-0.053251445293426514,0.003097680164501071,0.1895654624223709,0.0,37.574999999999996,0.0
37.65,278.0596701997205,21.940329800279528,1.6949646494505095,1.0036660990348965,0.25360606067644226,299.4503342634084,-0.04043111116013821,0.2062296247931101,-0.19552074578844716,-2.9084662315727474,-0.463728666305542,-0.911665141582489,-0.05356603488326073,0.00310384389013052,0.18955728309303524,0.0,37.65,0.0
37.725,278.18647701533706,21.81352298466294,1.688899447215245,1.023232178403506,0.25191335281637656,299.4473175820026,-0.04001393772476857,0.2059095754526634,-0.19676861217917446,-2.9088183968383055,-0.46371638774871826,-0.9125532507896423,-0.05387832596898079,0.003109934739768505,0.1895491635248065,0.0,37.725,0.0
37.8,278.31283128670304,21.687168713296956,1.6828803789166735,1.0426665636105237,0.2502061772515296,299.4443321528688,-0.03959767591088686,0.20550069540047536,-0.19797390630129982,-2.9091665628490038,-0.46370482444763184,-0.9134675860404968,-0.05418766662478447,0.0031159534119069576,0.1895411206677556,0.0,37.800000000000004,0.0
37.875,278.4387364508714,21.561263549128626,1.6769057820255848,1.0619679837970242,0.2484840384824633,299.441377904418,-0.03918240995549764,0.20500363269196634,-0.19913598756007456,-2.9095111647413763,-0.46369433403015137,-0.9144036173820496,-0.054493412375450134,0.0031218980439007282,0.1895331712782383,0.0,37.87500000000001,0.0
37.949999999999996,278.56419581268995,21.435804187310055,1.6709739843140343,1.0811351213783347,0.2467464003627651,299.43845476180786,-0.038768250887223146,0.2044204725238483,-0.20025438375817514,-2.9098525322610937,-0.46368497610092163,-0.9153568148612976,-0.054794881492853165,0.003127770032733679,0.18952533308118583,0.0,37.95000000000001,0.0
38.025,278.6892125473983,21.310787452601687,1.6650833084540477,1.1001666502857255,0.24499270114572155,299.43556263067967,-0.0383553352589928,0.20375468447844233,-0.20132880007074697,-2.910190886082549,-0.4636770486831665,-0.9163225889205933,-0.05509139597415924,0.0031335712410509586,0.18951762370467187,0.0,38.02500000000001,0.0
38.1,278.8137897109904,21.18621028900958,1.6592320768797943,1.1190611849759782,0.24322236906153177,299.43270142317533,-0.03794381815657971,0.2030110469646916,-0.20235912237406703,-2.9105263363391187,-0.463670551776886,-0.9172964692115784,-0.0553823783993721,0.003139300737529993,0.18951005816161634,0.0,38.100000000000016,0.0
38.175,278.93793022466684,21.062069775333157,1.653418619123749,1.1378173229241682,0.24143483781484834,299.4298710156322,-0.037533877321541606,0.20219555026205593,-0.2033454170042836,-2.9108588837210165,-0.46366584300994873,-0.9182737469673157,-0.05566687136888504,0.0031449575908482075,0.189502661344409,0.0,38.17500000000002,0.0
38.25,279.061636890389,20.938363109610975,1.6476412771040727,1.1564336616183992,0.23962956225989132,299.4270712941666,-0.037125697087398955,0.20131528052616612,-0.20428793336231263,-2.911188412486223,-0.46366268396377563,-0.9192501306533813,-0.055944353342056274,0.0031505441293120384,0.18949544681310654,0.0,38.25000000000002,0.0
38.324999999999996,279.1849123701335,20.815087629866525,1.6418984110527863,1.1749087178290087,0.2378060321938698,299.42430211234205,-0.03671947059626606,0.20037828638325658,-0.2051871005435246,-2.9115147034340225,-0.46366143226623535,-0.920221209526062,-0.05621420592069626,0.0031560631468892097,0.1894884306460619,0.0,38.325000000000024,0.0
38.4,279.3077592170111,20.692240782988904,1.6361884047522393,1.1932410508293132,0.23596378674393056,299.42156332046943,-0.03631540136389668,0.19939343173175406,-0.20604352476238652,-2.9118374359754227,-0.4636620283126831,-0.9211830496788025,-0.05647572502493858,0.0031615127809345722,0.1894816311493516,0.0,38.40000000000003,0.0
38.475,279.43017984415087,20.56982015584913,1.6305096704433772,1.2114291689186227,0.23410242720375624,299.4188547493436,-0.0359136906878451,0.1983702354998767,-0.20685798096643737,-2.9121561914816922,-0.4636644721031189,-0.9221318364143372,-0.05672840029001236,0.0031668972223997116,0.1894750615924597,0.0,38.47500000000003,0.0
38.55,279.5521765480372,20.44782345196279,1.6248606553764895,1.2294715974054253,0.23222162817512892,299.4161761939404,-0.0355145388535526,0.1973187029929565,-0.20763140549136894,-2.9124704654228077,-0.4636688232421875,-0.9230639338493347,-0.056971851736307144,0.003172217635437846,0.18946873185485602,0.0,38.55000000000003,0.0
38.625,279.6737515188753,20.326248481124708,1.6192398446200538,1.2473668531116024,0.23032114829194925,299.41352748831696,-0.03511813859593299,0.19624915122152353,-0.2083648893820216,-2.912779677253702,-0.46367496252059937,-0.9239763617515564,-0.05720553919672966,0.0031774756498634815,0.18946265598088505,0.0,38.625000000000036,0.0
38.699999999999996,279.7949068146719,20.20509318532811,1.6136457656194922,1.2651134656208058,0.22840083875484124,299.41090840794277,-0.03472467127919556,0.19517203079757184,-0.2090596627990208,-2.913083177415847,-0.4636828899383545,-0.9248664379119873,-0.057429175823926926,0.003182673593983054,0.1894568414285779,0.0,38.70000000000004,0.0
38.775,279.9156443949326,20.0843556050674,1.6080769919225024,1.282709968776557,0.22646064982730957,299.40831871199225,-0.034334305139382605,0.1940977480268237,-0.20971707924292318,-2.9133802612137383,-0.46369248628616333,-0.9257317185401917,-0.057642530649900436,0.0031878140289336443,0.1894512942031026,0.0,38.77500000000004,0.0
38.85,280.0359660947426,19.964033905257395,1.60253214660012,1.3001549219306217,0.22450063633853495,299.40575817594845,-0.03394718999718441,0.1930364901823885,-0.21033860368382115,-2.9136701831310843,-0.46370363235473633,-0.9265705347061157,-0.057845454663038254,0.0031928964890539646,0.18944601817876103,0.0,38.850000000000044,0.0
38.925,280.15587366624345,19.84412633375655,1.5970099063938672,1.3174469311840196,0.22252096078319958,299.4032265557553,-0.033563458758007064,0.19199805665333816,-0.21092579491154947,-2.9139521686981786,-0.4637162685394287,-0.9273810982704163,-0.05803784355521202,0.00319792702794075,0.1894410160675645,0.0,38.92500000000005,0.0
39.0,280.2753687423385,19.724631257661486,1.591509001979027,1.334584611149015,0.2205218951398823,299.4007235747986,-0.033183218096520736,0.19099169898191573,-0.21148029396872142,-2.9142254258400775,-0.4637300968170166,-0.9281628131866455,-0.05821971595287323,0.003202905645594001,0.1894362873852253,0.0,39.00000000000005,0.0
39.074999999999996,280.39445286780466,19.60554713219534,1.5860282221972146,1.3515666359350171,0.21850381977231564,299.3982489792643,-0.032806552152480774,0.19002597189726964,-0.21200380214678266,-2.9144891608486407,-0.4637451171875,-0.9289145469665527,-0.05839124321937561,0.003207833506166935,0.18943182767629624,0.0,39.07500000000005,0.0
39.15,280.51312749410687,19.486872505893132,1.5805664128731036,1.3683917306509317,0.21646722167641913,299.3958024990666,-0.032433522953470593,0.18910859889513676,-0.2124980710291905,-2.914742590738523,-0.4637610912322998,-0.9296367764472961,-0.05855249986052513,0.00321271363645792,0.18942763500362636,0.0,39.150000000000055,0.0
39.225,280.63139399235774,19.368606007642256,1.5751224783266957,1.3850586586564184,0.21441269032296195,299.3933838543394,-0.032064159097260445,0.1882463521703513,-0.21296487520065613,-2.9149849548213886,-0.46377772092819214,-0.9303293824195862,-0.05870387330651283,0.0032175497617572546,0.18942369929403066,0.0,39.22500000000006,0.0
39.3,280.7492536455436,19.250746354456396,1.5696953831652516,1.4015662470573909,0.2123409116188499,299.3909927847576,-0.03169845941588676,0.18744495151479737,-0.2134060004410688,-2.915215533138323,-0.46379488706588745,-0.9309932589530945,-0.05884576588869095,0.003222341649234295,0.18942001008689405,0.0,39.30000000000006,0.0
39.375,280.8667076588941,19.133292341105914,1.5642841506280143,1.4179133952031004,0.21025266063494596,299.38862900070853,-0.03133640130643248,0.18670898230242997,-0.21382322588126018,-2.9154336550271718,-0.4638124704360962,-0.9316294193267822,-0.05897847190499306,0.00322709116153419,0.1894165597304702,0.0,39.375000000000064,0.0
39.449999999999996,280.98375717025107,19.016242829748933,1.5588878636632497,1.4340990746850044,0.208148792970863,299.3862922320882,-0.03097793799357574,0.18604183323475174,-0.21421830800389463,-2.915638704862662,-0.46383023262023926,-0.9322391152381897,-0.05910249054431915,0.0032317996956408024,0.18941333524584772,0.0,39.45000000000007,0.0
39.525,281.1004032552497,18.899596744750284,1.5535056624854728,1.4501223038415467,0.20603023487094374,299.38398222183423,-0.030622990645660944,0.1854456550924281,-0.21459296816355006,-2.915830135890243,-0.4638478755950928,-0.9328241944313049,-0.05921844765543938,0.0032364700455218554,0.1894103203609586,0.0,39.52500000000007,0.0
39.6,281.21664691176994,18.783353088230058,1.5481367433335793,1.4659821860018354,0.2038979719330106,299.3816987030991,-0.03027145323341288,0.18492134118485037,-0.2149488754308068,-2.9160074829673386,-0.4638652801513672,-0.933386504650116,-0.05932695046067238,0.0032411024440079927,0.18940749928802253,0.0,39.60000000000007,0.0
39.675,281.33248909104327,18.66751090895673,1.5427803556132842,1.48167791798046,0.2017530373261049,299.37944142206516,-0.02992320125346267,0.18446852973527172,-0.21528763285319444,-2.916170365691816,-0.46388232707977295,-0.9339285492897034,-0.059428438544273376,0.00324569595977664,0.1894048605978489,0.0,39.675000000000075,0.0
39.75,281.44793069246333,18.55206930753667,1.5374358036527167,1.497208743337864,0.19959649892938972,299.37721014117733,-0.02957808623458698,0.18408562685194363,-0.21561076240603497,-2.916318491553061,-0.4638987183570862,-0.9344520568847656,-0.059523843228816986,0.0032502554822713137,0.18940238007605076,0.0,39.75000000000008,0.0
39.824999999999996,281.562972555813,18.43702744418698,1.5321024422291099,1.5125739863740648,0.19742944683685926,299.3750046326477,-0.029235939690667314,0.18376985089140863,-0.2159197070108438,-2.9164516674493086,-0.4639143943786621,-0.934959888458252,-0.059613537043333054,0.0032547777518630028,0.18940004803687335,0.0,39.82500000000008,0.0
39.9,281.67761548718767,18.322384512812334,1.5267796727791452,1.527773064873143,0.195252979468108,299.3728246849587,-0.02889658397631822,0.1835172958922205,-0.21621581575334448,-2.9165697925794087,-0.46392929553985596,-0.9354543089866638,-0.059698425233364105,0.0032592653296887875,0.18939784094393255,0.0,39.900000000000084,0.0
39.975,281.7918602356586,18.20813976434141,1.5214669421435305,1.5428054306182775,0.193068190737457,299.3706700833354,-0.028559830136158905,0.18332301300200438,-0.21650033778389524,-2.916672866994003,-0.4639432430267334,-0.9359379410743713,-0.05977904424071312,0.0032637151889503,0.18939574484974148,0.0,39.97500000000009,0.0
40.05,281.9057075321633,18.09429246783668,1.516163738490845,1.5576706331241206,0.19087615739290759,299.3685406553145,-0.028225473106748653,0.18318110837141827,-0.21677441636747724,-2.9167609889546493,-0.4639560580253601,-0.9364133477210999,-0.05985613912343979,0.003268131520599127,0.18939374038279058,0.0,40.05000000000009,0.0
40.125,282.01915805580336,17.98084194419664,1.5108695890235364,1.572368289896722,0.18867792599717725,299.36643621214535,-0.027893302952171167,0.18308485630215685,-0.21703908418071563,-2.9168343545407756,-0.46396780014038086,-0.9368829131126404,-0.05993026867508888,0.003272511065006256,0.18939181301444769,0.0,40.12500000000009,0.0
40.199999999999996,282.13221245717,17.86778754283,1.505584059438172,1.5868980481890054,0.18647450135484547,299.3643566074047,-0.02756311388276492,0.18302682537525702,-0.21729526461194765,-2.9168932504919876,-0.46397846937179565,-0.9373487830162048,-0.060001980513334274,0.0032768542878329754,0.1893899485066533,0.0,40.200000000000095,0.0
40.275,282.24487136612737,17.75512863387263,1.5003067468806304,1.601259648736543,0.1842668357085871,299.36230170767067,-0.02723469659714882,0.1829990141426951,-0.21754377507261127,-2.9169380476165667,-0.46398788690567017,-0.9378133416175842,-0.06007184088230133,0.003281162353232503,0.18938813213706018,0.0,40.2750000000001,0.0
40.35,282.3571353736609,17.642864626339076,1.4950372784994226,1.6154528620229132,0.1820558182548705,299.36027137626934,-0.02690784463082051,0.1829929947079556,-0.2177853244330758,-2.9169692004056205,-0.46399617195129395,-0.9382784366607666,-0.06014051288366318,0.0032854327000677586,0.18938634666502477,0.0,40.3500000000001,0.0
40.425,282.4690050526157,17.530994947384272,1.4897753102815712,1.6294775052738688,0.17984226682988036,299.3582654927882,-0.026582364366473103,0.18300006244705525,-0.21802051864067165,-2.9169872397973835,-0.46400338411331177,-0.9387456774711609,-0.06020817160606384,0.0032896618358790874,0.18938458753824236,0.0,40.425000000000104,0.0
40.5,282.58048094992137,17.419519050078634,1.4845205219362116,1.6433334467072944,0.17762692001782235,299.35628397913933,-0.026258075981603887,0.18301138798351135,-0.21824986845874753,-2.9169927563468554,-0.4640095829963684,-0.9392167925834656,-0.06027550250291824,0.003293855581432581,0.18938283693492414,0.0,40.50000000000011,0.0
40.574999999999996,282.69156359954854,17.308436400451455,1.4792726166163417,1.6570205757880323,0.17541043157789443,299.3543267572254,-0.025934807825300193,0.18301816882367836,-0.21847379239005557,-2.91698640052758,-0.4640147089958191,-0.9396925568580627,-0.060342609882354736,0.003298006486147642,0.1893810921430588,0.0,40.57500000000011,0.0
40.65,282.8022535043663,17.19774649563368,1.4740313167589276,1.6705388159771897,0.17319336548880915,299.35239374568937,-0.025612407953853212,0.18301177961055265,-0.2186926308247401,-2.9169688662314024,-0.4640190601348877,-0.9401742815971375,-0.060409873723983765,0.0033021154813468456,0.18937934328317643,0.0,40.65000000000011,0.0
40.725,282.9125511568785,17.08744884312148,1.4687963627057,1.683888124729874,0.17097619274784892,299.35048487618906,-0.025290746094631788,0.18298391680153075,-0.2189066482981244,-2.91694088220553,-0.4640226364135742,-0.9406622052192688,-0.06047751009464264,0.0033061830326914787,0.1893775847375393,0.0,40.725000000000115,0.0
40.8,283.0224570288505,16.97754297114949,1.46356750998724,1.697068446756132,0.16875929006174023,299.34860011619594,-0.02496971477342195,0.18292673596605993,-0.21911604660450248,-2.916903203081392,-0.46402567625045776,-0.9411570429801941,-0.06054563820362091,0.003310207510367036,0.18937581340670587,0.0,40.80000000000012,0.0
40.875,283.131971579092,16.86802842090799,1.4583445301677347,1.7100797735076194,0.16654294000581724,299.3467394103827,-0.024649232510386188,0.18283297948373792,-0.21932097063320216,-2.9168565952476544,-0.4640282988548279,-0.9416581988334656,-0.060614220798015594,0.003314187051728368,0.1893740302592516,0.0,40.87500000000012,0.0
40.949999999999996,283.2410952456732,16.758904754326807,1.453127207092097,1.7229220751927152,0.16432733298835672,299.3449027197007,-0.024329236610879226,0.18269609301663234,-0.2195215277644979,-2.9168018234623676,-0.46403056383132935,-0.9421659111976624,-0.06068327650427818,0.003318121889606118,0.18937223481088877,0.0,40.950000000000124,0.0
41.025,283.34982845629474,16.650171543705255,1.4479153372633862,1.735595313522715,0.16211256967632864,299.3430900116073,-0.024009687498179184,0.18251032813641707,-0.21971779132872674,-2.9167396445110865,-0.46403270959854126,-0.9426789879798889,-0.06075286120176315,0.0033220103941857815,0.18937042560875417,0.0,41.02500000000013,0.0
41.1,283.4581716179243,16.54182838207572,1.4427087292657015,1.7480994884531542,0.1598986657391385,299.3413012568226,-0.023690576206094712,0.18227083097515837,-0.21990981963480094,-2.9166707982807747,-0.4640349745750427,-0.9431968331336975,-0.06082279607653618,0.003325851634144783,0.18936860730201008,0.0,41.10000000000013,0.0
41.175,283.5661251349326,16.433874865067423,1.4375072018456785,1.7604345574487699,0.1576855575329518,299.3395364097787,-0.023371926370000136,0.1819737134927162,-0.22009766270038025,-2.9165959925221845,-0.46403759717941284,-0.9437181353569031,-0.06089291721582413,0.0033296451438218355,0.18936678415238858,0.0,41.17500000000013,0.0
41.25,283.67368939095104,16.32631060904896,1.4323105850283766,1.772600456731021,0.15547310988215465,299.3377954509624,-0.02305377922919983,0.1816161072564634,-0.22028137268294667,-2.91651589422413,-0.46404051780700684,-0.9442415237426758,-0.06096288561820984,0.0033333932515233755,0.18936496497392655,0.0,41.250000000000135,0.0
41.324999999999996,283.78086475665106,16.219135243348944,1.427118720220798,1.784597131021001,0.1532611232361251,299.3360783315602,-0.02273620428137079,0.18119619978405932,-0.22046101465590284,-2.916431121313903,-0.4640442132949829,-0.9447653293609619,-0.06103251501917839,0.003337089903652668,0.18936315460950137,0.0,41.32500000000014,0.0
41.4,283.8876516001092,16.112348399890777,1.421931460876917,1.7964244995454353,0.1510493432142837,299.3343850060087,-0.022419292003723522,0.18071325284275808,-0.22063667724094857,-2.916342236634617,-0.4640485644340515,-0.9452877044677734,-0.06110150367021561,0.003340737894177437,0.1893613609045744,0.0,41.40000000000014,0.0
41.475,283.9940502660701,16.005949733929924,1.4167486712415704,1.8080824560389497,0.14883746989484803,299.3327154189865,-0.022103158719472445,0.18016760163353301,-0.22080848133804612,-2.9162497422708853,-0.46405404806137085,-0.9458069801330566,-0.061169467866420746,0.0033443383872509003,0.18935959383547307,0.0,41.47500000000014,0.0
41.55,284.1000610992754,15.899938900724578,1.411570229610466,1.8195708729906264,0.14662516838830938,299.3310695119271,-0.021787943078488352,0.17956063599913813,-0.220976583138201,-2.916154070415503,-0.46406060457229614,-0.9463207721710205,-0.06123599782586098,0.0033478904515504837,0.18935786405652763,0.0,41.550000000000146,0.0
41.625,284.20568442113824,15.794315578861756,1.4063960288600654,1.830889622892099,0.1444120795140654,299.3294472034736,-0.021473793026873772,0.17889476384175,-0.22114118762625523,-2.9160555817302907,-0.46406835317611694,-0.9468271732330322,-0.06130082905292511,0.003351394087076187,0.18935617844462396,0.0,41.62500000000015,0.0
41.699999999999996,284.3109205660273,15.689079433972722,1.4012259760534223,1.8420385357424993,0.1421978302768437,299.32784840901877,-0.021160874053662876,0.17817335826186873,-0.22130255172699823,-2.9159545647390663,-0.46407753229141235,-0.9473240375518799,-0.06136346608400345,0.0033548485953360796,0.1893545498818159,0.0,41.70000000000015,0.0
41.775,284.41576983720324,15.584230162796757,1.3960599962802507,1.8530174202988179,0.1399820448463138,299.32627303744357,-0.020849363713639775,0.17740068882996665,-0.22146098805315634,-2.9158512298769796,-0.4640881419181824,-0.9478089809417725,-0.06142357736825943,0.0033582544419914484,0.18935298698842526,0.0,41.775000000000155,0.0
41.85,284.520232548295,15.479767451705015,1.390898031832156,1.8638260810678031,0.13776435505342405,299.32472096835545,-0.0205394525880577,0.1765818385153615,-0.221616872389147,-2.9157457104431406,-0.4641004204750061,-0.9482802152633667,-0.06148066371679306,0.0033616144210100174,0.18935150274336338,0.0,41.85000000000016,0.0
41.925,284.6243090077453,15.375690992254704,1.385740042680794,1.8744643055603365,0.1355444107229665,299.323192071573,-0.02023133815643888,0.17572260737146375,-0.22177063825991317,-2.915638061166681,-0.46411430835723877,-0.948735773563385,-0.061534374952316284,0.003364927601069212,0.1893501062512398,0.0,41.92500000000016,0.0
42.0,284.7279995084406,15.272000491559425,1.3805860124422242,1.8849318515452416,0.13332188920605192,299.321686220203,-0.01992521741575633,0.1748294054249999,-0.2219227774808211,-2.9155282658947916,-0.46412986516952515,-0.9491733312606812,-0.06158445030450821,0.0033681937493383884,0.18934880429208278,0.0,42.00000000000016,0.0
42.074999999999996,284.8313043458615,15.168695654138503,1.3754359463360304,1.8952284937874908,0.131096504702469,299.32020323850975,-0.01962128854801256,0.17390913759720836,-0.22207384903507144,-2.915416240390307,-0.46414715051651,-0.9495915770530701,-0.06163042411208153,0.003371415426954627,0.1893476089730859,0.0,42.075000000000166,0.0
42.15,284.9342238336303,15.065776166369687,1.3702898723939296,1.9053539773063162,0.12886801654905458,299.31874296378555,-0.019319745265281015,0.17296908061858715,-0.22222446903967805,-2.9153018298456277,-0.4641661047935486,-0.9499886631965637,-0.06167183816432953,0.0033745921682566404,0.18934653220772743,0.0,42.15000000000017,0.0
42.225,285.0367582516738,14.963241748326197,1.3651478441814313,1.9153080683701738,0.12663623593071538,299.3173052170673,-0.019020773488322085,0.17201675568556546,-0.22237530928832944,-2.9151848159604663,-0.46418672800064087,-0.9503633379936218,-0.061708610504865646,0.003377727698534727,0.1893455761268735,0.0,42.22500000000017,0.0
42.3,285.1389079110222,14.861092088977784,1.3600099401704608,1.9250905119985784,0.12440103204314129,299.3158897835651,-0.01872455243828075,0.17105979858906714,-0.22252709134303167,-2.9150649309084233,-0.46420902013778687,-0.9507145881652832,-0.061740417033433914,0.003380818059667945,0.18934474915713073,0.0,42.300000000000175,0.0
42.375,285.24067312011584,14.759326879884156,1.3548762662188811,1.934701074456871,0.12216233761548068,299.31449645501743,-0.018431245936505865,0.17010582929731624,-0.22268057815809825,-2.9149418599687253,-0.46423280239105225,-0.9510414004325867,-0.06176696717739105,0.0033838676754385233,0.18934405885338784,0.0,42.37500000000018,0.0
42.449999999999996,285.3420541899891,14.657945810010915,1.3497469576449435,1.9441395390065406,0.11992015194709266,299.3131250199149,-0.01814100514423614,0.16916232389360175,-0.22283657169909668,-2.9148152478708518,-0.4642581343650818,-0.9513429999351501,-0.06178823113441467,0.0033868765458464622,0.18934350599050523,0.0,42.45000000000018,0.0
42.525,285.4430514524126,14.55694854758741,1.3446221771077542,1.9534056804085964,0.11767454388480361,299.3117752276776,-0.017853966332028643,0.16823649065939897,-0.22299590834248292,-2.9146847089915027,-0.46428483724594116,-0.9516192674636841,-0.0618039034307003,0.0033898456022143364,0.1893430985108018,0.0,42.52500000000018,0.0
42.6,285.54366524434647,14.456334755653529,1.3395021159074831,1.9624993201636707,0.1154256531208729,299.31044684401786,-0.01757024144101793,0.16733515142777194,-0.22315944502321286,-2.9145498322650054,-0.46431273221969604,-0.9518699049949646,-0.06181390956044197,0.003392774611711502,0.1893428383514285,0.0,42.600000000000186,0.0
42.675,285.6438959183046,14.356104081695378,1.3343869957492545,1.9714202882689142,0.11317368957287088,299.309139605336,-0.017289924479442397,0.16646463196514938,-0.22332805366096373,-2.9144101931380337,-0.46434181928634644,-0.9520950317382812,-0.06181825324892998,0.0033956668339669704,0.18934272541552782,0.0,42.67500000000019,0.0
42.75,285.74374384235796,14.256256157642042,1.3292770658157314,1.9801684529617538,0.11091893247752817,299.3078532643326,-0.01701308833604755,0.1656306619107434,-0.22350261292178486,-2.914265362432288,-0.46437186002731323,-0.9522953629493713,-0.061816830188035965,0.0033985190093517303,0.18934276241511108,0.0,42.75000000000019,0.0
42.824999999999996,285.843209413094,14.156790586906027,1.3241726041171187,1.9887437079711492,0.10866172714064637,299.30658755415925,-0.0167397844034778,0.16483828548229884,-0.22368399288582091,-2.914114915413457,-0.46440279483795166,-0.9524713754653931,-0.06180991604924202,0.003401336492970586,0.18934294218271971,0.0,42.825000000000195,0.0
42.9,285.94229302451254,14.057706975487463,1.3190739166983168,1.997145989517428,0.10640248209648807,299.30534220798154,-0.01647004041768085,0.16409178553521045,-0.22387304896338728,-2.913958443292134,-0.4644343852996826,-0.9526242613792419,-0.061797190457582474,0.003404115792363882,0.18934327304810286,0.0,42.9000000000002,0.0
42.975,286.0409951250511,13.959004874948903,1.3139813366343034,2.0053752550605117,0.1041416634979268,299.30411695895873,-0.01620385660590396,0.1633946211208047,-0.22407061027588748,-2.913795552727782,-0.4644664525985718,-0.9527550339698792,-0.061779167503118515,0.003406859003007412,0.18934374164491893,0.0,42.9750000000002,0.0
43.05,286.1393161709313,13.860683829068705,1.3088952245996222,2.013431534294313,0.10187978945686335,299.30291154675524,-0.01594121623790327,0.16274938049300827,-0.22427747405470289,-2.9136258848400995,-0.46449899673461914,-0.9528651237487793,-0.06175564229488373,0.0034095640294253826,0.18934435330033303,0.0,43.0500000000002,0.0
43.125,286.2372566442978,13.762743355702185,1.3038159640412843,2.0213148696572385,0.09961742350248334,299.3017256915218,-0.015682080253500864,0.16215774884388537,-0.22449439617783495,-2.9134491105510945,-0.46453171968460083,-0.9529562592506409,-0.06172700971364975,0.003412234131246805,0.18934509774744512,0.0,43.125000000000206,0.0
43.199999999999996,286.3348170739605,13.665182926039506,1.2987439612836917,2.0290253630701134,0.0973551670719188,299.3005591491906,-0.015426382136536219,0.16162049131344539,-0.22472207930331828,-2.913264946546988,-0.4645644426345825,-0.9530301690101624,-0.061693400144577026,0.003414867678657174,0.189345971596241,0.0,43.20000000000021,0.0
43.275,286.4319979991024,13.568002000897593,1.2936796449199917,2.0365631589437125,0.09509365133135561,299.2994116496693,-0.015174039668215266,0.1611374527563429,-0.22496116677181424,-2.9130731584152696,-0.4645971655845642,-0.953088641166687,-0.06165502220392227,0.0034174639731645584,0.18934696942269802,0.0,43.27500000000021,0.0
43.35,286.5288000055715,13.471199994428503,1.2886234613106198,2.0439284569221217,0.09283352877638637,299.2982829619282,-0.014924953751628188,0.16070757282595066,-0.225212237642161,-2.9128735620415362,-0.4646296501159668,-0.9531340003013611,-0.06161215156316757,0.0034200246445834637,0.18934808405935766,0.0,43.350000000000215,0.0
43.425,286.62522371809996,13.37477628190004,1.2835758734035991,2.0511214778907205,0.09057546437885337,299.29717283863874,-0.014679005717870825,0.16032891539787486,-0.2254757949107833,-2.912666031126811,-0.46466177701950073,-0.9531681537628174,-0.06156505271792412,0.0034225471317768097,0.18934930862933397,0.0,43.42500000000022,0.0
43.5,286.7212697743895,13.278730225610502,1.2785373583573478,2.0581425192174216,0.08832012657173846,299.2960810455111,-0.01443606741343889,0.15999871337715107,-0.22575226307304475,-2.9124504993181346,-0.464693546295166,-0.9531934857368469,-0.061513934284448624,0.003425031900405884,0.18935063770860436,0.0,43.50000000000022,0.0
43.574999999999996,286.8169388769472,13.183061123052823,1.2735084051080705,2.06499189525949,0.08606817858069796,299.29500735799775,-0.014196000203439613,0.15971342646004383,-0.22604198189820354,-2.912226958325464,-0.4647247791290283,-0.9532120227813721,-0.06145898997783661,0.003427477553486824,0.18935206626057627,0.0,43.57500000000022,0.0
43.65,286.912231751615,13.087768248384975,1.2684895117604729,2.071669971360945,0.08382026948427077,299.2939515776061,-0.013958651314062868,0.15946881126196913,-0.22634520615662254,-2.911995460679906,-0.4647553563117981,-0.9532260298728943,-0.061400674283504486,0.003429885022342205,0.18935358246862888,0.0,43.650000000000226,0.0
43.725,287.007149163123,12.992850836876983,1.2634811809482498,2.078177163850853,0.08157702572267532,299.2929134993278,-0.013723861224702719,0.15926000269330934,-0.22666210199730355,-2.9117561245640124,-0.46478527784347534,-0.9532378315925598,-0.06133915111422539,0.0034322519786655903,0.18935518207103014,0.0,43.72500000000023,0.0
43.8,287.10169191249196,12.898308087508042,1.2584839195266482,2.0845138975525357,0.07933904310623482,299.29189293767104,-0.013491467826497829,0.15908160473157867,-0.22699274276854028,-2.911509127214387,-0.4648144841194153,-0.9532492160797119,-0.0612746998667717,0.0034345784224569798,0.18935685780346395,0.0,43.80000000000023,0.0
43.875,287.1958608525925,12.804139147407511,1.2534982347878234,2.090680656771165,0.07710687913061468,299.2908897234247,-0.013261314815893025,0.15892778923794929,-0.22733711485527894,-2.9112547020068242,-0.46484309434890747,-0.9532623887062073,-0.061207544058561325,0.003436862025409937,0.18935860385447742,0.0,43.875000000000234,0.0
43.949999999999996,287.2896568518505,12.71034314814949,1.2485246310208677,2.0966779513048652,0.07488104670386925,299.28990369389203,-0.01303324923647301,0.15879240015224808,-0.22769511582998053,-2.9109931342441695,-0.46487098932266235,-0.9532790780067444,-0.06113783270120621,0.003439104650169611,0.18936041634976863,0.0,43.95000000000024,0.0
44.025,287.383080843497,12.616919156503002,1.2435636071862328,2.102506299442895,0.07266200834441726,299.28893469286004,-0.012807114765056717,0.15866906186328406,-0.22806655767210332,-2.9107247583388682,-0.46489810943603516,-0.9533010721206665,-0.06106584146618843,0.003441302105784416,0.1893622881218791,0.0,44.02500000000024,0.0
44.1,287.476133781504,12.523866218495982,1.2386156541255882,2.108166257714225,0.07045017065956916,299.2879825804057,-0.012582763970531048,0.1585512906489958,-0.22845116970496934,-2.9104499560013726,-0.4649246335029602,-0.953329861164093,-0.060991764068603516,0.0034434543922543526,0.1893642141342163,0.0,44.10000000000024,0.0
44.175,287.5688166613183,12.431183338681706,1.2336812514381186,2.1136583826432913,0.0682458807596138,299.28704723612964,-0.012360058996723423,0.1584326063849874,-0.22884860304102805,-2.910169147934515,-0.4649505019187927,-0.9533669352531433,-0.06091567501425743,0.0034455624409019947,0.18936619244962932,0.0,44.175000000000246,0.0
44.25,287.66113051986497,12.338869480135031,1.2287608662777727,2.118983268991976,0.06604942292280491,299.2861285396307,-0.012138875006838442,0.15830664230142455,-0.2292584344624539,-2.9098827859712952,-0.46497589349746704,-0.9534132480621338,-0.06083771213889122,0.0034476234577596188,0.18936821948438884,0.0,44.25000000000025,0.0
44.324999999999996,287.7530764148055,12.246923585194509,1.2238549508894798,2.1241415030216784,0.06386101654075407,299.28522637375545,-0.01191910413604356,0.15816725195274745,-0.2296801767480808,-2.909591347979884,-0.46500086784362793,-0.9534698128700256,-0.0607580840587616,0.0034496376756578684,0.1893702898144722,0.0,44.32500000000025,0.0
44.4,287.84465545305267,12.155344546947333,1.2189639394427099,2.1291336752375236,0.061680815779923445,299.28434064088333,-0.011700651985781164,0.15800861045948433,-0.23011328490140912,-2.9092953326228983,-0.46502548456192017,-0.9535373449325562,-0.060676686465740204,0.0034516023006290197,0.18937240615189077,0.0,44.400000000000254,0.0
44.475,287.93586877003247,12.06413122996753,1.2140882467337133,2.133960371892415,0.059508909499988,299.2834712499075,-0.011483439373982893,0.1578253092598762,-0.23055716247522412,-2.908995247608252,-0.4650498628616333,-0.9536163210868835,-0.06059366837143898,0.0034535175655037165,0.1893745646223426,0.0,44.47500000000026,0.0
44.55,288.02671751672614,11.973282483273863,1.2092282658803022,2.138622200483097,0.05734532243032047,299.2826180999368,-0.011267404803996479,0.15761244275042532,-0.23101116914172512,-2.9086916064769293,-0.4650741219520569,-0.9537071585655212,-0.06050901114940643,0.003455385100096464,0.18937676571011544,0.0,44.55000000000026,0.0
44.625,288.1172029011384,11.882797098861602,1.20438436960911,2.143119734507218,0.05519001747280276,299.2817811096261,-0.01105251112833277,0.15736568522580305,-0.23147462853224016,-2.908384919885704,-0.46509850025177,-0.9538094997406006,-0.0604226291179657,0.003457202110439539,0.1893790116429329,0.0,44.62500000000026,0.0
44.699999999999996,288.2073261312737,11.792673868726297,1.199556906142981,2.1474535432133175,0.05304289943659326,299.2809601976246,-0.010838736563628295,0.15708135713934548,-0.23194684365635782,-2.90807568515053,-0.46512293815612793,-0.9539236426353455,-0.060334499925374985,0.0034589676652103662,0.18938130300194025,0.0,44.700000000000266,0.0
44.775,288.2970884592028,11.702911540797174,1.194746199112444,2.1516241958451197,0.05090381896701513,299.2801552728183,-0.010626072434167078,0.15675647886854932,-0.23242709795023875,-2.90776438336122,-0.46514761447906494,-0.9540488719940186,-0.06024451553821564,0.0034606840927153826,0.1893836425960064,0.0,44.77500000000027,0.0
44.85,288.3864911421774,11.61350885782258,1.1899525489117446,2.155632227652916,0.04877257728605878,299.27936626036126,-0.010414534078747536,0.1563888132373321,-0.23291466913124237,-2.9074514720395706,-0.46517276763916016,-0.9541846513748169,-0.06015262007713318,0.003462349995970726,0.18938603187799455,0.0,44.85000000000027,0.0
44.925,288.4755354815143,11.524464518485672,1.1851762290298595,2.1594781653839683,0.04664893229818173,299.27859306913933,-0.010204153951397385,0.1559768941597263,-0.23340883794573702,-2.9071373779320666,-0.4651983976364136,-0.9543305039405823,-0.06005863845348358,0.0034639639779925346,0.18938847540020942,0.0,44.925000000000274,0.0
45.0,288.56422277334383,11.435777226656171,1.1804174891900008,2.163162510291453,0.04453260460690564,299.27783561454726,-0.009994979370444336,0.1555200414732735,-0.23390889154544514,-2.906822492963273,-0.4652246832847595,-0.9544851183891296,-0.059962525963783264,0.003465525805950165,0.18939097432494165,0.0,45.00000000000028,0.0
45.074999999999996,288.6525543448989,11.347445655101126,1.175676554839304,2.1666857381304987,0.042423284626199716,299.27709378919053,-0.009787081050804562,0.1550183633613861,-0.23441413911461262,-2.9065071686496693,-0.4652518630027771,-0.9546477198600769,-0.05986388772726059,0.0034670387394726276,0.18939353891909122,0.0,45.07500000000028,0.0
45.15,288.7405315467424,11.259468453257625,1.1709536266725626,2.1700483289027934,0.0403206397205287,299.2763675117312,-0.009580542549851136,0.154472744296526,-0.23492391576688118,-2.9061917061636167,-0.46527987718582153,-0.954816997051239,-0.05976277217268944,0.0034684999845921993,0.18939616792351008,0.0,45.15000000000028,0.0
45.225,288.82815573202225,11.171844267977747,1.1662488812440261,2.1732506988731166,0.038224321755513435,299.27565667803583,-0.009375454354085197,0.15388482019302416,-0.2354375894896882,-2.905876363438965,-0.4653088450431824,-0.9549919366836548,-0.059658925980329514,0.003469910239800811,0.18939886792451144,0.0,45.225000000000286,0.0
45.3,288.91542826684935,11.084571733150653,1.1615624728975047,2.176293281301268,0.03613397482392866,299.27496115792974,-0.009171918368238916,0.1532569416488253,-0.23595456428470182,-2.90556134792344,-0.46533888578414917,-0.9551710486412048,-0.05955204367637634,0.0034712727647274733,0.1894016468644142,0.0,45.30000000000029,0.0
45.375,289.002350522513,10.997649477487016,1.1568945352523614,2.179176458457176,0.03404924209860502,299.27428084403937,-0.008970055083533853,0.15259212568955235,-0.23647428892579,-2.9052468107850906,-0.465370237827301,-0.9553530812263489,-0.05944206565618515,0.0034725849982351065,0.1894045062929392,0.0,45.37500000000029,0.0
45.449999999999996,289.08892389363047,10.911076106369535,1.152245182232153,2.181900599860898,0.03196977417837215,299.27361560294,-0.008769985900011915,0.15189399612229207,-0.23699626164518683,-2.904932851165322,-0.46540266275405884,-0.9555365443229675,-0.05932874232530594,0.0034738497342914343,0.18940745269954207,0.0,45.450000000000294,0.0
45.525,289.17514977222606,10.824850227773936,1.1476145079959479,2.1844660665345588,0.029895236348797777,299.2729653012175,-0.00857182729998435,0.15116671450796623,-0.23752003486352635,-2.9046195157658667,-0.46543627977371216,-0.9557203650474548,-0.05921180546283722,0.00347506464459002,0.18941049305796623,0.0,45.5250000000003,0.0
45.6,289.26102955550704,10.738970444492963,1.1430025894092466,2.1868732067523893,0.027825314390040712,299.27232977941685,-0.008375708407913022,0.1504149037147405,-0.23804521219365996,-2.9043067962782274,-0.4654713273048401,-0.9559031128883362,-0.059091098606586456,0.0034762348514050245,0.18941363143622877,0.0,45.6000000000003,0.0
45.675,289.34656465104445,10.653435348955554,1.1384094897012926,2.1891223262964066,0.025759721672318613,299.27170889109993,-0.008181753614528973,0.14964356400046308,-0.23857145295596785,-2.9039946335790305,-0.46550750732421875,-0.9560834169387817,-0.058966513723134995,0.003477355930954218,0.1894168706431985,0.0,45.6750000000003,0.0
45.75,289.4317564690036,10.568243530996426,1.1338352581425948,2.191213747944777,0.02369820449071899,299.2711024605492,-0.007990087044378973,0.14885798383581475,-0.23909847743079418,-2.903682923417984,-0.465545117855072,-0.9562602639198303,-0.058837875723838806,0.0034784344024956226,0.1894202152311802,0.0,45.750000000000306,0.0
45.824999999999996,289.51660642473047,10.483393575269531,1.1292799309301167,2.193147764731342,0.021640547541118566,299.2705103218077,-0.007800829101021894,0.1480636470625435,-0.23962606220032143,-2.9033715143353067,-0.4655839204788208,-0.9564326405525208,-0.0587049275636673,0.0034794644452631474,0.18942367188334466,0.0,45.82500000000031,0.0
45.9,289.6011159180199,10.3988840819801,1.1247435352905721,2.194924682438966,0.019586577969189677,299.2699322763701,-0.007614093249242747,0.1472661374625753,-0.2401540373804843,-2.9030602111848465,-0.46562403440475464,-0.9565994143486023,-0.05856752023100853,0.0034804530441761017,0.18942724447399378,0.0,45.90000000000031,0.0
45.975,289.6852863745866,10.31471362541339,1.1202260888321676,2.19654479410036,0.01753616888813412,299.26936814200917,-0.007429980330338761,0.14647104351256393,-0.24068228759913535,-2.902748781993853,-0.46566522121429443,-0.9567601680755615,-0.05842571333050728,0.003481397172436118,0.1894309314534068,0.0,45.975000000000314,0.0
46.05,289.76911921237,10.230880787629985,1.1157276019497073,2.198008401247298,0.015489242074896558,299.26881771370927,-0.007248578401590155,0.1456838636743003,-0.24121074279308638,-2.9024369683044386,-0.46570754051208496,-0.9569140672683716,-0.05827922374010086,0.003482299856841564,0.18943474018275738,0.0,46.05000000000032,0.0
46.125,289.85261584412217,10.14738415587783,1.1112480821364792,2.1993157799174714,0.013445769874599906,299.26828078971994,-0.0070699622120646895,0.1449099153137536,-0.2417393792456578,-2.90212448218009,-0.4657508134841919,-0.9570603966712952,-0.05812801793217659,0.003483160398900509,0.18943867153376343,0.0,46.12500000000032,0.0
46.199999999999996,289.935777685194,10.064222314805988,1.1067875322921357,2.2004672656358046,0.011405775560865753,299.2677571552731,-0.006894195951472897,0.14415424762247095,-0.24226822071780263,-2.9018110142162272,-0.46579509973526,-0.957199215888977,-0.05797209218144417,0.003483979497104883,0.18944272560328246,0.0,46.20000000000032,0.0
46.275,290.0186061561165,9.981393843883495,1.1023459516980227,2.201463155684682,0.009369333609068393,299.26724658907506,-0.006721331042368538,0.14342155940830487,-0.24279732467023663,-2.9014962405911024,-0.465840220451355,-0.9573301076889038,-0.057811327278614044,0.0034847576171159744,0.18944690549075605,0.0,46.275000000000325,0.0
46.35,290.10110267224087,9.89889732775913,1.097923338343687,2.202303789838136,0.007336568914064385,299.26674888288017,-0.006551397471691752,0.14271612405304995,-0.2433267791013646,-2.901179829190675,-0.4658859968185425,-0.9574533700942993,-0.05764580890536308,0.003485496621578932,0.18945120896846057,0.0,46.35000000000033,0.0
46.425,290.18326865151016,9.816731348489839,1.093519690050226,2.2029895036208087,0.005307654656107462,299.26626380888547,-0.006384406850336511,0.14204172287671799,-0.24385669394147608,-2.900861448773598,-0.46593236923217773,-0.9575690031051636,-0.05747554451227188,0.0034861962776631117,0.18945563584268094,0.0,46.42500000000033,0.0
46.5,290.2651055118734,9.7348944881266,1.0891350061966927,2.20352068779575,0.0032828096708310515,299.2657911490701,-0.006220361260837431,0.14140158818148788,-0.2443871988151448,-2.900540771891657,-0.46597933769226074,-0.9576773643493652,-0.057300496846437454,0.0034868556540459394,0.18946018708199264,0.0,46.500000000000334,0.0
46.574999999999996,290.346614666092,9.653385333907977,1.0847692865266267,2.203897703382817,0.0012622954718279795,299.26533068215304,-0.0060592374452278054,0.14079835552699924,-0.24491843739571473,-2.900217478754565,-0.4660264849662781,-0.957779049873352,-0.057120874524116516,0.003487476846203208,0.18946485726237297,0.0,46.57500000000034,0.0
46.65,290.4277975398963,9.57220246010371,1.0804225321378604,2.2041209836352937,-0.0007535881784893443,299.26488219336306,-0.005900993692681237,0.14023402678131416,-0.2454505585552674,-2.899891269426092,-0.4660739302635193,-0.9578746557235718,-0.056936632841825485,0.00348805938847363,0.18946964754611254,0.0,46.65000000000034,0.0
46.725,290.5086555512379,9.491344448762106,1.0760947453876273,2.20419094481088,-0.002764508118973174,299.26444547444044,-0.0057455835294908325,0.13970994513445448,-0.24598370953605597,-2.899561861683945,-0.4661216139793396,-0.9579651355743408,-0.056747857481241226,0.0034886011853814125,0.18947455570548774,0.0,46.72500000000034,0.0
46.8,290.5891901103,9.410809889699976,1.071785930054533,2.2041080754029663,-0.004770102535754047,299.26402029107794,-0.005592938542035139,0.1392267802151867,-0.24651802668873066,-2.8992289978921972,-0.46616917848587036,-0.9580513834953308,-0.05655474588274956,0.0034891061950474977,0.18947957660704853,0.0,46.800000000000345,0.0
46.875,290.6694026454089,9.330597354591077,1.0674960923102614,2.2038728426574203,-0.006769986628928776,299.263606467568,-0.0054429702860839604,0.1387845253830724,-0.24705363133768338,-2.8988924550843898,-0.4662166237831116,-0.9581343531608582,-0.056357380002737045,0.003489572321996093,0.18948470811992885,0.0,46.87500000000035,0.0
46.949999999999996,290.74929457193747,9.250705428062531,1.0632252393516852,2.2034857860563655,-0.008763758874979093,299.26320378587116,-0.00529558157343271,0.13838250736145238,-0.24759062685418295,-2.8985520439636585,-0.46626389026641846,-0.9582152366638184,-0.0561559721827507,0.003490000031888485,0.18948994472324848,0.0,46.95000000000035,0.0
47.025,290.8288673130344,9.17113268696562,1.0589733783256219,2.20294743658286,-0.010751006934121066,299.2628120670156,-0.005150662093753052,0.1380194060848967,-0.24812909152954785,-2.8982076126000247,-0.4663107991218567,-0.9582952260971069,-0.05595063790678978,0.0034903893247246742,0.18949528341442348,0.0,47.025000000000354,0.0
47.1,290.90812229444566,9.091877705554339,1.0547405163548844,2.2022583719598705,-0.012731314108344254,299.26243113202736,-0.005008089057778868,0.13769328527018723,-0.24866907313553935,-2.89785904990897,-0.4663572907447815,-0.9583755135536194,-0.05574166029691696,0.0034907388035207987,0.18950071683228017,0.0,47.10000000000036,0.0
47.175,290.987060926368,9.012939073632026,1.0505266590672497,2.20141920390493,-0.01470426553192409,299.2620607986728,-0.004867738200875328,0.13740163343458298,-0.24921058546424532,-2.897506287561246,-0.46640342473983765,-0.9584574699401855,-0.055528998374938965,0.0034910496324300766,0.1895062460422516,0.0,47.17500000000036,0.0
47.25,291.0656846397361,8.934315360263895,1.0463318112863438,2.20043055263152,-0.01666945410916063,299.26170091726453,-0.004729476965427427,0.13714141358811935,-0.24975360414243494,-2.8971492951019324,-0.46644896268844604,-0.9585420489311218,-0.05531295761466026,0.0034913192503154278,0.18951186310201884,0.0,47.25000000000036,0.0
47.324999999999996,291.1439948551206,8.856005144879418,1.0421559732757228,2.1992930765962324,-0.01862648656307248,299.2613513316064,-0.004593163346103653,0.13690912140139874,-0.25029806853755077,-2.89678808772709,-0.4664939045906067,-0.9586309194564819,-0.055093757808208466,0.003491550451144576,0.18951756229698657,0.0,47.325000000000365,0.0
47.4,291.2219929982774,8.778007001722585,1.0379991406264544,2.1980074470024173,-0.020574989305044537,299.2610119017695,-0.004458654784147931,0.13670085054883976,-0.25084387248907536,-2.8964227266208438,-0.4665382504463196,-0.9587249755859375,-0.05487161874771118,0.0034917399752885103,0.18952333791255951,0.0,47.40000000000037,0.0
47.475,291.2996804949647,8.700319505035282,1.0338613031837833,2.196574352049857,-0.022514613128046274,299.26068250084836,-0.004325811054999066,0.13651236428421037,-0.251390866925978,-2.896053313926696,-0.4665820002555847,-0.9588256478309631,-0.05464646592736244,0.0034918896853923798,0.1895291918858886,0.0,47.47500000000037,0.0
47.55,291.3770587605759,8.622941239424108,1.0297424432781757,2.1949945181814416,-0.02444503845158948,299.2603630019289,-0.004194489412523036,0.13633917109574445,-0.25193885644782615,-2.8956799870212313,-0.46662503480911255,-0.9589338898658752,-0.054418787360191345,0.0034919974859803915,0.18953511152863503,0.0,47.550000000000374,0.0
47.625,291.45412921568845,8.545870784311546,1.0256425366850983,2.193268667590387,-0.026365979299939085,299.2600532943684,-0.004064550744291597,0.1361766042952732,-0.25248760343726534,-2.895302927213575,-0.4666674733161926,-0.9590504765510559,-0.054188553243875504,0.0034920629113912582,0.18954109761565924,0.0,47.62500000000038,0.0
47.699999999999996,291.53089327829093,8.469106721709068,1.0215615477248485,2.1913975522139517,-0.028277186597313046,299.25975329031326,-0.003935861330589677,0.13601990373423226,-0.25303683344356864,-2.8949223472009935,-0.4667092561721802,-0.9591766595840454,-0.05395599827170372,0.0034920871257781982,0.18954714404493572,0.0,47.70000000000038,0.0
47.775,291.60735236377894,8.392647636221056,1.0174994299957647,2.189381919740567,-0.030178451603616624,299.2594628888837,-0.0038083019832615386,0.1358642972324004,-0.2535862297717891,-2.8945384893441104,-0.4667506217956543,-0.9593127965927124,-0.05372113361954689,0.0034920687321573496,0.18955325052589178,0.0,47.77500000000038,0.0
47.85,291.68350788236575,8.316492117634255,1.0134561260008457,2.187222530606556,-0.03206960752582174,299.2591820184912,-0.003681757918042518,0.1357050816951226,-0.25413544239863767,-2.8941516210678895,-0.4667913317680359,-0.9594596028327942,-0.05348432809114456,0.0034920084290206432,0.18955940746963024,0.0,47.850000000000385,0.0
47.925,291.759361249449,8.240638750551,1.0094315619409042,2.184920149496785,-0.03395053104595137,299.25891060754793,-0.0035561215076327824,0.13553770156510075,-0.25468408955673694,-2.8937620374069093,-0.46683162450790405,-0.9596179127693176,-0.05324552208185196,0.00349190435372293,0.18956561642587186,0.0,47.92500000000039,0.0
48.0,291.83491384672885,8.165086153271147,1.0054256514498243,2.1824755453489093,-0.03582114308084691,299.25864858120303,-0.0034312990921506153,0.13535782429464074,-0.2552317546691958,-2.893370048818885,-0.4668715000152588,-0.9597874879837036,-0.05300484597682953,0.0034917579032480717,0.18957187400460243,0.0,48.00000000000039,0.0
48.074999999999996,291.9101670818257,8.089832918174295,1.0014382941480626,2.1798894743504276,-0.037681408531178164,299.25839589390716,-0.0033072098814269308,0.1351614113690925,-0.2557780025528823,-2.892975976668119,-0.46691107749938965,-0.9599687457084656,-0.05276233330368996,0.00349156791344285,0.18957817933410406,0.0,48.075000000000394,0.0
48.15,291.9851223286643,8.014877671335682,0.9974693713341876,2.177162713938061,-0.039531335798473066,299.2581524838297,-0.003183786997824768,0.13494478287735137,-0.2563223808666627,-2.892580149006676,-0.4669504165649414,-0.9601618051528931,-0.05251824110746384,0.003491334617137909,0.18958452573120596,0.0,48.1500000000004,0.0
48.225,292.05978096116513,7.940219038834869,0.9935187487664101,2.1742960033065573,-0.04137097478126604,299.2579183086691,-0.0030609783748662737,0.13470467505870293,-0.2568644211351973,-2.892182900033542,-0.4669896364212036,-0.9603662490844727,-0.05227237567305565,0.0034910584799945354,0.18959091823250057,0.0,48.2250000000004,0.0
48.3,292.1341443454741,7.8658556545258875,0.9895862755282927,2.1712900986479458,-0.04320041455199071,299.2576933261262,-0.0029387429192010363,0.1344382906119207,-0.25740364999415694,-2.8917845567297293,-0.46702873706817627,-0.9605819582939148,-0.05202489718794823,0.0034907381050288677,0.18959735267311337,0.0,48.3000000000004,0.0
48.375,292.2082138269965,7.791786173003516,0.9856717834389379,2.168145722163655,-0.045019780963986386,299.2574774841278,-0.002817053629833936,0.1341433402396715,-0.2579395931529735,-2.8913854395356764,-0.4670678973197937,-0.9608083367347717,-0.05177585035562515,0.0034903765190392733,0.18960382789075375,0.0,48.375000000000405,0.0
48.449999999999996,292.28199074854587,7.718009251454134,0.981775088483296,2.1648636045536147,-0.04682923291674924,299.2572707566569,-0.0026959020506913713,0.13381807539408155,-0.2584717836535497,-2.890985857260679,-0.46710723638534546,-0.9610446691513062,-0.051525186747312546,0.0034899713937193155,0.18961034514456987,0.0,48.45000000000041,0.0
48.525,292.3554764270117,7.644523572988305,0.9778959882404774,2.1614444510259356,-0.04862895807559642,299.2570730883772,-0.0025752909957558467,0.1334613110128426,-0.25899976893198884,-2.890586098602463,-0.46714675426483154,-0.9612905383110046,-0.05127284675836563,0.0034895241260528564,0.1896169059842825,0.0,48.52500000000041,0.0
48.6,292.4286721715058,7.571327828494191,0.9740342632052486,2.157888954042253,-0.05041916911092789,299.2568844467637,-0.002455236656025982,0.13307243816255265,-0.25952310919494237,-2.8901864304462537,-0.4671866297721863,-0.9615449905395508,-0.05101893097162247,0.0034890365786850452,0.18962350779473783,0.0,48.60000000000041,0.0
48.675,292.501579272992,7.4984207270080105,0.970189680244776,2.154197780571535,-0.05220009821494188,299.2567047927582,-0.00233576656984484,0.1326514274561333,-0.2600413859759646,-2.889787096563693,-0.46722686290740967,-0.9618068933486938,-0.050763171166181564,0.00348850735463202,0.1896301575496793,0.0,48.675000000000416,0.0
48.75,292.5741990016959,7.425800998304112,0.9663619919816344,2.1503715890867987,-0.05397199259804146,299.25653407430445,-0.002216917947188611,0.13219882268220384,-0.2605542141640786,-2.8893883086974936,-0.46726757287979126,-0.9620752334594727,-0.050505828112363815,0.0034879371523857117,0.18963684846907855,0.0,48.75000000000042,0.0
48.824999999999996,292.6465325993283,7.353467400671718,0.9625509359833266,2.1464110253168514,-0.0557351092471536,299.256372239327,-0.002098744408801868,0.13171572466628542,-0.2610612454112122,-2.888990250459743,-0.4673089385032654,-0.962348997592926,-0.05024661123752594,0.0034873266704380512,0.18964358810782433,0.0,48.82500000000042,0.0
48.9,292.7185813127816,7.281418687218377,0.9587562360471094,2.142316713744394,-0.057489709306045314,299.2562192455339,-0.0019813049448019066,0.13120376525727326,-0.26156216724710607,-2.888593068519892,-0.4673508405685425,-0.962627112865448,-0.049985598772764206,0.0034866780042648315,0.18965037443190813,0.0,48.900000000000425,0.0
48.975,292.79034634228674,7.209653657713261,0.9549776064246142,2.138089249113463,-0.05923605299981222,299.2560750245784,-0.0018646641336518754,0.13066507296039828,-0.2620567062627763,-2.888196876556206,-0.4673934578895569,-0.9629080891609192,-0.0497225858271122,0.003485990222543478,0.1896572127684951,0.0,48.97500000000043,0.0
49.05,292.8618288802973,7.13817111970269,0.9512147518170557,2.1337292219198414,-0.060974394181964486,299.2559395244052,-0.0017488909764054213,0.13010223147526184,-0.2625446382858399,-2.8878017491991943,-0.4674367308616638,-0.9631909132003784,-0.049457550048828125,0.0034852633252739906,0.1896641036987305,0.0,49.05000000000043,0.0
49.125,292.93303009075294,7.066969909247064,0.9474673687750022,2.1292372184133153,-0.06270497567813244,299.2558126734234,-0.0016340584327250622,0.12951823027553747,-0.2630257884420233,-2.887407724180003,-0.46748077869415283,-0.9634741544723511,-0.04919043555855751,0.003484501037746668,0.18967104867547752,0.0,49.12500000000043,0.0
49.199999999999996,293.00395111426167,6.9960488857383325,0.9437351462319468,2.1246138036006785,-0.06442802455288349,299.2556943935283,-0.0015202442872883793,0.1289164092348014,-0.2635000337360002,-2.8870148037358003,-0.4675256013870239,-0.9637569189071655,-0.048921264708042145,0.0034837026614695787,0.18967804711759093,0.0,49.200000000000436,0.0
49.275,293.0745930732836,6.925406926716391,0.9400177696860323,2.1198595169960592,-0.06614374715248497,299.25558460987895,-0.001407522284636184,0.12830039749375263,-0.2639672997937482,-2.8866229563670722,-0.4675711393356323,-0.9640377163887024,-0.04864974319934845,0.003482869127765298,0.18968510667681696,0.0,49.27500000000044,0.0
49.35,293.1449570617647,6.855042938235272,0.9363149213332649,2.114974893867591,-0.06785232552106024,299.25548323136354,-0.0012959647284702175,0.1276740488974209,-0.26442756615154084,-2.8862321116967964,-0.4676174521446228,-0.9643157124519348,-0.04837595298886299,0.0034820011351257563,0.18969222522228957,0.0,49.35000000000044,0.0
49.425,293.2150441555083,6.784955844491719,0.932626282621936,2.109960490730932,-0.06955391380532078,299.2553901863971,-0.0011856408688387205,0.12704137420220352,-0.2648808629519574,-2.885842167850937,-0.4676644802093506,-0.9645896553993225,-0.04809969663619995,0.0034810982178896666,0.18969940788745882,0.0,49.425000000000445,0.0
49.5,293.2848554095753,6.7151445904247,0.9289515365558756,2.1048168173638144,-0.0712486353919358,299.2553053610709,-0.0010766180459649902,0.1264064715641303,-0.26532727287083724,-2.8854529920709404,-0.46771228313446045,-0.9648586511611938,-0.04782106354832649,0.0034801645670086145,0.18970665234774353,0.0,49.50000000000045,0.0
49.574999999999996,293.3543918323707,6.645608167629291,0.9252903683612743,2.099544409043719,-0.07293658048323526,299.2552286610262,-0.0009689605366516854,0.1257734562019655,-0.26576692881844044,-2.885064426642244,-0.4677608013153076,-0.965121865272522,-0.04753999784588814,0.003479199018329382,0.1897139600560069,0.0,49.57500000000045,0.0
49.65,293.4236544400738,6.57634555992621,0.9216424677375474,2.0941437798017333,-0.07461780360358997,299.2551599853855,-0.0008627186016195798,0.12514639036681346,-0.26620001006756816,-2.8846762905305137,-0.46780985593795776,-0.9653785228729248,-0.04725632444024086,0.0034782015718519688,0.18972133556455376,0.0,49.65000000000045,0.0
49.725,293.49264421516904,6.507355784830963,0.9180075313021867,2.0886154734163873,-0.0762923231947166,299.2550992235042,-0.0007579357593459866,0.12452921569932816,-0.2666267400932354,-2.884288380291022,-0.46785956621170044,-0.965627908706665,-0.04697012901306152,0.0034771733917295933,0.1897287766456604,0.0,49.725000000000456,0.0
49.8,293.5613621116242,6.438637888375808,0.9143852639427611,2.0829600081746746,-0.07796012059621145,299.25504626474594,-0.0006546442075087682,0.123925688557536,-0.2670473849310894,-2.8839004771369736,-0.46790969371795654,-0.9658694863319397,-0.04668134078383446,0.00347611540928483,0.18973628513962032,0.0,49.80000000000046,0.0
49.875,293.629809060082,6.370190939918018,0.9107753789552471,2.0771779363590044,-0.07962114037810233,299.2550009952174,-0.0005528681959400972,0.12333931882242911,-0.2674622484604845,-2.8835123503148887,-0.4679603576660156,-0.9661030173301697,-0.046389948576688766,0.003475026460364461,0.1897438613370061,0.0,49.87500000000046,0.0
49.949999999999996,293.6979859859985,6.302014014001486,0.9071776003444634,2.0712697932559196,-0.0812752906742191,299.2549632977684,-0.0004526176528752389,0.12277331369046536,-0.267871663831458,-2.8831237604022015,-0.4680112600326538,-0.9663281440734863,-0.046095918864011765,0.00347391190007329,0.1897515061095357,0.0,49.950000000000465,0.0
50.025,293.7658937837277,6.234106216272323,0.903591664789995,2.065236148148229,-0.08292244491213524,299.2549330650122,-0.0003538917500407329,0.12223052732294483,-0.2682759907958738,-2.8827344654052385,-0.46806252002716064,-0.9665447473526001,-0.04579930752515793,0.003472767537459731,0.1897592180043459,0.0,50.02500000000047,0.0
50.1,293.83353332688534,6.166466673114655,0.9000173213126025,2.05907755757368,-0.08456244354134392,299.254910179804,-0.000256677845415049,0.12171341747357468,-0.26867561104162324,-2.8823442253403977,-0.46811389923095703,-0.9667529463768005,-0.04550020396709442,0.003471596399322152,0.18976699469685554,0.0,50.10000000000047,0.0
50.175,293.90090547354004,6.0990945264599645,0.896454332712762,2.0527946333101297,-0.08619509649638697,299.2548945249914,-0.0001609499557658732,0.12122400869535441,-0.26907092065488725,-2.881952808538332,-0.46816539764404297,-0.9669528007507324,-0.04519861936569214,0.0034703968558460474,0.18977483589649202,0.0,50.17500000000047,0.0
50.25,293.9680110765743,6.031988923425672,0.8929024785093367,2.0463879701395657,-0.08782018588298138,299.2548859931917,-6.667156939300228e-05,0.1207638640453182,-0.2694623278581894,-2.8815599919126416,-0.4682168960571289,-0.967144250869751,-0.0448945052921772,0.0034691698383539915,0.1897827428624034,0.0,50.250000000000476,0.0
50.324999999999996,294.03485095776705,5.965149042232952,0.8893615510209988,2.039858184092919,-0.0894374693098246,299.25488448678016,2.6207904318280295e-05,0.12033406469728128,-0.26985025192107254,-2.881165561902591,-0.4682682752609253,-0.9673281908035278,-0.04458794742822647,0.00346791441552341,0.18979071336686612,0.0,50.32500000000048,0.0
50.4,294.10142592594036,5.898574074059638,0.8858313572643164,2.0332059251954,-0.09104668426092566,299.2548898983764,0.0001177477443823384,0.11993519737775828,-0.270235106384176,-2.880769323832723,-0.46831953525543213,-0.9675047397613525,-0.044279150664806366,0.003466634312644601,0.18979874208271505,0.0,50.40000000000048,0.0
50.475,294.167736789918,5.832263210081976,0.8823117207066846,2.026431860468655,-0.09264755158727973,299.254902127097,0.00020801557811951296,0.11956735098177677,-0.2706172985316993,-2.8803711084390438,-0.46837055683135986,-0.9676746129989624,-0.04396814852952957,0.0034653267357498407,0.18980682813823224,0.0,50.475000000000485,0.0
50.55,294.2337843222357,5.766215677764308,0.8788024803292407,2.0195366739347267,-0.09423977934053461,299.25492107206037,0.00029709154283588494,0.1192301212781644,-0.27099722535638704,-2.8799707684941187,-0.46842122077941895,-0.9678382873535156,-0.04365484416484833,0.0034639891237020493,0.18981497405171396,0.0,50.55000000000049,0.0
50.625,294.2995693032063,5.700430696793717,0.8753034907857631,2.012521058113027,-0.09582306793721278,299.2549466584287,0.0003850632473814241,0.11892262429085486,-0.2713752714166233,-2.879568178696035,-0.4684715270996094,-0.9679964184761047,-0.04333959147334099,0.0034626289270818233,0.18982317062169315,0.0,50.62500000000049,0.0
50.699999999999996,294.3650925001862,5.634907499813778,0.8718146187807021,2.005385743766355,-0.09739711422304027,299.25497880810417,0.0004720286750285376,0.1186435173010829,-0.27175180307855196,-2.8791632464732704,-0.4685212969779968,-0.9681501388549805,-0.04302240163087845,0.003461238229647279,0.18983141755759717,0.0,50.70000000000049,0.0
50.775,294.4303546675735,5.569645332426489,0.8683357454762125,1.9981314829044723,-0.0989616159891834,299.2550174462435,0.0005580913998580149,0.11839102710221054,-0.2721271568913596,-2.8787559100296107,-0.4685705900192261,-0.9682998657226562,-0.0427033007144928,0.0034598212223500013,0.1898397141814232,0.0,50.775000000000496,0.0
50.85,294.4953565468047,5.5046434531952855,0.8648667646806683,1.9907590232894439,-0.10051627670728552,299.2550625110107,0.0006433559335582949,0.11816298594778123,-0.2725016419327847,-2.8783461360678904,-0.46861934661865234,-0.9684468507766724,-0.04238253831863403,0.0034583774395287037,0.18984805400371552,0.0,50.8500000000005,0.0
50.925,294.5600988845076,5.4399011154923755,0.861407583586892,1.9832691721702878,-0.10206080967703783,299.2551139373245,0.0007279274649430855,0.11795687284043736,-0.27287553337176934,-2.8779339253558356,-0.46866756677627563,-0.9685913920402527,-0.042060140520334244,0.003456904087215662,0.1898564363464713,0.0,50.9250000000005,0.0
51.0,294.6245824091609,5.375417590839106,0.8579581200808261,1.9756627028051357,-0.1035949416869858,299.2551716828866,0.0008119124796627849,0.11776986092704488,-0.2732490785481502,-2.8775193087622206,-0.46871519088745117,-0.9687347412109375,-0.041736237704753876,0.003455403493717313,0.1898648578196764,0.0,51.000000000000504,0.0
51.074999999999996,294.6888078440651,5.3111921559349184,0.8545183010274344,1.9679404436910963,-0.10511841688319395,299.2552357184154,0.0008954211192512985,0.1175988686957005,-0.2736224885147912,-2.8771023471152644,-0.4687621593475342,-0.9688774347305298,-0.041410893201828,0.0034538747277110815,0.18987331677675248,0.0,51.07500000000051,0.0
51.15,294.752775904745,5.247224095254978,0.8510880622465518,1.9601032318243428,-0.10663100026654601,299.25530599508784,0.000978564847355104,0.11744061555116644,-0.27399593886658963,-2.876683131496992,-0.46880847215652466,-0.9690203666687012,-0.04108429700136185,0.0034523168578743935,0.1898818082779646,0.0,51.15000000000051,0.0
51.225,294.81648731968625,5.183512680313754,0.8476673472868472,1.9521518999505243,-0.10813248076372799,299.2553824966426,0.0010614503711841566,0.11729168007904471,-0.2743695689055188,-2.8762617829503174,-0.4688541889190674,-0.9691640734672546,-0.04075649753212929,0.0034507298842072487,0.18989033106416464,0.0,51.22500000000051,0.0
51.3,294.87994279663855,5.120057203361455,0.8442561059624369,1.9440872978139894,-0.10962267382153487,299.2554652100621,0.0011441753785375944,0.11714855988457995,-0.2747434842046178,-2.875838447396599,-0.46889936923980713,-0.9693092703819275,-0.04042762517929077,0.003449114505201578,0.18989888174533845,0.0,51.300000000000516,0.0
51.375,294.94314303557775,5.056856964422252,0.8408542921708656,1.935910296405478,-0.11110142340165458,299.2555541223255,0.0012268301726133177,0.11700773152448783,-0.2751177554467288,-2.875413293987329,-0.4689440131187439,-0.9694565534591675,-0.04009774327278137,0.003447469789534807,0.1899074586749077,0.0,51.37500000000052,0.0
51.449999999999996,295.006088741663,4.993911258336993,0.8374618632588962,1.927621758216946,-0.11256860349445255,299.25564923669435,0.0013095004919091331,0.11686571003912682,-0.2754924179700187,-2.874986513517797,-0.4689881205558777,-0.9696063995361328,-0.039766985923051834,0.0034457952715456486,0.18991605836600067,0.0,51.45000000000052,0.0
51.525,295.06878061746323,4.931219382536767,0.8340787799442895,1.9192225627370665,-0.11402411907207018,299.2557505564246,0.001392265507889243,0.11671910751706957,-0.27586747507356574,-2.874558316303581,-0.46903175115585327,-0.9697590470314026,-0.03943536430597305,0.0034440928138792515,0.1899246805280447,0.0,51.525000000000524,0.0
51.6,295.1312193629524,4.868780637047621,0.8307050031834768,1.9107135639601462,-0.11546790631484302,299.25585808801907,0.0014752012191493555,0.11656468940913889,-0.2762429030936883,-2.8741289253730113,-0.4690748453140259,-0.9699150323867798,-0.03910289332270622,0.003442359622567892,0.18993332477360964,0.0,51.60000000000053,0.0
51.675,295.19340566514785,4.80659433485215,0.82734049329845,1.902095654123882,-0.11689993371107216,299.2559718444959,0.0015583648111538572,0.11639942739637649,-0.2766186489683668,-2.8736985742549708,-0.46911776065826416,-0.970074474811554,-0.03876976668834686,0.003440596628934145,0.189941986066103,0.0,51.67500000000053,0.0
51.75,295.2553402084733,4.744659791526715,0.8239852121317338,1.8933697127189297,-0.11832020026138934,299.256091848642,0.001641807355155584,0.1162205480586362,-0.27699463580898454,-2.8732675062792463,-0.46916019916534424,-0.970237135887146,-0.0384359285235405,0.0034388042986392975,0.18995066585838796,0.0,51.75000000000053,0.0
51.824999999999996,295.3170236929015,4.6829763070984995,0.8206391190637684,1.8845365809922703,-0.11972873498258482,299.25621812322834,0.0017255664921346902,0.11602557661153659,-0.27737077395673765,-2.8728359677968633,-0.46920257806777954,-0.9704033136367798,-0.03810146450996399,0.003436982398852706,0.18995936192274093,0.0,51.825000000000536,0.0
51.9,295.3784567873037,4.621543212696281,0.8173021699838408,1.875597142685367,-0.12112559482083401,299.25635069103737,0.0018096705741455898,0.11581237500034566,-0.27774695745713646,-2.8724042023856984,-0.46924465894699097,-0.9705727100372314,-0.0377662256360054,0.0034351306967437267,0.18996807813346386,0.0,51.90000000000054,0.0
51.975,295.4396401786918,4.560359821308225,0.8139743189388848,1.866552239046617,-0.12251086329875734,299.25648958461534,0.0018941377417404127,0.11557917358044331,-0.2781230692891675,-2.871972448996563,-0.4692867398262024,-0.9707450270652771,-0.037430472671985626,0.003433250356465578,0.18997680771052838,0.0,51.97500000000054,0.0
52.05,295.50057453593433,4.499425464065666,0.8106555162280022,1.8574027283228334,-0.12388464748794106,299.25663482999653,0.001978973723750046,0.11532459693337434,-0.27849898783798366,-2.8715409425970813,-0.46932876110076904,-0.9709200263023376,-0.03709399700164795,0.003431338584050536,0.18998555607795717,0.0,52.050000000000544,0.0
52.125,295.5612605330814,4.438739466918605,0.8073457101872894,1.8481494432656136,-0.12524707528901757,299.2567864434427,0.00206417582724807,0.11504768195873438,-0.27887459068432946,-2.8711099047353983,-0.46937084197998047,-0.9710968732833862,-0.03675690293312073,0.0034294012002646923,0.18999432052373888,0.0,52.12500000000055,0.0
52.199999999999996,295.6216988338137,4.378301166186304,0.8040448424578602,1.8387932081294698,-0.1265982924732579,299.2569444640185,0.00214973073104008,0.11474788934693929,-0.2792497624218247,-2.8706795430801817,-0.46941304206848145,-0.971275806427002,-0.036419160664081573,0.0034274335484951735,0.1900031018227339,0.0,52.20000000000055,0.0
52.275,295.6818901018103,4.318109898189675,0.8007528526358776,1.8293348344215903,-0.12793845927980196,299.2571089177495,0.002235613133700437,0.11442510685921682,-0.2796243861974537,-2.870250049029469,-0.4694554805755615,-0.9714553952217102,-0.03608061745762825,0.003425436560064554,0.19001190394610168,0.0,52.27500000000055,0.0
52.35,295.7418349981583,4.2581650018416894,0.7974696788849962,1.819775133649446,-0.12926774641280236,299.2572798176461,0.002321792446081543,0.11407964655314508,-0.2799983624585628,-2.8698215916517844,-0.4694980978965759,-0.9716353416442871,-0.035741329193115234,0.0034234130289405584,0.190020725440979,0.0,52.350000000000556,0.0
52.425,295.8015341657969,4.198465834203091,0.7941952548040435,1.8101148918278414,-0.13058633164127265,299.25745719301494,0.002408232848269798,0.11371223405576121,-0.2803716094829685,-2.869394318968853,-0.4695410132408142,-0.9718148112297058,-0.03540123254060745,0.003421362955123186,0.1900295679539442,0.0,52.42500000000056,0.0
52.5,295.86098825544,4.13901174455998,0.790929511843157,1.8003548779742964,-0.13189439613090587,299.2576410568531,0.0024948867124995524,0.11332399138696309,-0.28074406435566973,-2.868968355520439,-0.4695843458175659,-0.9719930291175842,-0.03506026789546013,0.003419285174459219,0.19003843303471804,0.0,52.50000000000056,0.0
52.574999999999996,295.92019791521057,4.079802084789435,0.7876723800576548,1.7904958738539405,-0.13319212049228807,299.25783143195713,0.0025817018026459485,0.11291641296535387,-0.28111568629148137,-2.8685438004507438,-0.4696280360221863,-0.9721691608428955,-0.03471845015883446,0.0034171813167631626,0.19004732029587032,0.0,52.575000000000564,0.0
52.65,295.97916377249066,4.020836227509335,0.7844237881913254,1.7805386272413017,-0.13447968074069622,299.2580283183138,0.0026686244314423468,0.11249133557899692,-0.2814864596143335,-2.8681207277868785,-0.46967214345932007,-0.9723424911499023,-0.03437552973628044,0.003415051382035017,0.19005623622685672,0.0,52.65000000000057,0.0
52.725,296.0378864676223,3.962113532377714,0.7811836658218587,1.7704838774112754,-0.13575724536976486,299.2582317289525,0.002755593048136166,0.11205090330631473,-0.28185639452410177,-2.867699181591642,-0.46971678733825684,-0.9725120067596436,-0.034031614661216736,0.0034128958359360695,0.19006517801880837,0.0,52.72500000000057,0.0
52.8,296.09636662280235,3.90363337719765,0.7779519445985561,1.7603323636407393,-0.13702497132595173,299.25844165735816,0.0028425432388116643,0.11159752760707416,-0.2822255329291354,-2.8672791802967446,-0.4697619080543518,-0.9726768732070923,-0.03368646651506424,0.003410716075450182,0.19007415187060833,0.0,52.80000000000057,0.0
52.875,296.15460486800373,3.84539513199627,0.7747285569284863,1.7500848209566136,-0.13828300097632207,299.2586581100454,0.0029294161945733702,0.11113384298504692,-0.2825939494354842,-2.866860714611928,-0.4698074460029602,-0.9728364944458008,-0.03334025666117668,0.0034085125662386417,0.19008315332680942,0.0,52.875000000000576,0.0
52.949999999999996,296.2126018098672,3.7873981901328193,0.7715134394252112,1.7397419588937166,-0.1395314590930471,299.25888106097,0.003016155417023556,0.11066265977155594,-0.28296174772504606,-2.8664437536615885,-0.4698534607887268,-0.9729897975921631,-0.032992634922266006,0.003406284376978874,0.19009219149202108,0.0,52.95000000000058,0.0
53.025,296.2703580679951,3.7296419320048813,0.7683065329180723,1.7293044954836685,-0.1407704507882717,299.25911052967876,0.003102698167001346,0.11018691508351021,-0.2833290651183773,-2.86602823690015,-0.46990007162094116,-0.9731363654136658,-0.032643720507621765,0.003404033835977316,0.19010126326680185,0.0,53.02500000000058,0.0
53.1,296.32787425421253,3.6721257457874685,0.7651077834218581,1.718773140260721,-0.14200005897610724,299.25934646733685,0.003188991526607501,0.10970962110672075,-0.2836960670764849,-2.8656140831847536,-0.4699469804763794,-0.9732754826545715,-0.032293424010276794,0.0034017611760646105,0.1901103709757328,0.0,53.100000000000584,0.0
53.175,296.38515097516034,3.614849024839657,0.7619171447666666,1.7081486027596933,-0.14322034263925226,299.2595888674473,0.003274983929227069,0.10923381326598837,-0.28406294706737817,-2.8652011927204146,-0.4699944853782654,-0.9734064340591431,-0.03194158896803856,0.0033994654659181833,0.190119518686831,0.0,53.17500000000059,0.0
53.25,296.4421888322939,3.55781116770612,0.7587345794336802,1.6974315840177543,-0.14443133549183731,299.2598377072368,0.0033606288621941278,0.1087624992699718,-0.28442992952813934,-2.8647894436380708,-0.47004228830337524,-0.9735287427902222,-0.03158827871084213,0.003397146938368678,0.19012870475351812,0.0,53.25000000000059,0.0
53.324999999999996,296.4989884322553,3.5010115677446834,0.7555600588667608,1.6866228063170472,-0.14563304507086275,299.26009295741324,0.003445888115554208,0.10829860828773005,-0.2847972675531839,-2.86437870000087,-0.47009050846099854,-0.9736419320106506,-0.031233344227075577,0.0033948093187063932,0.19013793305009605,0.0,53.32500000000059,0.0
53.4,296.5555503713164,3.4444496286836284,0.7523935634727046,1.6757229749444158,-0.14682545257381124,299.26035459194736,0.0035307258468471672,0.10784494273156467,-0.2851652385870014,-2.8639688113262682,-0.4701390862464905,-0.9737458825111389,-0.030876848846673965,0.0033924486488103867,0.1901472019299865,0.0,53.400000000000595,0.0
53.475,296.6118752561187,3.388124743881292,0.749235084718457,1.6647328079328956,-0.14800851250191127,299.2606225587624,0.003615116475483418,0.10740413206485705,-0.28553413682051165,-2.863559618519868,-0.4701879024505615,-0.9738402366638184,-0.03051861934363842,0.0033900700509548187,0.19015651589706542,0.0,53.4750000000006,0.0
53.55,296.66796368552843,3.3320363144715657,0.7460846268832639,1.653653031814588,-0.14918215342173785,299.26089685136776,0.003699043170690768,0.10697859068452716,-0.2859042730089013,-2.8631509547112586,-0.47023695707321167,-0.9739248752593994,-0.030158748850226402,0.00338766910135746,0.19016587252989411,0.0,53.5500000000006,0.0
53.625,296.72381625582057,3.276183744179434,0.7429422080294708,1.642484381620095,-0.15034627881927431,299.2611774079214,0.003782495820842561,0.10657048019502428,-0.2862759736767755,-2.8627426505578795,-0.47028619050979614,-0.973999559879303,-0.029797149822115898,0.003385248826816678,0.190175274104625,0.0,53.625000000000604,0.0
53.699999999999996,296.77943358400853,3.2205664159914704,0.7398078571960411,1.6312276051250774,-0.15150076837066107,299.2614642089061,0.0038654725603056855,0.10618167606028746,-0.28664957874393227,-2.8623345347239235,-0.47033554315567017,-0.974064826965332,-0.02943383902311325,0.0033828075975179672,0.19018472018539906,0.0,53.70000000000061,0.0
53.775,296.83481627155163,3.165183728448369,0.7366816169298799,1.61988343735957,-0.15264547972784004,299.2617572185236,0.0039479829964162265,0.10581373898478366,-0.2870254278816914,-2.861926439176605,-0.4703848958015442,-0.9741204977035522,-0.02906877174973488,0.0033803479745984077,0.1901942119345069,0.0,53.77500000000061,0.0
53.85,296.8899649302828,3.110035069717185,0.733563545835808,1.6084526600926676,-0.15378025068063897,299.2620564009835,0.004030042240736798,0.10546789293371214,-0.2874038632749359,-2.8615182019923076,-0.470434308052063,-0.9741668105125427,-0.02870195545256138,0.0033778659999370575,0.1902037491582334,0.0,53.85000000000061,0.0
53.925,296.9448801772192,3.055119822780796,0.7304537142897818,1.5969360550928975,-0.15490490150035208,299.26236172374183,0.004111674282403069,0.10514500882159349,-0.28778522714715254,-2.8611096692489744,-0.47048360109329224,-0.9742044806480408,-0.028333498165011406,0.003375367261469364,0.1902133290477097,0.0,53.925000000000615,0.0
54.0,296.9995626397472,3.0004373602528176,0.7273522070815909,1.5853344083767622,-0.15601923775901316,299.26267315426367,0.004192912684431791,0.10484559363662989,-0.28816985015582486,-2.860700702394029,-0.47053277492523193,-0.9742335677146912,-0.027963412925601006,0.0033728459384292364,0.19022295126393438,0.0,54.00000000000062,0.0
54.074999999999996,297.0540129400721,2.9459870599279157,0.724259123124076,1.5736485357050893,-0.15712305282816236,299.2629906567395,0.004273796953883462,0.10456978697234857,-0.2885580537003532,-2.8602911768971637,-0.4705817699432373,-0.974254846572876,-0.027591589838266373,0.003370306920260191,0.19023261866420507,0.0,54.07500000000062,0.0
54.15,297.1082317237302,2.8917682762697723,0.7211745746590598,1.5618792698325916,-0.15821613132167842,299.26331421816667,0.00435437344525583,0.10431736307341077,-0.2889501437023863,-2.8598809807392307,-0.4706305265426636,-0.9742686748504639,-0.027218163013458252,0.003367747412994504,0.1902423277616501,0.0,54.150000000000624,0.0
54.225,297.16221963366417,2.837780366335835,0.718098685765911,1.5500274265178304,-0.1592982521848783,299.2636438125096,0.004434692426468342,0.10408773930553072,-0.2893464083624056,-2.8594700214961253,-0.47067904472351074,-0.9742760062217712,-0.026843108236789703,0.003365167649462819,0.19025207918584347,0.0,54.22500000000063,0.0
54.3,297.21597733096826,2.7840226690317422,0.7150315935124857,1.5380938852540103,-0.16036919186978804,299.2639794202423,0.0045148107488267655,0.10387999018037324,-0.28974711057648306,-2.859058227406379,-0.47072720527648926,-0.974277138710022,-0.026466568931937218,0.0033625669311732054,0.19026186920776963,0.0,54.30000000000063,0.0
54.375,297.2695054819196,2.730494518080377,0.7119734452924651,1.526079508537336,-0.1614287274731605,299.2643210316028,0.004594788044462429,0.10369286750487644,-0.2901524903565016,-2.858645549847845,-0.4707750678062439,-0.9742732644081116,-0.026088491082191467,0.003359947120770812,0.19027169923186302,0.0,54.37500000000063,0.0
54.449999999999996,297.3228047657585,2.6771952342414806,0.7089243989594136,1.5139851843572463,-0.16247663999266598,299.26466863683254,0.004674687644315223,0.10352482520476869,-0.29056275531537135,-2.858231960459613,-0.4708225131034851,-0.9742647409439087,-0.02570895105600357,0.0033573051914572716,0.19028156727254392,0.0,54.450000000000635,0.0
54.525,297.3758758669103,2.6241241330897083,0.7058846217225986,1.5018118049517213,-0.16351271762672165,299.2650222424463,0.004754574445201536,0.10337404936399147,-0.290978083808759,-2.8578174549411126,-0.47086960077285767,-0.9742526412010193,-0.02532811090350151,0.0033546409104019403,0.19029146911650896,0.0,54.52500000000064,0.0
54.6,297.4287194957262,2.5712805042737727,0.7028542887380036,1.4895603050469925,-0.16453675832433343,299.2653818321578,0.004834513413943937,0.10323849213335626,-0.2913986199825303,-2.8574020540120793,-0.4709162712097168,-0.9742375016212463,-0.024945879355072975,0.003351958002895117,0.1903014071367681,0.0,54.60000000000064,0.0
54.675,297.48133636773787,2.5186636322621325,0.6998335824984572,1.477231581126751,-0.16554857270611975,299.26574742550383,0.0049145674781636995,0.1031159092465864,-0.2918244754457959,-2.8569857983904017,-0.4709625840187073,-0.9742201566696167,-0.024562381207942963,0.003349252976477146,0.1903113780885935,0.0,54.675000000000644,0.0
54.75,297.53372720626055,2.4662727937394493,0.6968226902004102,1.4648265976595691,-0.1665479862553919,299.2661190257404,0.004994801391001467,0.10300390029891246,-0.2922557272979187,-2.8565687502274146,-0.47100841999053955,-0.9742013812065125,-0.02417757362127304,0.003346523270010948,0.1903213830858469,0.0,54.75000000000065,0.0
54.824999999999996,297.58589276311966,2.4141072368803407,0.6938218032397094,1.4523462851180402,-0.1675348418546909,299.26649665238665,0.005075277553863597,0.10289995116328025,-0.29269241593887124,-2.8561509927686597,-0.4710538983345032,-0.9741818308830261,-0.023791639134287834,0.003343774937093258,0.19033141738250853,0.0,54.82500000000065,0.0
54.9,297.63783379014365,2.3621662098563547,0.6908311164779326,1.4397916037185134,-0.16850900158004456,299.2668803249717,0.0051560517081799696,0.10280147810299044,-0.29313454660716276,-2.855732631515748,-0.47109901905059814,-0.9741621017456055,-0.023404598236083984,0.003341002855449915,0.19034148044586183,0.0,54.90000000000065,0.0
54.975,297.6895510573062,2.3104489426938244,0.6878508260720821,1.4271635136753578,-0.1694703478207581,299.2672700695339,0.005237176122637825,0.10270587218175799,-0.29358209161931076,-2.855313789199863,-0.47114378213882446,-0.974142849445343,-0.023016393184661865,0.0033382077235728502,0.1903515737771988,0.0,54.975000000000655,0.0
55.05,297.7410453553186,2.2589546446814097,0.6848811282483268,1.4144629794497818,-0.17041878471482533,299.2676659153567,0.005318700562795176,0.10261054352604147,-0.2940349901049697,-2.854894602170058,-0.47118818759918213,-0.974124550819397,-0.022627169266343117,0.003335390705615282,0.1903616935990751,0.0,55.05000000000066,0.0
55.125,297.79231748785475,2.2076825121452543,0.6819222182790663,1.401690982498014,-0.17135423913038675,299.2680678917259,0.005400666637004814,0.10251296499706114,-0.29449315017143357,-2.854475223340016,-0.4712323546409607,-0.9741076827049255,-0.022237006574869156,0.003332550637423992,0.1903718378290534,0.0,55.12500000000066,0.0
55.199999999999996,297.84336825858753,2.1566317414124683,0.6789742888450343,1.3888484957780656,-0.17227666049110424,299.26847603444503,0.00548310766233095,0.10241071412793923,-0.2949564506879005,-2.8540558174879407,-0.47127628326416016,-0.9740926623344421,-0.021845746785402298,0.0033296882174909115,0.19038201058357954,0.0,55.200000000000664,0.0
55.275,297.89419849451804,2.1058015054819634,0.6760375290913689,1.3759364794980733,-0.17318602095771019,299.2688903695357,0.005566053164133316,0.10230151249878865,-0.295424742765139,-2.8536365540898134,-0.4713199734687805,-0.9740797877311707,-0.021453507244586945,0.0033268011175096035,0.19039220881164076,0.0,55.27500000000067,0.0
55.35,297.9448090485722,2.0551909514277895,0.6731121254156017,1.3629559278562087,-0.17408231530955293,299.2693109555921,0.0056495243128755375,0.10218326266796551,-0.29589785442273114,-2.8532176109384486,-0.47136354446411133,-0.9740689992904663,-0.021060386672616005,0.003323892829939723,0.190402429946512,0.0,55.35000000000067,0.0
55.425,297.9952007607123,2.0047992392877063,0.6701982567012134,1.3499078053083011,-0.17496555958114252,299.26973782189543,0.00573353432983368,0.1020540816242272,-0.29637559743575254,-2.85279917055535,-0.4714069962501526,-0.9740609526634216,-0.020666250959038734,0.003320959396660328,0.190412677475065,0.0,55.42500000000067,0.0
55.5,298.04537450719005,1.954625492809953,0.6672960959238694,1.3367930720571068,-0.17583579060127802,299.2701710074866,0.005818083989974895,0.10191232945218118,-0.29685776085674703,-2.8523814134308654,-0.4714505076408386,-0.9740552306175232,-0.0202711783349514,0.0033180033788084984,0.19042294936329127,0.0,55.500000000000675,0.0
55.574999999999996,298.09533116166705,1.9046688383329524,0.6644058103123456,1.3236127053020978,-0.1766930637810517,299.27061055142804,0.0059031718216796415,0.10175663423557016,-0.2973441220521943,-2.851964518510213,-0.4714938998222351,-0.9740520119667053,-0.01987513154745102,0.003315024310722947,0.1904332465797663,0.0,55.57500000000068,0.0
55.65,298.14507161853913,1.8549283814608657,0.6615275585825453,1.310367656745832,-0.1775374519237036,299.2710564992708,0.005988783793459846,0.10158591185673382,-0.29783444915037205,-2.8515486600093447,-0.4715375304222107,-0.9740511775016785,-0.01947806589305401,0.0033120231237262487,0.1904435702867806,0.0,55.65000000000068,0.0
55.725,298.1945967903468,1.8054032096532069,0.6586614928274377,1.2970588738397748,-0.17836904302548157,299.271508886814,0.006074897139048173,0.1013993809180922,-0.29832850361507374,-2.851134003208525,-0.47158122062683105,-0.9740523099899292,-0.01908007636666298,0.0033089977223426104,0.19045391801446676,0.0,55.72500000000068,0.0
55.8,298.2439075714855,1.7560924285144779,0.6558077570092203,1.283687304037375,-0.17918793756774812,299.2719677433456,0.006161486983351401,0.10119657198888303,-0.2988260486475301,-2.850720705842508,-0.47162508964538574,-0.974055290222168,-0.01868099719285965,0.003305950667709112,0.19046429407298565,0.0,55.800000000000686,0.0
55.875,298.29300490041686,1.706995099583139,0.6529664860378361,1.2702538905381584,-0.17999424647552328,299.2724331209429,0.006248520298601923,0.10097733188443285,-0.2993268493673732,-2.8503089105789985,-0.47166919708251953,-0.9740597605705261,-0.01828085258603096,0.0033028805628418922,0.1904746978327632,0.0,55.87500000000069,0.0
55.949999999999996,298.3418897052309,1.6581102947690738,0.6501378076720083,1.2567595510481337,-0.18078808860438256,299.2729050358621,0.006335956462445318,0.10074182238307035,-0.29983067543334485,-2.849898746201316,-0.4717136025428772,-0.9740651845932007,-0.01787962019443512,0.003299787873402238,0.1904851298749447,0.0,55.95000000000069,0.0
56.025,298.3905629321643,1.6094370678356995,0.6473218415512281,1.2432052160186522,-0.18156958762573297,299.2733835271647,0.006423750586152929,0.10049051367693161,-0.30033730722531427,-2.849490325974618,-0.47175830602645874,-0.9740712642669678,-0.017477191984653473,0.0032966751605272293,0.19049559300839902,0.0,56.025000000000695,0.0
56.1,298.4390255274509,1.5609744725491055,0.6445186996295591,1.2295917904064149,-0.18233886953401776,299.273868607861,0.006511853931612958,0.10022417249266485,-0.30084653626127783,-2.8490837443767667,-0.47180336713790894,-0.9740774035453796,-0.01707354374229908,0.0032935391645878553,0.19050608786270024,0.0,56.1000000000007,0.0
56.175,298.48727845546847,1.51272154453153,0.6417284871213984,1.215920170667924,-0.1830960602698496,299.27436030724675,0.006600208887029021,0.09994384573836664,-0.30135816904621954,-2.84867907813893,-0.47184890508651733,-0.9740831255912781,-0.016668735072016716,0.003290381748229265,0.19051661288812757,0.0,56.1750000000007,0.0
56.25,298.53532268318816,1.4646773168118443,0.6389513028719483,1.2021912617576145,-0.18384128211088668,299.2748586448465,0.006688757426098325,0.09965083919401836,-0.3018720295886921,-2.848276385597399,-0.4718948006629944,-0.9740878343582153,-0.016262460500001907,0.0032872052397578955,0.19052717602699995,0.0,56.2500000000007,0.0
56.324999999999996,298.5831591931316,1.4168408068683789,0.636187240028363,1.188405947382682,-0.18457465163788164,299.27536362716637,0.0067774407566474106,0.09934669219442352,-0.30238796222515324,-2.847875700570159,-0.47194117307662964,-0.9740909934043884,-0.01585480198264122,0.0032840059138834476,0.19053777514845133,0.0,56.325000000000706,0.0
56.4,298.6307889600439,1.3692110399560988,0.6334363868536319,1.17456511125117,-0.1852962773941938,299.2758752672221,0.006866196377049969,0.09903314907411151,-0.3029058329199658,-2.847477038175897,-0.4719880223274231,-0.9740920066833496,-0.015445716679096222,0.00328078749589622,0.1905484113663435,0.0,56.40000000000071,0.0
56.475,298.6782129690373,1.321787030962696,0.6306988281974362,1.1606696243226649,-0.1860062570012135,299.2763935617668,0.006954964813414417,0.09871212708398842,-0.3034255317025855,-2.847080395097584,-0.47203528881073,-0.9740902185440063,-0.015035077929496765,0.003277549520134926,0.19055908797383309,0.0,56.47500000000071,0.0
56.55,298.72543222596073,1.2745677740392694,0.6279746450058878,1.146720349056271,-0.18670467566216634,299.27691851731015,0.007043684917623024,0.09838568207236328,-0.30394697469022414,-2.8466857474613154,-0.47208309173583984,-0.97408527135849,-0.014622947201132774,0.0032742926850914955,0.19056980337277055,0.0,56.550000000000715,0.0
56.625,298.77244773148055,1.227552268519446,0.625263915719803,1.1327181691572012,-0.1873916040797965,299.27745011431807,0.007132294766889124,0.09805597198019522,-0.3044701002398618,-2.8462930537496893,-0.4721313714981079,-0.9740765690803528,-0.014209136366844177,0.003271015826612711,0.19058056245446206,0.0,56.62500000000072,0.0
56.699999999999996,298.81926049144363,1.1807395085563712,0.622566717935615,1.1186639300881254,-0.1880670968332905,299.27798835605745,0.0072207356862069305,0.09772521899564801,-0.3049948699689521,-2.8459022531836804,-0.4721801280975342,-0.9740636944770813,-0.013793641701340675,0.0032677212730050087,0.19059136531576515,0.0,56.70000000000072,0.0
56.775,298.86587152984515,1.1341284701548489,0.6198831289271297,1.1045585070534905,-0.18873119123067456,299.2785332262565,0.007308954300470695,0.09739567128501989,-0.30552126859479267,-2.845513269735043,-0.4722293019294739,-0.9740462303161621,-0.013376463204622269,0.0032644071616232395,0.19060221195667984,0.0,56.77500000000072,0.0
56.85,298.91228186549387,1.087718134506133,0.617213226708831,1.0904027582618763,-0.18938390624752433,299.2790846988778,0.007396899433528692,0.09706956486743469,-0.3060493032331853,-2.8451260144099715,-0.4722789525985718,-0.9740238189697266,-0.012957453727722168,0.0032610753551125526,0.19061310620307922,0.0,56.850000000000726,0.0
56.925,298.9584925197914,1.0415074802086224,0.6145570909003496,1.0761975461706879,-0.19002524186908828,299.2796427576577,0.0074845256446443905,0.09674908607765555,-0.3065790020853803,-2.844740383169995,-0.47232896089553833,-0.9739961624145508,-0.012536618858575821,0.0032577263191342354,0.19062404790967705,0.0,56.92500000000073,0.0
57.0,299.00450452969176,0.9954954703082421,0.6119148036692601,1.0619437289865221,-0.19065517920586056,299.28020736679673,0.007571788890109801,0.09643633526376813,-0.30711041280385065,-2.844356262397871,-0.4723794460296631,-0.9739630222320557,-0.012113969773054123,0.003254358656704426,0.1906350367859006,0.0,57.00000000000073,0.0
57.074999999999996,299.0503189451119,0.9496810548881172,0.6092864508728414,1.047642186160102,-0.1912736796163849,299.28077851328544,0.007658657321234972,0.09613329239533396,-0.30764360096597004,-2.843973530747857,-0.47243010997772217,-0.9739241600036621,-0.01168934628367424,0.0032509758602827787,0.19064607699662448,0.0,57.075000000000735,0.0
57.15,299.0959368107832,0.9040631892167994,0.606672121791179,1.0332937843953922,-0.1918806859974788,299.2813561613211,0.007745100090065378,0.09584178520741272,-0.3081786485821335,-2.8435920587939707,-0.47248125076293945,-0.9738796353340149,-0.011262791231274605,0.0032475751359015703,0.19065716742798686,0.0,57.15000000000074,0.0
57.225,299.1413591792159,0.8586408207841032,0.6040719096260708,1.0188994116410486,-0.19247612324609434,299.28194027186646,0.007831091434448845,0.09556346034557789,-0.3087156473754898,-2.8432117135613093,-0.47253257036209106,-0.973829448223114,-0.010834356769919395,0.003244156949222088,0.1906683067239821,0.0,57.22500000000074,0.0
57.3,299.18658712106406,0.8134128789359352,0.601485913390182,1.0044599473455285,-0.19305989906754184,299.282530815628,0.007916613204713839,0.09529975734470476,-0.30925469604687394,-2.842832364676354,-0.47258418798446655,-0.9737735986709595,-0.010403955355286598,0.0032407238613814116,0.19067949716076255,0.0,57.30000000000074,0.0
57.375,299.2316217069854,0.7683782930146208,0.5989142378938905,0.9899763007010473,-0.193631905146337,299.2831277568134,0.008001654878900063,0.09505188725671157,-0.30979589997407825,-2.842453881144737,-0.4726359248161316,-0.9737122654914856,-0.009971577674150467,0.003237273544073105,0.1906907389804721,0.075,57.375000000000746,0.075
57.449999999999996,299.27646400763626,0.7235359923637361,0.5963569937688599,0.9754493724016037,-0.19419201925116922,299.28373105311493,0.008086206602881113,0.09482081504257638,-0.3103393680449902,-2.842076134544791,-0.4726879596710205,-0.9736456274986267,-0.009537246078252792,0.003233806462958455,0.19070203160196544,0.15,57.45000000000075,0.15
57.525,299.3211151247806,0.6788848752194099,0.5938142967791369,0.9608800758851231,-0.19474010667392525,299.2843406752563,0.008170267243775646,0.09460724625731372,-0.31088520872509184,-2.841699003409683,-0.4727399945259094,-0.9735741019248962,-0.009101161733269691,0.003230323549360037,0.190713369794935,0.22499999999999998,57.52500000000075,0.22499999999999998
57.599999999999994,299.3655761524066,0.6344238475933821,0.5912862684584128,0.9462693330885971,-0.19527602172585357,299.2849565841834,0.00825384743906592,0.09441161793687125,-0.31143352453373385,-2.841322379147714,-0.4727920889854431,-0.9734980463981628,-0.008662963286042213,0.0032268245704472065,0.19072476295456292,0.3,57.600000000000755,0.3
57.675,299.40984819487437,0.5901518051256289,0.5887730371647075,0.9316180956916426,-0.19579961065677887,299.2855787440976,0.008336956399587694,0.09423409512557473,-0.31198440931464577,-2.840946155581881,-0.47284430265426636,-0.9734176993370056,-0.008222928270697594,0.0032233092933893204,0.19073620386496187,0.375,57.67500000000076,0.375
57.75,299.45393237209595,0.5460676279040513,0.5862747353000688,0.9169273068739601,-0.19631071361132776,299.28620712246857,0.00841960955037971,0.09407457145509074,-0.31253794817789776,-2.840570240649432,-0.4728964567184448,-0.9733339548110962,-0.007781026419252157,0.0032197777181863785,0.19074769331309946,0.45,57.75000000000076,0.45
57.824999999999996,299.49782981176173,0.5021701882382672,0.5837915012583706,0.9021979268108351,-0.19680916683483318,299.28684168023847,0.008501830903140686,0.09393267375200716,-0.3130942084117448,-2.8401945587385553,-0.4729485511779785,-0.9732468724250793,-0.007337348069995642,0.0032162293791770935,0.19075922895018013,0.525,57.82500000000076,0.525
57.9,299.54154165193256,0.45845834806743824,0.5813234790907215,0.887430932672852,-0.19729480518479897,299.28748238812886,0.008583640860413206,0.09380777241099601,-0.3136532451514555,-2.8398190487141246,-0.473000705242157,-0.9731572270393372,-0.006891797762364149,0.0032126661390066147,0.19077081325817855,0.6,57.900000000000766,0.6
57.974999999999994,299.58506904363105,0.4149309563689485,0.5788708155373556,0.8726273101273974,-0.19776746471251186,299.2881292168463,0.008665059869002857,0.09369899490983,-0.31421509597717884,-2.839443660765997,-0.4730527997016907,-0.9730656147003174,-0.006444565486162901,0.0032090842723846436,0.19078244129735977,0.6749999999999999,57.97500000000077,0.6749999999999999
58.05,299.62841314306434,0.3715868569356644,0.576433660619676,0.8577880490903981,-0.19822698462048433,299.28878213385406,0.008746115395132816,0.0936052429722407,-0.3147797760672565,-2.8390683649969097,-0.4731047749519348,-0.9729726314544678,-0.005995634477585554,0.003205488435924053,0.19079411350358277,0.7499999999999999,58.05000000000077,0.7499999999999999
58.125,299.6715751219951,0.3284248780049097,0.5740121669120788,0.8429141607216247,-0.19867320932593732,299.28944112940144,0.008826841895146466,0.09352521401656168,-0.31534727726822687,-2.838693149069828,-0.47315657138824463,-0.9728789329528809,-0.00554500101134181,0.003201873507350683,0.19080582997370513,0.8249999999999998,58.125000000000774,0.8249999999999998
58.199999999999996,299.71455616255525,0.28544383744474544,0.5716064891226659,0.8280066646779307,-0.1991059914033428,299.2901061546577,0.008907268619397354,0.09345742613476163,-0.3159175671566166,-2.8383180164632855,-0.47320836782455444,-0.9727850556373596,-0.005092810373753309,0.003198245307430625,0.19081758693028242,0.8999999999999998,58.20000000000078,0.8999999999999998
58.275,299.75735745724546,0.24264254275453823,0.5692167813631657,0.813066580615037,-0.19952519289783233,299.29077720964096,0.008987427876883263,0.09340024531071538,-0.31649058851578105,-2.837942988278094,-0.47325992584228516,-0.9726918935775757,-0.004639036487787962,0.003194596618413925,0.19082938505131752,0.9749999999999998,58.27500000000078,0.9749999999999998
58.349999999999994,299.79998021412064,0.20001978587936264,0.5668431984520785,0.7980949409342907,-0.19993068772108272,299.29145426505283,0.009067345949014899,0.09335191459095381,-0.31706625494735813,-2.837568102472792,-0.47331154346466064,-0.9725996851921082,-0.004183742683380842,0.0031909337267279625,0.1908412226902321,1.0499999999999998,58.35000000000078,1.0499999999999998
58.425,299.8424256438303,0.1575743561696754,0.5644858944252363,0.7830927992822966,-0.20032236311636564,299.29213731765276,0.009147044160123397,0.09331058568711309,-0.3176444573115262,-2.837193412338214,-0.4733630418777466,-0.9725092053413391,-0.0037271245382726192,0.003187253139913082,0.19085309476200493,1.1249999999999998,58.425000000000786,1.1249999999999998
58.5,299.8846949699841,0.11530503001591796,0.562145020358469,0.7680612050551353,-0.2007001202709044,299.2928263218728,0.009226548279275524,0.09327435065288535,-0.31822506194960803,-2.8368189881669923,-0.47341442108154297,-0.972420871257782,-0.0032689212821424007,0.0031835560221225023,0.19086500804666431,1.1999999999999997,58.50000000000079,1.1999999999999997
58.574999999999996,299.92678944211275,0.07321055788725062,0.5598207229928907,0.7530012033969471,-0.20106387636655443,299.2935212939974,0.009305881638995586,0.09324127510671884,-0.3188079103900504,-2.8364449094862807,-0.4734657406806946,-0.9723353981971741,-0.002809499856084585,0.003179841674864292,0.1908769530037418,1.2749999999999997,58.57500000000079,1.2749999999999997
58.65,299.9687102967882,0.03128970321182578,0.5575131456975873,0.7379138564497218,-0.20141356495461005,299.2942222047286,0.009385066889974418,0.0932094312863305,-0.3193928175051421,-2.8360712732694187,-0.47351694107055664,-0.9722529053688049,-0.0023486907593905926,0.0031761103309690952,0.19088893404025586,1.3499999999999996,58.650000000000794,1.3499999999999996
58.724999999999994,300.01045879391046,-0.010458793910459008,0.5552224268270581,0.7228002178546836,-0.20174913681055567,299.2949290475658,0.009464115851759148,0.0931769309882349,-0.3199795791541677,-2.8356981847805276,-0.47356826066970825,-0.9721739888191223,-0.0018865964375436306,0.003172361059114337,0.19090094849262387,1.4249999999999996,58.7250000000008,1.4249999999999996
58.8,300.0520361985662,-0.05203619856621344,0.5529486974178599,0.7076613582489233,-0.20207056009928473,299.29564181600153,0.00954303623794453,0.09314195675109832,-0.3205679702438749,-2.8353257562895613,-0.4736195206642151,-0.9720989465713501,-0.0014232522808015347,0.0031685950234532356,0.19091299544069917,1.4999999999999996,58.8000000000008,1.4999999999999996
58.875,300.0934437939865,-0.09344379398652336,0.5506920813736789,0.6924983440184411,-0.20237782065896018,299.29636050678073,0.009621828391614688,0.0931027912653355,-0.321157745459246,-2.834954109555203,-0.47367095947265625,-0.9720280766487122,-0.0009587663225829601,0.003164812922477722,0.19092507207561285,1.5749999999999995,58.8750000000008,1.5749999999999995
58.949999999999996,300.13468286080865,-0.13468286080865255,0.5484526955036404,0.6773122288021954,-0.20267092094387307,299.29708509387274,0.009700489822765421,0.0930578452675665,-0.3217486424873819,-2.8345833718132663,-0.4737223982810974,-0.9719614386558533,-0.000492944847792387,0.0031610135920345783,0.1909371834339574,1.6499999999999995,58.950000000000806,1.6499999999999995
59.025,300.17575468744843,-0.17575468744843192,0.5462306482450234,0.6621040832347281,-0.20294987988730193,299.2978155740275,0.009779017453748382,0.09300568280325375,-0.32234038801991755,-2.8342136692112296,-0.4737739562988281,-0.9718992114067078,-2.5938730686903e-05,0.003157196333631873,0.19094932559300215,1.7249999999999994,59.02500000000081,1.7249999999999994
59.099999999999994,300.21666058046355,-0.21666058046355374,0.5440260387161506,0.6468749482048408,-0.20321473248442273,299.2985519439935,0.009857397081646714,0.09294504405512051,-0.32293269944973335,-2.833845130011389,-0.47382575273513794,-0.9718413949012756,0.0004422222264111042,0.0031533625442534685,0.1909614977778867,1.7999999999999994,59.10000000000081,1.7999999999999994
59.175,300.25740184641427,-0.2574018464142682,0.5418389567573962,0.6316258900959848,-0.2034655281070431,299.29929418424126,0.009935609294233178,0.09287486431467601,-0.3235252877351564,-2.833477881984741,-0.4738777279853821,-0.9717879295349121,0.0009115883149206638,0.003149514552205801,0.19097370129618796,1.8749999999999993,59.175000000000814,1.8749999999999993
59.25,300.29797979445095,-0.2979797944509528,0.5396694819038265,0.6163579540457864,-0.20370232969565016,299.3000422850141,0.010013625977742066,0.09279428940294414,-0.3241178604925379,-2.8331120484416052,-0.4739300608634949,-0.9717388153076172,0.0013821017928421497,0.0031456477008759975,0.1909859346466139,1.9499999999999993,59.25000000000082,1.9499999999999993
59.324999999999996,300.3383957466849,-0.3383957466849097,0.5375176833305019,0.6010721894395645,-0.20392521187376195,299.3007962332995,0.010091418569128076,0.09270268739470032,-0.32471012263999144,-2.832747748062042,-0.473982572555542,-0.9716938734054565,0.0018537682481110096,0.0031417664140462875,0.1909981979744509,2.0249999999999995,59.32500000000082,2.0249999999999995
59.4,300.378651022634,-0.37865102263401695,0.5353836214971766,0.5857696329155958,-0.204134259220625,299.30155599654836,0.01016895618283332,0.09259965656275933,-0.3253017811572391,-2.8323850930682197,-0.47403544187545776,-0.9716526865959167,0.002326738554984331,0.0031378688290715218,0.1910104952024296,2.0999999999999996,59.40000000000082,2.0999999999999996
59.474999999999994,300.41874695218235,-0.4187469521823459,0.5332673456094985,0.5704512998654828,-0.20432956500570834,299.30232156826196,0.010246200699570253,0.09248502999250197,-0.32589255119446503,-2.8320241831021966,-0.4740886688232422,-0.9716153144836426,0.0028008264489471912,0.0031339540146291256,0.19102282148767263,2.175,59.475000000000826,2.175
59.55,300.4586848678106,-0.45868486781057527,0.5311688956534426,0.5551182439225202,-0.204511229131541,299.3030929224092,0.010323105981328018,0.09235887517873365,-0.32648215323883945,-2.831665110378581,-0.4741423726081848,-0.9715810418128967,0.003276203293353319,0.0031300249975174665,0.1910351812856272,2.25,59.55000000000083,2.25
59.625,300.49846609939954,-0.49846609939953623,0.5290883030331223,0.5397714507345517,-0.20467935562473957,299.30387002643965,0.01039962529709924,0.09222149015008921,-0.3270703223484403,-2.8313079526603744,-0.4741964340209961,-0.9715496301651001,0.003752878401428461,0.0031260796822607517,0.19104757483843715,2.325,59.62500000000083,2.325
59.699999999999996,300.53809198461164,-0.5380919846116399,0.5270255887752457,0.5244119526887638,-0.20483405108140681,299.30465285433456,0.01047570771832092,0.09207339549627302,-0.3276568088739608,-2.830952772938702,-0.47425103187561035,-0.971520721912384,0.004230933729559183,0.0031221220269799232,0.19106000427696854,2.4000000000000004,59.700000000000834,2.4000000000000004
59.775,300.5775638533268,-0.5775638533268079,0.5249807652332679,0.5090407269347839,-0.20497542300879273,299.3054413735508,0.01055129485904918,0.09191532288910638,-0.3282413770772149,-2.8305996199804038,-0.4743061661720276,-0.9714938402175903,0.004710205364972353,0.003118147375062108,0.1910724653394893,2.4750000000000005,59.77500000000084,2.4750000000000005
59.849999999999994,300.61688305098176,-0.6168830509817553,0.5229538372339202,0.49365878461340706,-0.20510357695612927,299.30623554178374,0.010626332844062263,0.09174819987245329,-0.32882380834049624,-2.830248532471917,-0.47436171770095825,-0.9714685082435608,0.005190883297473192,0.003114160383120179,0.19108496296573432,2.5500000000000007,59.85000000000084,2.5500000000000007
59.925,300.6560509178275,-0.6560509178274856,0.5209448028175385,0.4782671241186697,-0.20521861506009983,299.3070353134749,0.01070076548704835,0.09157313200088722,-0.3294039047985652,-2.829899531959357,-0.47441786527633667,-0.9714441895484924,0.005672988016158342,0.0031101603526622057,0.19109749768842013,2.625000000000001,59.92500000000084,2.625000000000001
60.0,300.6950687837418,-0.6950687837418172,0.5189536539522831,0.4628667056037658,-0.20532063428225178,299.30784064307545,0.01077453613529273,0.09139138235724946,-0.32998149200156157,-2.829552622441092,-0.4744744896888733,-0.9714203476905823,0.006156515795737505,0.0031061458867043257,0.19111006941068917,2.700000000000001,60.000000000000846,2.700000000000001
60.074999999999996,300.73393799415834,-0.7339379941583388,0.5169803765939367,0.4474585104657324,-0.20540972452993075,299.3086514817678,0.010847587448951215,0.09120434820666544,-0.3305564201574713,-2.8292077930554687,-0.47453171014785767,-0.9713965654373169,0.00664161192253232,0.0031021181493997574,0.19112268190998585,2.7750000000000012,60.07500000000085,2.7750000000000012
60.15,300.77265987895606,-0.7726598789560626,0.5150249512998556,0.4320435073559802,-0.20548596746304182,299.3094677612071,0.010919858321003555,0.09101353576400857,-0.33112856179946676,-2.828865015832986,-0.4745895266532898,-0.9713724255561829,0.007128185126930475,0.0030980794690549374,0.1911353328133002,2.8500000000000014,60.15000000000085,2.8500000000000014
60.224999999999994,300.8112357757913,-0.8112357757913173,0.5130873546003477,0.4166226734232873,-0.2055494346210096,299.31028943911724,0.010991296619842023,0.09082053299458531,-0.3316978101943508,-2.8285242516202653,-0.47464776039123535,-0.9713475108146667,0.007616285700351,0.0030940277501940727,0.19114802342820914,2.9250000000000016,60.225000000000854,2.9250000000000016
60.3,300.84966701972576,-0.8496670197257572,0.5111675614086106,0.40119696032206487,-0.20560018655159307,299.3111164373772,0.011061848741482546,0.09062698206971749,-0.3322640807804192,-2.828185449160195,-0.47470664978027344,-0.9713212251663208,0.008106043562293053,0.003089964622631669,0.19116075713261962,3.0000000000000018,60.30000000000086,3.0000000000000018
60.375,300.8879549380457,-0.8879549380457092,0.5092655453066175,0.3857673324548988,-0.20563827189599973,299.31194869416777,0.011131461781887755,0.0904345514647029,-0.33282731522429143,-2.827848540805477,-0.4747660160064697,-0.9712932109832764,0.008597364649176598,0.0030858907848596573,0.1911735314808786,3.075000000000002,60.37500000000086,3.075000000000002
60.449999999999996,300.9261008684057,-0.9261008684056833,0.5073812770410511,0.37033474997413374,-0.20566372661855123,299.31278613464974,0.011200087876227593,0.09024490700716747,-0.3333874788183919,-2.8275134496730034,-0.474825918674469,-0.9712633490562439,0.009090309962630272,0.003081806004047394,0.1911863480590284,3.150000000000002,60.45000000000086,3.150000000000002
60.525,300.96410613549824,-0.9641061354982412,0.5055147273374652,0.35490016028620547,-0.20567657342315843,299.3136286839708,0.011267679468338938,0.09005968369750357,-0.3339445535262615,-2.8271800886268923,-0.47488635778427124,-0.9712311625480652,0.009585045278072357,0.0030777095817029476,0.19119921117722988,3.2250000000000023,60.525000000000865,3.2250000000000023
60.599999999999994,301.0019720717932,-1.0019720717932046,0.5036658681382218,0.33946451929491667,-0.20567682197997653,299.3144762542738,0.011334190083378303,0.08988045853863802,-0.334498539854382,-2.8268483597081873,-0.47494733333587646,-0.9711965322494507,0.010081347078084946,0.0030736038461327553,0.1912121150240302,3.3000000000000025,60.60000000000087,3.3000000000000025
60.675,301.0396999968,-1.0396999967999818,0.5018346733147938,0.3240287871545945,-0.2056644679755352,299.31532878699136,0.011399586667282455,0.08970872435477466,-0.33504945574200906,-2.8265181625923868,-0.47500860691070557,-0.9711591005325317,0.010579433292150497,0.0030694883316755295,0.19122506526559593,3.3750000000000027,60.67500000000087,3.3750000000000027
60.75,301.07729123521335,-1.0772912352133517,0.5000211177025607,0.30859393251721645,-0.2056394942103359,299.31618617472895,0.011463841284336296,0.08954586591771836,-0.3355973365618374,-2.8261893913564857,-0.47507035732269287,-0.9711190462112427,0.011079063639044762,0.0030653635039925575,0.19123805565461519,3.450000000000003,60.750000000000874,3.450000000000003
60.824999999999996,301.1147471117253,-1.1147471117253076,0.49822517889330276,0.2931608985401098,-0.2056018711936178,299.31704833614003,0.011526921677720207,0.08939313813259549,-0.33614222717955106,-2.8258619396613627,-0.4751325845718384,-0.9710760712623596,0.011580405756831169,0.0030612298287451267,0.19125109054967762,3.525000000000003,60.82500000000088,3.525000000000003
60.9,301.1520689536241,-1.1520689536241093,0.496446838301035,0.2777306666222939,-0.20555155729636093,299.31791518010687,0.011588800973086236,0.08925164612803949,-0.3366841832865795,-2.8255356969851158,-0.47519516944885254,-0.9710302948951721,0.012083461508154869,0.0030570875387638807,0.19126416999921203,3.600000000000003,60.90000000000088,3.600000000000003
60.974999999999994,301.18925807782756,-1.18925807782756,0.4946860804019121,0.2623042011674872,-0.20548849998591345,299.31878662853387,0.011649462067742476,0.08912232810491005,-0.33722326827530796,-2.825210553035743,-0.4752580523490906,-0.970981776714325,0.012588102370500565,0.0030529361683875322,0.19127729066163301,3.6750000000000034,60.97500000000088,3.6750000000000034
61.05,301.2263157986629,-1.2263157986628812,0.49294289363927013,0.2468824793270165,-0.20541263703786383,299.3196625740379,0.01170888769985596,0.08900594176323756,-0.337759550001181,-2.8248864032161274,-0.47532135248184204,-0.9709306359291077,0.013094395399093628,0.0030487743206322193,0.19129045428037644,3.7500000000000036,61.050000000000885,3.7500000000000036
61.125,301.2632434434173,-1.2632434434173092,0.4912172702625255,0.2314664740016846,-0.20532389745794583,299.3205429385198,0.011767068671361678,0.08890305365189423,-0.33829309811067304,-2.8245631458374696,-0.47538483142852783,-0.9708771109580994,0.013602245599031448,0.0030446078162640333,0.19130365838557484,3.8250000000000037,61.12500000000089,3.8250000000000037
61.199999999999996,301.300042321235,-1.3000423212350256,0.48950920580647234,0.21605717509070954,-0.20522220317140352,299.3214276145909,0.01182400163747646,0.08881403164396137,-0.33882397998739083,-2.8242406867229173,-0.4754486083984375,-0.9708215594291687,0.014111693948507309,0.0030404306016862392,0.1913169040426612,3.900000000000004,61.20000000000089,3.900000000000004
61.275,301.3367137568127,-1.336713756812685,0.4878187019792446,0.200655568242502,-0.2051074706992038,299.3223165046247,0.011879686837098693,0.08873904148623478,-0.3393522579506339,-2.823918939206984,-0.4755125641822815,-0.9707638621330261,0.014622548595070839,0.00303624733351171,0.19133018626347184,3.975000000000004,61.275000000000894,3.975000000000004
61.349999999999994,301.37325907225613,-1.3732590722561326,0.4861457618746535,0.1852626518530808,-0.2049796125326718,299.3232095370445,0.01193412430518442,0.08867804660661029,-0.33987799272578095,-2.8235978268821733,-0.47557681798934937,-0.9707050919532776,0.015134988352656364,0.0030320563819259405,0.19134350969716907,4.050000000000004,61.3500000000009,4.050000000000004
61.425,301.4096795767127,-1.4096795767126764,0.48449039249324344,0.16987944556542253,-0.20483853925029344,299.32410660120377,0.011987318500796033,0.0886308104827319,-0.3404012283592199,-2.8232772804336923,-0.4756411910057068,-0.970645010471344,0.01564873196184635,0.0030278577469289303,0.19135686703100802,4.125000000000004,61.4250000000009,4.125000000000004
61.5,301.44597660006434,-1.4459766000643413,0.48285260556567794,0.15450694352558803,-0.204684160764016,299.3250076059853,0.012039281971728655,0.08859690329242986,-0.34092200058140454,-2.822957247491334,-0.47570568323135376,-0.9705843329429626,0.016163799911737442,0.0030236518941819668,0.1913702587977052,4.200000000000005,61.5000000000009,4.200000000000005
61.574999999999996,301.48215146441913,-1.4821514644191325,0.4812324145270399,0.13914616537513777,-0.20451638837785013,299.3259124667866,0.012090023627799908,0.08857571177888522,-0.34144033321851375,-2.8226376867333576,-0.47577041387557983,-0.9705234169960022,0.016680201515555382,0.003019438125193119,0.19138368523940444,4.275000000000005,61.575000000000905,4.275000000000005
61.65,301.5182054867019,-1.518205486701902,0.4796298344144957,0.12379813925441535,-0.20433513656285057,299.3268210859819,0.012139555582658635,0.08856645160181792,-0.3419562343702408,-2.822318566975635,-0.4758352041244507,-0.9704628586769104,0.017197735607624054,0.003015219233930111,0.19139714112579823,4.350000000000005,61.65000000000091,4.350000000000005
61.724999999999994,301.55413998383784,-1.5541399838378425,0.47804488174728477,0.1084638975528725,-0.20414032459310372,299.32773337246,0.012187891297651942,0.08856818225652718,-0.3424696930399229,-2.821999874379156,-0.47590017318725586,-0.9704030752182007,0.017716411501169205,0.003010991495102644,0.19141062669903042,4.425000000000005,61.72500000000091,4.425000000000005
61.8,301.5899562883049,-1.5899562883049043,0.4764775750806744,0.09314446840915357,-0.20393187789536152,299.3286492448651,0.012235042774783978,0.08857982512099499,-0.3429806804306106,-2.821681607408619,-0.4759652614593506,-0.9703444242477417,0.018236219882965088,0.0030067586340010166,0.1914241417169571,4.500000000000005,61.800000000000914,4.500000000000005
61.875,301.6256557170276,-1.6256557170275983,0.4749279323884472,0.07784087996360206,-0.20370972948963717,299.32956860232525,0.012281026468883972,0.08860018317621568,-0.3434891519275135,-2.8213637751965353,-0.4760304093360901,-0.970287561416626,0.018757080659270287,0.0030025183223187923,0.19143768409714104,4.5750000000000055,61.87500000000092,4.5750000000000055
61.949999999999996,301.66123960507963,-1.6612396050796292,0.4733959702218039,0.06255419434744564,-0.20347382184369972,299.33049136999443,0.012325855943354067,0.08862796256412268,-0.3439950423705065,-2.821046401218402,-0.4760957360267639,-0.9702329039573669,0.019278818741440773,0.0029982714913785458,0.19145124928727747,4.650000000000006,61.95000000000092,4.650000000000006
62.025,301.6967092693858,-1.6967092693857921,0.47188170447624855,0.047285439701027825,-0.20322410749532788,299.33141745024477,0.012369544930282991,0.08866179561770522,-0.34449826630475977,-2.820729524554233,-0.4761611223220825,-0.9701808094978333,0.019801445305347443,0.0029940179083496332,0.19146483757793903,4.725000000000006,62.02500000000092,4.725000000000006
62.099999999999994,301.7320660424265,-1.7320660424264815,0.47038514773342754,0.03203566965764282,-0.2029605500144502,299.33234676823395,0.012412111258787533,0.088700264707077,-0.3449987201763825,-2.8204131955589844,-0.4762265682220459,-0.9701319336891174,0.020324887707829475,0.0029897592030465603,0.19147844708040357,4.800000000000006,62.100000000000925,4.800000000000006
62.175,301.7673112540901,-1.7673112540900888,0.46890630965211944,0.016805937850868043,-0.20268312569493385,299.33327925238746,0.012453564386637712,0.08874192689198103,-0.34549627884789313,-2.8200974762141784,-0.4762922525405884,-0.9700864553451538,0.020848963409662247,0.0029854935128241777,0.19149207304865123,4.875000000000006,62.17500000000093,4.875000000000006
62.25,301.80244622130283,-1.80244622130283,0.46744519666520395,0.0015972851683720146,-0.2023918234031225,299.33421479204844,0.012493906870993868,0.08878533867932897,-0.34599080027853363,-2.8197824394440096,-0.4763581156730652,-0.9700447916984558,0.021373827010393143,0.002981222467496991,0.19150571950227024,4.950000000000006,62.25000000000093,4.950000000000006
62.324999999999996,301.83747228432213,-1.837472284322132,0.4660018107078542,-0.013589230508292367,-0.20208664485525882,299.3351533123705,0.01253314685093998,0.08882907981695633,-0.3464821273786461,-2.819468162739932,-0.47642403841018677,-0.9700071215629578,0.02189931832253933,0.002976945135742426,0.19151938227638604,5.025000000000007,62.325000000000934,5.025000000000007
