forward_ft,position_error_ft,cross_track_ft,altitude_ft,forward_speed_fps,lateral_speed_fps,mission_ground_forward_speed_fps,mission_ground_cross_speed_fps,vertical_speed_fps,pitch_deg,roll_deg,pitch_rate_rad_s,heading_error_deg,physical_collective_cmd,physical_elevator_cmd,physical_aileron_cmd,physical_rudder_cmd,v_des_fps,collective_correction,elevator_residual,action0,action1,action2,action3,time_s,phase
81.43138133366114,218.56861866633886,-3.4790021891196705,298.64772025813954,10.240412675543915,-0.15537715888232626,10.244839355046846,-0.1813874942099811,0.24559344554517176,-0.8180603155243122,-2.7308913024887103,0.005994379179969323,-0.03994950024188894,0.6121894118189811,-0.1795196256041527,0.18496999989151955,0.39,9.0,0.2337422440384529,-1.0,-0.2603529393672943,-0.9862750172615051,-0.23000000417232513,0.0,0.075,approach
82.20021522222757,217.79978477777243,-3.492496095062013,298.6672271254738,10.257681160000592,-0.1511914232491661,10.262257664222368,-0.17861549613401909,0.2754540953476483,-0.7802832577877392,-2.736115967902208,0.011709557808101222,-0.0413692639948841,0.612115119099617,-0.1795196256041527,0.18496999989151955,0.39,9.0,0.23109717879039307,-1.0,-0.26282936334609985,-0.9862750172615051,-0.23000000417232513,0.0,0.15,approach
82.97042664403968,217.02957335596034,-3.505803369203358,298.6891109366784,10.27718373727874,-0.1475581614618762,10.281777514024952,-0.1763599126083122,0.3083545688655555,-0.7245501412477472,-2.7464493183039855,0.013858090076235445,-0.042372722967800945,0.6120204496383667,-0.1795196256041527,0.18496999989151955,0.39,9.0,0.2269286947940682,-1.0,-0.26598501205444336,-0.9862750172615051,-0.23000000417232513,0.0,0.22499999999999998,approach
83.74212295478678,216.2578770452132,-3.5189552117285157,298.7134990362829,10.297087361167353,-0.14456703471942525,10.301626268224616,-0.17446285983825474,0.34202859451394096,-0.6649576561853687,-2.7573512414009,0.01358504622421669,-0.041704986780008065,0.6119174206256867,-0.1795196256041527,0.18496999989151955,0.39,9.0,0.22232412363578163,-1.0,-0.2694193124771118,-0.9862750172615051,-0.23000000417232513,0.0,0.3,approach
84.51524023958657,215.48475976041343,-3.5319774247386144,298.74041230269177,10.31519315788661,-0.14229564633165173,10.31964457459717,-0.1728976873169923,0.3755871865975965,-0.6079679264499567,-2.7665148878194157,0.012771417902562792,-0.038844586884734834,0.6118009018898011,-0.1795196256041527,0.18496999989151955,0.39,9.0,0.2175515975698406,-1.0,-0.2733032703399658,-0.9862750172615051,-0.23000000417232513,0.0,0.375,approach
85.28960423858089,214.7103957614191,-3.544893248813813,298.7698223138477,10.330722176631095,-0.1407208503684932,10.335056157566717,-0.1716140644561449,0.4085502153070179,-0.5539923875370293,-2.774131568801243,0.012202739464867192,-0.033763802860463966,0.6116815426945686,-0.1795196256041527,0.18496999989151955,0.39,9.0,0.21271716852753542,-1.0,-0.27728191018104553,-0.9862750172615051,-0.23000000417232513,0.0,0.44999999999999996,approach
86.06501997854909,213.9349800214509,-3.557721235504661,298.8016738693118,10.343765086322481,-0.13976478481029375,10.347943208032879,-0.1705447230185284,0.4406686840511218,-0.5018049527350413,-2.780859219458393,0.011893456787047004,-0.026627688339633106,0.6115637508034706,-0.1795196256041527,0.18496999989151955,0.39,9.0,0.20787930474772606,-1.0,-0.2812083065509796,-0.9862750172615051,-0.23000000417232513,0.0,0.525,approach
86.84130797487613,213.15869202512386,-3.570475302276704,298.83589921413113,10.354575341401755,-0.13934474024567017,10.358554936015052,-0.16963481385033302,0.47184310678990493,-0.45062716772637834,-2.7869829538337143,0.011675936486132361,-0.017646365395509275,0.6114463102817536,-0.1795196256041527,0.18496999989151955,0.39,9.0,0.20306954183451142,-1.0,-0.28512299060821533,-0.9862750172615051,-0.23000000417232513,0.0,0.6,approach
87.61830420810546,212.38169579189454,-3.583165811781454,298.8724263727531,10.363301289910837,-0.13938256543638938,10.367041176481685,-0.16884357280872245,0.5020496927904025,-0.4002977378180083,-2.7925245066080184,0.01145344970067962,-0.007042847542743953,0.6113280346989631,-0.1795196256041527,0.18496999989151955,0.39,9.0,0.19830185076127746,-1.0,-0.28906551003456116,-0.9862750172615051,-0.23000000417232513,0.0,0.6749999999999999,approach
88.39585202078968,211.60414797921032,-3.5958003655543314,298.9111828099144,10.369996032331926,-0.13980022919952279,10.373458922574454,-0.1681370956615361,0.5312915708664795,-0.3509008275975944,-2.7974567039443308,0.011209488139200897,0.0049413126598179214,0.6112088704109192,-0.1795196256041527,0.18496999989151955,0.39,9.0,0.19358124568255794,-1.0,-0.29303765296936035,-0.9862750172615051,-0.23000000417232513,0.0,0.75,approach
89.1737975811886,210.82620241881142,-3.6083841561950316,298.9520964621993,10.374683099053,-0.14051793282275615,10.377835546433662,-0.1674847438873515,0.5595767947207467,-0.3025202488573897,-2.801779841070258,0.010956554581329311,0.018041846073842117,0.6110890918970108,-0.1795196256041527,0.18496999989151955,0.39,9.0,0.18890952719859022,-1.0,-0.2970302700996399,-0.9862750172615051,-0.23000000417232513,0.0,0.825,approach
89.95198918077521,210.04801081922477,-3.6209201627497682,298.99509585194255,10.377390989658895,-0.14145515874149273,10.380202668869863,-0.16685870572733696,0.5869122223227972,-0.2551848824649136,-2.8055192690098028,0.010705411629332764,0.031975416814994634,0.610968878865242,-0.1795196256041527,0.18496999989151955,0.39,9.0,0.18428789076753205,-1.0,-0.30103737115859985,-0.9862750172615051,-0.23000000417232513,0.0,0.8999999999999999,approach
90.73027783039866,209.26972216960132,-3.6334094397157677,299.0401099505498,10.378157768334356,-0.14253231440451267,10.380600947466364,-0.16623431830163132,0.613303345860529,-0.20889307296843354,-2.808709674137303,0.010459323435711185,0.046446667953392674,0.6108483019471168,-0.1795196256041527,0.18496999989151955,0.39,9.0,0.17971765776298781,-1.0,-0.3050566017627716,-0.9862750172615051,-0.23000000417232513,0.0,0.975,approach
91.50851778906532,208.4914822109347,-3.645851278565166,299.0870681329552,10.377025872956708,-0.1436721312393582,10.3790751594523,-0.1655902819252517,0.6387551084656365,-0.1636383876415226,-2.811386638747092,0.010217741609167764,0.06115512460678756,0.6107274049520492,-0.1795196256041527,0.18496999989151955,0.39,9.0,0.17520029998024322,-1.0,-0.30908650159835815,-0.9862750172615051,-0.23000000417232513,0.0,1.05,approach
92.28656667796044,207.71343332203958,-3.65824350944416,299.1359001255305,10.37403816538609,-0.14480080660715713,10.37567037225847,-0.16490870278872005,0.6632723369693877,-0.11941837380214503,-2.8135849923960397,0.00997967016333011,0.07580110199612133,0.6106062316894532,-0.1795196256041527,0.18496999989151955,0.39,9.0,0.17073734299546733,-1.0,-0.3131256103515625,-0.9862750172615051,-0.23000000417232513,0.0,1.125,approach
93.06428548301245,206.93571451698756,-3.6705827561197877,299.18653601261894,10.369236869779643,-0.14584899814039776,10.370430898967808,-0.16417503844252504,0.6868598415590483,-0.07623348186013333,-2.815339651940538,0.00974472052027996,0.0900909605960806,0.610484824180603,-0.1795196256041527,0.18496999989151955,0.39,9.0,0.1663303157977586,-1.0,-0.3171725273132324,-0.9862750172615051,-0.23000000417232513,0.0,1.2,approach
93.84153848487942,206.15846151512056,-3.6828646696732426,299.2389062430334,10.36266383782674,-0.14675272941556994,10.36340056124406,-0.16337799958854907,0.7095224771324595,-0.03408432047000739,-2.816686358009867,0.009512943209792608,0.1037420670231228,0.6103632414340973,-0.1795196256041527,0.18496999989151955,0.39,9.0,0.16198073863434587,-1.0,-0.32122528553009033,-0.9862750172615051,-0.23000000417232513,0.0,1.275,approach
94.61819324336909,205.3818067566309,-3.695084174946455,299.29294165283636,10.354360897028158,-0.14745421776910034,10.354623050291973,-0.16250942862115922,0.7312652343073112,0.007029791547530039,-2.817661727693699,0.009284495076599264,0.11648754423300121,0.6102415370941162,-0.1795196256041527,0.18496999989151955,0.39,9.0,0.1576901154531029,-1.0,-0.32528209686279297,-0.9862750172615051,-0.23000000417232513,0.0,1.3499999999999999,approach
95.39412059741534,204.60587940258466,-3.7072356872466177,299.3485734360529,10.344369939016017,-0.14790260554670406,10.3441420416498,-0.1615641532076499,0.7520933317431739,0.047111154821225895,-2.8183029087191476,0.00905949006806385,0.12808073215092267,0.6101197665929794,-0.1795196256041527,0.18496999989151955,0.39,9.0,0.1534599222980318,-1.0,-0.3293411135673523,-0.9862750172615051,-0.23000000417232513,0.0,1.425,approach
96.16919465468263,203.83080534531737,-3.7193133587933356,299.4057331967374,10.33273283770683,-0.1480545709629756,10.332001143751892,-0.16053981018652264,0.7720123109554728,0.08616366535216247,-2.8186471554200994,0.008837989695056368,0.13829924889215212,0.6099979943037033,-0.1795196256041527,0.18496999989151955,0.39,9.0,0.14929159710923207,-1.0,-0.3334001898765564,-0.9862750172615051,-0.23000000417232513,0.0,1.5,approach
96.94329278117874,203.05670721882126,-3.731311248681825,299.4643529717682,10.319491326890954,-0.14787480491623942,10.31824380355829,-0.1594366382099417,0.7910280840128721,0.12419282270157474,-2.8187314423700665,0.008620030544951173,0.14694856939099957,0.6098762720823288,-0.1795196256041527,0.18496999989151955,0.39,9.0,0.14518652678322122,-1.0,-0.3374575972557068,-0.9862750172615051,-0.23000000417232513,0.0,1.575,approach
97.71629560641645,202.28370439358355,-3.7432235310897886,299.5243652601016,10.304686890709826,-0.14733634329172401,10.302913220518693,-0.15825724136847033,0.8091469711578003,0.1612058135206274,-2.8185921078149945,0.008405641143442784,0.1538650630848071,0.6097546651959419,-0.1795196256041527,0.18496999989151955,0.39,9.0,0.14114604076540874,-1.0,-0.34151116013526917,-0.9862750172615051,-0.23000000417232513,0.0,1.65,approach
98.48808696636938,201.5119130336306,-3.7550446482390845,299.58570303256283,10.288360669784344,-0.1464207513352042,10.286052271040818,-0.1570063290837448,0.82637573280611,0.1972116061458307,-2.8182645115008853,0.008194844602213806,0.15891844686807188,0.6096332353353501,-0.1795196256041527,0.18496999989151955,0.39,9.0,0.13717140565801583,-1.0,-0.3455588221549988,-0.9862750172615051,-0.23000000417232513,0.0,1.7249999999999999,approach
99.25855390604522,200.74144609395478,-3.766769484609451,299.64829981320736,10.270553374129076,-0.14511815928104635,10.267703434254186,-0.1556904360255345,0.8427215764419355,0.2322210108688198,-2.8177826957056267,0.007987655936399555,0.16201362176875736,0.6095120415091515,-0.1795196256041527,0.18496999989151955,0.39,9.0,0.1332638210863818,-1.0,-0.34959861636161804,-0.9862750172615051,-0.23000000417232513,0.0,1.7999999999999998,approach
100.02758663541034,199.97241336458967,-3.7783934476667502,299.71208965650294,10.251305198385563,-0.14342714879524598,10.247908714032599,-0.15431762711310634,0.8581921772434981,0.26624669482476926,-2.8171790575784086,0.007784079594938935,0.16309186891478986,0.6093911534547806,-0.1795196256041527,0.18496999989151955,0.39,9.0,0.12942441643074698,-1.0,-0.3536282181739807,-0.9862750172615051,-0.23000000417232513,0.0,1.875,approach
100.795078495675,199.204921504325,-3.789912620827183,299.77700722547434,10.23065574060967,-0.1413544961824378,10.226709558354138,-0.15289719242450955,0.8727956749940955,0.2993031558463965,-2.816484045013418,0.007584108547808042,0.16213139272147678,0.609270626604557,-0.1795196256041527,0.18496999989151955,0.39,9.0,0.12565424903569206,-1.0,-0.35764577984809875,-0.9862750172615051,-0.23000000417232513,0.0,1.95,approach
101.56092591263021,198.4390740873698,-3.80132380594328,299.8429878111983,10.20864392674654,-0.13891477705971533,10.204146778126884,-0.15143933628307246,0.8865406788333159,0.33140666173573935,-2.8157258790344546,0.007387724272559809,0.15914721064806162,0.6091505306959152,-0.1795196256041527,0.18496999989151955,0.39,9.0,0.12195430223647848,-1.0,-0.3616489768028259,-0.9862750172615051,-0.23000000417232513,0.0,2.025,approach
102.32502832924324,197.67497167075675,-3.8126245997804844,299.909967358853,10.185307942852699,-0.13612984315937998,10.180260468097401,-0.14995486641339487,0.899436267869868,0.36257515815108926,-2.8149303152278238,0.007194897022092735,0.15419039965816442,0.6090309256315232,-0.1795196256041527,0.18496999989151955,0.39,9.0,0.1183254842040523,-1.0,-0.36563581228256226,-0.9862750172615051,-0.23000000417232513,0.0,2.1,approach
103.08728818232514,196.91271181767485,-3.8238134237583603,299.97788251977045,10.1606851760552,-0.1330281827127921,10.155089931766152,-0.1484548871170089,0.9114919798735638,0.3928281478385948,-2.814120442634558,0.007005586247872269,0.14734672293794707,0.6089118739962578,-0.1795196256041527,0.18496999989151955,0.39,9.0,0.11476862709002555,-1.0,-0.3696042001247406,-0.9862750172615051,-0.23000000417232513,0.0,2.175,approach
103.84761080921287,196.15238919078712,-3.8348895281895086,300.0466706774837,10.134812164551363,-0.12964417784485877,10.128673611685509,-0.14695050190873074,0.9227178033263329,0.4221865435005343,-2.8133165268259024,0.006819741091622498,0.13873466880095528,0.6087934365868568,-0.1795196256041527,0.18496999989151955,0.39,9.0,0.11128448682205895,-1.0,-0.3735521137714386,-0.9862750172615051,-0.23000000417232513,0.0,2.25,approach
104.60590439592576,195.39409560407424,-3.8458529965230075,300.1162699672436,10.107724556719111,-0.12601727468599466,10.101049026578371,-0.14545252993500324,0.9331241651026514,0.4506724972354152,-2.81253589926661,0.006637301031574516,0.12850294515273528,0.6086756733059883,-0.1795196256041527,0.18496999989151955,0.39,9.0,0.10787374327632938,-1.0,-0.3774775564670563,-0.9862750172615051,-0.23000000417232513,0.0,2.3249999999999997,approach
105.36207990459134,194.63792009540867,-3.8567046900980797,300.1866193443607,10.079457079114858,-0.12219108298794076,10.072252716446517,-0.14397124052515323,0.9427219170182006,0.4783092099911524,-2.811792894214456,0.006458196691952167,0.11682748142057885,0.6085586431622505,-0.1795196256041527,0.18496999989151955,0.39,9.0,0.10453700117037311,-1.0,-0.38137856125831604,-0.9862750172615051,-0.23000000417232513,0.0,2.4,approach
106.11605100086706,193.88394899913294,-3.867446231139723,300.2576585809543,10.05004351305001,-0.11821242339941879,10.042320196811351,-0.14251610972411802,0.9515223149943761,0.5051207247710854,-2.811098833606995,0.006282350816834724,0.1039079979212925,0.6084424006938934,-0.1795196256041527,0.18496999989151955,0.39,9.0,0.10127478962699557,-1.0,-0.38525331020355225,-0.9862750172615051,-0.23000000417232513,0.0,2.475,approach
106.86773396841083,193.13226603158915,-3.8780798965216614,300.32932830497657,10.019516679193652,-0.11413034040971046,10.011285922766572,-0.14109560222219322,0.9595369996986156,0.53113170748775,-2.810462059176171,0.006109679349200541,0.08996420908053492,0.6083270013332367,-0.1795196256041527,0.18496999989151955,0.39,9.0,0.09808756477204632,-1.0,-0.38909995555877686,-0.9862750172615051,-0.23000000417232513,0.0,2.55,approach
107.61704762075354,192.38295237924646,-3.888608566767412,300.401570039302,9.987908429761525,-0.10999510036658278,9.979183263621264,-0.13971698173933514,0.966777966951135,0.5563672192741865,-2.8098880113260134,0.00594009262040467,0.07523173240519898,0.6082124915719033,-0.1795196256041527,0.18496999989151955,0.39,9.0,0.094975710886869,-1.0,-0.3929169476032257,-0.9862750172615051,-0.23000000417232513,0.0,2.625,approach
108.36391682923951,191.6360831707605,-3.8990355097312133,300.47432548580036,9.955384482195171,-0.10585373121607833,9.946181458939968,-0.13838118971369756,0.9732330092668872,0.5807296503248749,-2.809372454790232,0.005673982078867777,0.05996367382338645,0.6080989304184914,-0.17868061274290084,0.18496999989151955,0.39,9.0,0.09193954278680419,-0.9760282445207157,-0.3967023193836212,-0.9623032212257385,-0.23000000417232513,0.0,2.6999999999999997,approach
109.10828123014826,190.89171876985174,-3.909363574218744,300.54753592332236,9.922080572099908,-0.10174228480942371,9.91242751755132,-0.13707771801434301,0.9789154981457278,0.6035944233060268,-2.8088241757711243,0.005232002501312864,0.0444452149916202,0.6079868525266647,-0.17756090253591536,0.18496999989151955,0.39,9.0,0.08898227431396265,-0.9440365180374358,-0.40043824911117554,-0.9303115010261536,-0.23000000417232513,0.0,2.775,approach
109.8500849650083,190.1499150349917,-3.9195947724535607,300.62114459948816,9.887978863508607,-0.09769644948058268,9.877914879635014,-0.13579633073873412,0.983857655541656,0.6243176345486433,-2.8080924179590627,0.004685118152726532,0.02896379882464774,0.6078759968280792,-0.17642620533704756,0.18496999989151955,0.39,9.0,0.08610406252284196,-0.9116165670972824,-0.4041334390640259,-0.8978915810585022,-0.23000000417232513,0.0,2.85,approach
110.58927066938207,189.41072933061793,-3.9297304451355637,300.69509683482784,9.853068256398812,-0.09375191320099016,9.842637588836821,-0.1345285241181738,0.9880789174962926,0.6426518666351254,-2.8071059810267225,0.004122994609320869,0.013784188890852528,0.6077659788727761,-0.1752709260582924,0.18496999989151955,0.39,9.0,0.08330274335035644,-0.8786086272031541,-0.40780070424079895,-0.8648836016654968,-0.23000000417232513,0.0,2.925,approach
111.32578317446004,188.67421682553996,-3.9397712321016543,300.7693388903167,9.81741115810439,-0.08993937050461648,9.8066588728153,-0.13326350007399362,0.9915873443352409,0.6586253146677851,-2.80588272462555,0.003577989458596213,-0.0008499936251528781,0.6076569372415542,-0.17408840358257294,0.18496999989151955,0.39,9.0,0.0805776248556098,-0.8448222671801702,-0.41143542528152466,-0.8310972452163696,-0.23000000417232513,0.0,3.0,approach
112.05957370636969,187.9404262936303,-3.9497168433326943,300.8438175573947,9.781108201890417,-0.08628431422072763,9.770079109936127,-0.1319881408710796,0.9943898739885021,0.6723233443624366,-2.8044564830732375,0.0030471657425928615,-0.014709649918684505,0.6075490212440491,-0.1728785565495491,0.18496999989151955,0.39,9.0,0.07792935197027,-0.8102551791871975,-0.41503262519836426,-0.7965301871299744,-0.23000000417232513,0.0,3.0749999999999997,approach
112.7906012859431,187.2093987140569,-3.959565999618917,300.918480226258,9.744262920173348,-0.08280815433649963,9.733001830841383,-0.13068843022124152,0.9964958982115374,0.6838000205988598,-2.8028419051841547,0.002522109337952633,-0.027579637322771116,0.6074422040581703,-0.17164511084556577,0.18496999989151955,0.39,9.0,0.07535868839953916,-0.7750138704052313,-0.4185931980609894,-0.7612888813018799,-0.23000000417232513,0.0,3.15,approach
113.51883239952659,186.4811676004734,-3.9693163177980364,300.99327507463704,9.706970868754665,-0.07952803553593751,9.695522799655308,-0.12934988002322198,0.9979166413143423,0.6930817119955404,-2.8010402137884785,0.001999722456007244,-0.039262450385428235,0.6073364320397378,-0.17039228051900862,0.18496999989151955,0.39,9.0,0.07286608542687559,-0.7392187014974428,-0.4221189320087433,-0.7254937291145325,-0.23000000417232513,0.0,3.225,approach
114.24424049091525,185.75575950908475,-3.9789643446926077,301.0681511621592,9.669321952648927,-0.0764561231402692,9.657732011211387,-0.1279574063337804,0.9986641139433001,0.7001895794955796,-2.799050600042175,0.00148103105328667,-0.049582506642944654,0.6072317177057266,-0.16912362456321717,0.18496999989151955,0.39,9.0,0.07045175080316772,-0.7029714238426502,-0.42560940980911255,-0.689246416091919,-0.23000000417232513,0.0,3.3,approach
114.96680562697928,185.0331943730207,-3.988505433849345,301.14305844009095,9.63140412635025,-0.0735991547988542,9.619717233272693,-0.12649530195904846,0.9987506933612902,0.7051506666608471,-2.7968742375990097,0.0009680196953210701,-0.05838945175228531,0.6071280691027642,-0.16784222215414046,0.18496999989151955,0.39,9.0,0.06811577146202767,-0.6663598905423536,-0.4290643632411957,-0.6526349186897278,-0.23000000417232513,0.0,3.375,approach
115.68651443804195,184.31348556195803,-3.997933766778157,301.2179478262078,9.593304747932226,-0.07095830141161183,9.58156535841838,-0.12494737460282426,0.9981891137776033,0.7079984546242905,-2.7945138833798637,0.0004622025145648902,-0.06556046186175105,0.6070255041122437,-0.16655100852251054,0.18496999989151955,0.39,9.0,0.06585816359391657,-0.6294680869596071,-0.4324831962585449,-0.615743100643158,-0.23000000417232513,0.0,3.4499999999999997,approach
116.40336001679286,183.59663998320713,-4.007242289204472,301.29277119826565,9.555110357152188,-0.06852918788408452,9.543362229713537,-0.1232971421713649,0.9969925358173648,0.7087704086217915,-2.7919730085566754,-3.5407929329126676e-05,-0.07100188711418935,0.6069240245223045,-0.1652529376745224,0.18496999989151955,0.39,9.0,0.06367887156045304,-0.5923803429030964,-0.4358658492565155,-0.5786553621292114,-0.23000000417232513,0.0,3.525,approach
117.11734184829977,182.88265815170024,-4.0164227110615895,301.3674814297997,9.51690615214946,-0.06630200745646314,9.50519214795306,-0.12152802981027454,0.9951745510356246,0.707506390232482,-2.7892555856479615,-0.0005239818709018078,-0.07465041035235155,0.6068236312270164,-0.1639509657025337,0.18496999989151955,0.39,9.0,0.06157775975394658,-0.555181173010846,-0.43921229243278503,-0.5414561629295349,-0.23000000417232513,0.0,3.5999999999999996,approach
117.82846565448156,182.17153434551844,-4.025465489477263,301.4420324519824,9.478775686587337,-0.06426172544025363,9.467137585482774,-0.11962356502828159,0.9927491480434004,0.7042482610081529,-2.7863662904523947,-0.0010026925032106777,-0.07647372758398707,0.6067243233323097,-0.1626480194926262,0.18496999989151955,0.39,9.0,0.05955461098173459,-0.5179541158912634,-0.4425225555896759,-0.5042291283607483,-0.23000000417232513,0.0,3.675,approach
118.53674327227189,181.4632567277281,-4.03435987550057,301.51637923078897,9.440800755263577,-0.06238837737980185,9.429279076702317,-0.11756757548502156,0.9897306704430864,0.6990399481161094,-2.783310762894077,-0.0014706941247568757,-0.07647070984497853,0.6066261035203934,-0.1613469623029232,0.18496999989151955,0.39,9.0,0.05760912867531956,-0.48078107159375827,-0.44579654932022095,-0.4670560657978058,-0.23000000417232513,0.0,3.75,approach
119.24219249809073,180.75780750190927,-4.043093909835817,301.5904778451504,9.403061334725717,-0.06065745974094339,9.391695161549876,-0.11534439010264183,0.9861337647729765,0.6919274935925099,-2.780095784906584,-0.0019271527580436993,-0.07467102707445114,0.60652896463871,-0.16005060002207755,0.18496999989151955,0.39,9.0,0.055740942623160525,-0.44374214351309105,-0.44903451204299927,-0.4300171434879303,-0.23000000417232513,0.0,3.8249999999999997,approach
119.94483694786128,180.0551630521387,-4.051654486563871,301.664285460874,9.36563552851715,-0.059040402782818246,9.354462350107545,-0.1129390408467759,0.9819733454987709,0.6829590079120482,-2.776729375072,-0.0023712680816584206,-0.07113424412927717,0.6064329066872597,-0.1587616728246212,0.18496999989151955,0.39,9.0,0.053949612872730326,-0.406915640241804,-0.45223644375801086,-0.3931906521320343,-0.23000000417232513,0.0,3.9,approach
120.6447058807367,179.3552941192633,-4.060027416859525,301.73776039251106,9.32859947438188,-0.05750511423333832,9.317655027887755,-0.11033746059392216,0.977264555716374,0.6721845851898629,-2.7732208350430665,-0.002802279156030942,-0.06594841506834395,0.6063379216194152,-0.15748285725712774,0.18496999989151955,0.39,9.0,0.05223463471392756,-0.37037806468046613,-0.4554026126861572,-0.3566530644893646,-0.23000000417232513,0.0,3.9749999999999996,approach
121.34183405652547,178.65816594347453,-4.068197488463436,301.81086207404906,9.292027260241511,-0.056016580508010505,9.28134538474233,-0.10752667367384942,0.9720227428616637,0.6596562368471056,-2.7695807658921474,-0.0032194622876260378,-0.05922820879722895,0.6062440112233162,-0.15621676623821257,0.18496999989151955,0.39,9.0,0.05059544153870324,-0.33420403269394194,-0.4585329592227936,-0.32047903537750244,-0.23000000417232513,0.0,4.05,approach
122.03626154645302,177.96373845354697,-4.076148567640057,301.883551114222,9.255990842790194,-0.054537513816344835,9.245603347077408,-0.10449497585632944,0.96626343250219,0.6454278565335476,-2.7658210603952886,-0.003622129314659598,-0.051112605247563406,0.606151171028614,-0.1549659417569637,0.18496999989151955,0.39,9.0,0.04903140863512871,-0.2984661848167631,-0.46162763237953186,-0.28474119305610657,-0.23000000417232513,0.0,4.125,approach
122.72803360095259,177.27196639904741,-4.083863688394457,301.9557892835105,9.220559971374152,-0.05302903229671266,9.210496519072072,-0.10123209999249126,0.9600022896069602,0.6295552062799179,-2.761954865479317,-0.004009627989945603,-0.041762205804704244,0.6060593938827514,-0.15373285330832004,0.18496999989151955,0.39,9.0,0.04754185467307802,-0.263235101419513,-0.46468687057495117,-0.24951009452342987,-0.23000000417232513,0.0,4.2,approach
123.41720042154095,176.58279957845906,-4.091325188418876,302.02753954668833,9.18580209662871,-0.051451358970431293,9.176090095375637,-0.09772936462972297,0.9532550926659996,0.6120959140709579,-2.757996515600716,-0.004381342813728636,-0.03135620976324634,0.6059686788916587,-0.15251989789307116,0.18496999989151955,0.39,9.0,0.046126046741849405,-0.2285792273540436,-0.4677107036113739,-0.21485422551631927,-0.23000000417232513,0.0,4.2749999999999995,approach
124.10381701305518,175.89618298694484,-4.098514806806068,302.0987660302508,9.151782296604672,-0.049764527331994324,9.142446811304836,-0.09397980407941704,0.9460377210011481,0.5931094809797866,-2.7539614447441467,-0.00473669643858077,-0.02008911255944295,0.6058790269494057,-0.15132939219474792,0.18496999989151955,0.39,9.0,0.044783202479430115,-0.19456478225616655,-0.47069910168647766,-0.18083977699279785,-0.23000000417232513,0.0,4.35,approach
124.78794298922563,175.21205701077437,-4.105413828497743,302.1694340875356,9.118563192352596,-0.047929081903849424,9.109626876030488,-0.08997827663522037,0.9383661210038114,0.5726572902184409,-2.7498660744015107,-0.005075150938035529,-0.008167184455839553,0.605790430009365,-0.1501635741442442,0.18496999989151955,0.39,9.0,0.04351249257233909,-0.16125568948183377,-0.47365233302116394,-0.1475306898355484,-0.23000000417232513,0.0,4.425,approach
125.46964237047422,174.53035762952578,-4.112003211735726,302.2395102238356,9.086204863050419,-0.04590675941108521,9.077687908772191,-0.08572154940280825,0.9302562996520771,0.550802617908997,-2.745727681266834,-0.0053962089032449645,0.0041952064652973076,0.6057028979063034,-0.1490245971828699,0.18496999989151955,0.39,9.0,0.042313042853474855,-0.1287134942286671,-0.4765700697898865,-0.11498849093914032,-0.23000000417232513,0.0,4.5,approach
126.14898340762733,173.85101659237267,-4.118263779252579,302.3089622005655,9.05476475957207,-0.043661141445942214,9.046684875275977,-0.08120835884339887,0.9217243081636628,0.5276106410295455,-2.741564253655175,-0.005699414564044868,0.01677936231058167,0.6056164270639419,-0.14791452974081037,0.18496999989151955,0.39,9.0,0.041183937326682046,-0.09699728085690901,-0.4794524312019348,-0.08327227830886841,-0.23000000417232513,0.0,4.575,approach
126.82603835120466,173.17396164879534,-4.124176307477663,302.37775894738434,9.02429761688743,-0.04115826735025646,9.016670024428343,-0.07643944481704913,0.9127862131135391,0.5031484405041777,-2.7373943316416325,-0.005984354827599784,0.029366049903981915,0.6055310174822808,-0.14683535054326055,0.18496999989151955,0.39,9.0,0.040124217003396245,-0.06616358870015945,-0.48229941725730896,-0.052438586950302124,-0.23000000417232513,0.0,4.6499999999999995,approach
127.50088328290994,172.49911671709006,-4.12972170498128,302.4458706077462,8.994855365709064,-0.03836719635932764,8.987692824383313,-0.07141755847548635,0.9034580968016166,0.4774849950711702,-2.7332368406094667,-0.006250660580122301,0.041739254631394655,0.6054466789960861,-0.14578894645906984,0.18496999989151955,0.39,9.0,0.0391328860048452,-0.036266326542630276,-0.48511070013046265,-0.02254132740199566,-0.23000000417232513,0.0,4.725,approach
128.1735978589904,171.8264021410096,-4.134881173912755,302.5132685324061,8.966487044342957,-0.035260512721493054,8.959799898820146,-0.06614744364814885,0.893756043677737,0.45069116274832105,-2.7291109216971248,-0.006498007850077607,0.05368983094327207,0.6053634124994278,-0.1447771090455353,0.18496999989151955,0.39,9.0,0.03820891015142,-0.007356686869308789,-0.4878862500190735,0.006368312984704971,-0.23000000417232513,0.0,4.8,approach
128.8442651365484,171.1557348634516,-4.13963634170382,302.57992527941224,8.93923871162417,-0.03181476545557704,8.933034963205303,-0.06063579140671235,0.8836961289017087,0.4228396477547428,-2.7250357569409287,-0.00672611883464472,0.06501898848213758,0.6052812269330025,-0.1438015320710838,0.18496999989151955,0.39,9.0,0.03735121878648938,0.02051693995688805,-0.4906257688999176,0.0342419408261776,-0.23000000417232513,0.0,4.875,approach
129.51296741829736,170.48703258170264,-4.143969502813793,302.64581535278876,8.913005626688985,-0.028014569203949263,8.90728892847788,-0.05489641140926558,0.8733191118276774,0.3941406698138809,-2.7210379546047005,-0.006824837586478391,0.07553524115079979,0.6052001294493675,-0.14378901861608026,0.18496999989151955,0.39,8.973565417489839,0.03655870614942787,0.020874468196378775,-0.4933290183544159,0.03459946811199188,-0.23000000417232513,0.0,4.95,approach
130.179776205283,169.820223794717,-4.147864569432132,302.7109158663716,8.887704540755621,-0.023860483236677332,8.882466320141734,-0.04895630042614138,0.8626418792065004,0.3653921573841047,-2.717236656763957,-0.006703516881348698,0.08503687359100531,0.6051196023821831,-0.1441650228202343,0.18496999989151955,0.39,8.936786791993645,0.03582724599701595,0.010131490131703452,-0.49601325392723083,0.02385649085044861,-0.23000000417232513,0.0,5.0249999999999995,approach
130.8447629153778,169.1552370846222,-4.151307506058551,302.7752041780532,8.863424703781092,-0.01935659188701025,8.858644402476262,-0.042842160392917855,0.8516601720872826,0.33741933128303325,-2.713814998658464,-0.006445619559478389,0.09334174390140929,0.6050399675965309,-0.1445545993046835,0.18496999989151955,0.39,8.900112308709435,0.035155498504072596,-0.0009992658088834646,-0.49866774678230286,0.012725734151899815,-0.23000000417232513,0.0,5.1,approach
131.50800620353237,168.49199379646763,-4.15428616458758,302.83865765875726,8.840252014232457,-0.014508331727653229,8.835904100642342,-0.036577541019314104,0.8403828059157702,0.31057387223705646,-2.710861047647736,-0.0061592436787499686,0.1003132858539396,0.6049617391824722,-0.14496685161429923,0.18496999989151955,0.39,8.863538039654221,0.034544654007930914,-0.01277790324582766,-0.501275360584259,0.0009470967343077064,-0.23000000417232513,0.0,5.175,approach
132.1695875810527,167.8304124189473,-4.156790177602238,302.90125491924437,8.818183122592306,-0.009327389001388048,8.81424195694406,-0.030187576679468222,0.8288316145931061,0.2848741555174724,-2.708354190144076,-0.005883932468767845,0.10585558516721866,0.6048848152160644,-0.14541250448673962,0.18496999989151955,0.39,8.82705965880572,0.0339943335273899,-0.02551084278423696,-0.5038394927978516,-0.011785842478275299,-0.23000000417232513,0.0,5.25,approach
132.8295861820272,167.1704138179728,-4.1588111490121,302.96297631448806,8.797166041688335,-0.0038313120253704314,8.79360701451029,-0.02369914460284036,0.8170302028061862,0.2602690446071066,-2.70625182347451,-0.00561598907365363,0.10990210752751844,0.6048090624809265,-0.1458943656645715,0.18496999989151955,0.39,8.790672683042102,0.03350255867149629,-0.039278304487739404,-0.5063645839691162,-0.025553304702043533,-0.23000000417232513,0.0,5.325,approach
133.48807690474962,166.51192309525038,-4.160342704839538,303.0238038883472,8.777142541267503,0.001958521557004267,8.773941689283001,-0.017139102849910073,0.8049997664424964,0.2367472745140408,-2.70453276141135,-0.005344594388911601,0.11241124918451045,0.6047345507144928,-0.14641050914302467,0.18496999989151955,0.39,8.754372759988504,0.033067086228615886,-0.05402525984713836,-0.5088483095169067,-0.04030026122927666,-0.23000000417232513,0.0,5.3999999999999995,approach
134.14513056465876,165.85486943534124,-4.161380463492672,303.0837212011247,8.758061553937742,0.00801744463994078,8.755195214557908,-0.010533648139972564,0.7927596011374083,0.2143342629770598,-2.7031912341609954,-0.005065250732742461,0.11336681132137837,0.6046613711118698,-0.14695828353986143,0.18496999989151955,0.39,8.718155770238772,0.0326859113764852,-0.06967595980655471,-0.5112876296043396,-0.05595095828175545,-0.23000000417232513,0.0,5.475,approach
134.8008143687074,165.1991856312926,-4.161921989077006,303.1427132091221,8.739876514382363,0.014317346971274403,8.73732133620354,-0.003908388927201874,0.780328218277794,0.19306470365760897,-2.702223389248119,-0.004778541951075083,0.11277921206118273,0.6045895540714263,-0.14753572329878806,0.18496999989151955,0.39,8.682017818943768,0.032357211829769486,-0.08617423645945846,-0.5136815309524536,-0.07244923710823059,-0.23000000417232513,0.0,5.55,approach
135.45519207349034,164.54480792650966,-4.161966727676076,303.20076625816864,8.722540842516644,0.020826743769858408,8.720273957866048,0.0027116430727532883,0.7677237820954674,0.17296848407926055,-2.7016224978035495,-0.0044863207347334375,0.1106856111579118,0.6045191049575805,-0.1481413686275482,0.18496999989151955,0.39,8.645955209721093,0.032079217533001095,-0.10347838856342052,-0.5160298347473145,-0.08975338935852051,-0.23000000417232513,0.0,5.625,approach
136.1083239178499,163.8916760821501,-4.16151599459677,303.2578680413035,8.706006190322277,0.027511128593235235,8.704005372722529,0.009302155021395994,0.7549640867267006,0.15406944208083811,-2.7013795574799944,-0.004189939292066029,0.10714895982197867,0.6044500291347503,-0.14877384174615144,0.18496999989151955,0.39,8.609964435958032,0.03185015840348465,-0.12154904802807832,-0.5183323621749878,-0.10782404989004135,-0.23000000417232513,0.0,5.7,approach
136.7602664984624,163.2397335015376,-4.160572885124448,303.314007566225,8.690222618163606,0.03433343545535367,8.688466375053798,0.015839805178972394,0.7420664508679572,0.13638793256744833,-2.701484530310771,-0.0038901842202437387,0.102256431053231,0.6043823426961898,-0.14943166069686412,0.18496999989151955,0.39,8.574042184518255,0.03166826835369148,-0.14034388438815418,-0.5205885767936707,-0.1266188770532608,-0.23000000417232513,0.0,5.7749999999999995,approach
137.41107268689737,162.58892731310263,-4.159142202279043,303.3691751227652,8.675139169416608,0.041254527012665854,8.67360678527445,0.0223023970870301,0.7290476589290757,0.11994243913873297,-2.701926787233267,-0.0035876554885025083,0.09611749633330198,0.6043160563707352,-0.1501132423430681,0.18496999989151955,0.39,8.538185342584567,0.031531798909095965,-0.15981764401952617,-0.5227981209754944,-0.14609263837337494,-0.23000000417232513,0.0,5.85,approach
138.06079155186305,161.93920844813695,-4.1572303633261845,303.4233622275401,8.660704210355483,0.04823370162111604,8.659375761223734,0.028669048616212812,0.7159239495750116,0.104749766901565,-2.7026950258795934,-0.003282986461785392,0.08886171191983325,0.6042511808872223,-0.15081694670021534,0.18496999989151955,0.39,8.502391002220644,0.0314390272455541,-0.1799234781729691,-0.5249606370925903,-0.1661984771490097,-0.23000000417232513,0.0,5.925,approach
138.709468320335,161.290531679665,-4.154845302043455,303.4765616109821,8.646865552518005,0.05522922412496081,8.645721903476153,0.03492034204387521,0.7027110235500446,0.09082468411342094,-2.7037770911819186,-0.00297687308404419,0.08063621594441242,0.6041877233982086,-0.1515411053597927,0.18496999989151955,0.39,8.466656464647533,0.03138825922479531,-0.2006137186315207,-0.5270758867263794,-0.18688872456550598,-0.23000000417232513,0.0,6.0,approach
139.35714435942336,160.64285564057664,-4.151996353992485,303.52876715872344,8.63357050429206,0.062198877116162066,8.63259328430266,0.041038458034888425,0.6894240365566783,0.07817959601437857,-2.7051598707980773,-0.0026700365520271508,0.0716029561169693,0.6041256839036941,-0.15228402696549892,0.18496999989151955,0.39,8.430979242381575,0.031377828844531164,-0.22184005630451806,-0.5291438698768616,-0.20811505615711212,-0.23000000417232513,0.0,6.075,approach
140.00385710380922,159.99614289619078,-4.148694107792226,303.5799738530245,8.62076595894156,0.06910052510582221,8.619937532778541,0.04700729239142611,0.6760775982633183,0.0668243651658157,-2.7068292695290745,-0.0023631947706156853,0.06193569376995384,0.6040650659799576,-0.15304399825632573,0.18496999989151955,0.39,8.395357060231715,0.03140610085149542,-0.24355351716439835,-0.5311644673347473,-0.22982852160930634,-0.23000000417232513,0.0,6.1499999999999995,approach
140.64964005575445,159.35035994424555,-4.144950311638577,303.6301777825638,8.60839849137507,0.07589268072453423,8.60770191458432,0.05281255227338345,0.6626857795609848,0.056766204343493436,-2.7087702237542546,-0.0020570544476144524,0.05181684239072296,0.6040058749914169,-0.15381928250193594,0.18496999989151955,0.39,8.359787859290492,0.03147147261766646,-0.26570448919229894,-0.5331375002861023,-0.2519795000553131,-0.23000000417232513,0.0,6.225,approach
141.29452273846002,158.70547726153998,-4.14077772033138,303.6793760447881,8.59641447514945,0.08253506134307745,8.595833445715728,0.058441830139996924,0.6492621008629469,0.048009575839011276,-2.7109667324853395,-0.0017523122640338564,0.04143420205846958,0.6039481055736542,-0.1546081231534481,0.18496999989151955,0.39,8.324269796933505,0.03157237297576765,-0.28824280333679353,-0.5350631475448608,-0.27451780438423157,-0.23000000417232513,0.0,6.3,approach
141.93853070645295,158.06146929354705,-4.136189925311225,303.72756673614003,8.584760197988402,0.08898912778854773,8.58427900761209,0.06388465416617106,0.6358195201067147,0.04055608159438496,-2.713401898579265,-0.0014496557239332155,0.030977648102587973,0.6038917541503906,-0.15540874958038328,0.18496999989151955,0.39,8.288801249384699,0.031707266552802954,-0.3111178502928185,-0.5369415283203125,-0.2973928451538086,-0.23000000417232513,0.0,6.375,approach
142.58168551190198,157.41831448809802,-4.131201231431617,303.7747489130593,8.57338197639364,0.09521859589578244,8.572985465695364,0.06913251389940615,0.6223704179429994,0.0344043533175998,-2.71605798839494,-0.0011497620473585493,0.020635830480831868,0.6038368082046509,-0.15621937915682793,0.18496999989151955,0.39,8.253380811145087,0.03187465550299323,-0.33427869829118123,-0.5387730598449707,-0.3205536901950836,-0.23000000417232513,0.0,6.45,approach
143.22400473314454,156.77599526685546,-4.125826533737964,303.82092253661176,8.562226270487825,0.10118991382475731,8.561899791852234,0.07417886113384459,0.6089266017310929,0.029549951218933983,-2.718916510622019,-0.0008532961988417353,0.010592940307073063,0.6037832659482956,-0.15703822195529937,0.18496999989151955,0.39,8.218007296845391,0.03207308245506156,-0.3576742036429653,-0.5405578017234802,-0.34394919872283936,-0.23000000417232513,0.0,6.5249999999999995,approach
143.8655019721165,156.1344980278835,-4.1200811177591925,303.8660884171759,8.551239800993867,0.10687269581066391,8.550969192809681,0.07901908556229092,0.5954993071347707,0.02598527598705133,-2.721958316534013,-0.0005609087656377805,0.0010255982866167646,0.6037311166524887,-0.15786348387598992,0.18496999989151955,0.39,8.18267973967705,0.03230113169391603,-0.38125312320845783,-0.5422961115837097,-0.36752811074256897,-0.23000000417232513,0.0,6.6,approach
144.50618688546967,155.49381311453033,-4.113980553283439,303.9102482047024,8.5403696628031,0.11224010502932624,8.540141232344478,0.08365046648560108,0.5820991791749187,0.02369949667883488,-2.72516371366346,-0.00027323368823749564,-0.00790008205733475,0.6036803442239761,-0.15869337290525434,0.18496999989151955,0.39,8.147397391533593,0.03255743062855089,-0.40496422699155016,-0.5439885258674622,-0.3912392258644104,-0.23000000417232513,0.0,6.675,approach
145.1460652079168,154.8539347920832,-4.107540549890921,303.95340431385694,8.52956345617778,0.11726918114405405,8.529363988024913,0.0880721015095252,0.5687362697336296,0.02267849678353139,-2.7285125957719396,9.113456813973183e-06,-0.01603120989712307,0.6036309361457824,-0.1595260991156101,0.18496999989151955,0.39,8.112159721299168,0.03284065235793823,-0.42875640888040656,-0.545635461807251,-0.41503140330314636,-0.23000000417232513,0.0,6.75,approach
145.78513880668152,154.21486119331848,-4.100776820988413,303.99555990449926,8.518769389474695,0.12194110604872718,8.518586150224493,0.0922848124962685,0.5554200341187461,0.02290483768215783,-2.7319845861002054,0.0002855372504386463,-0.023230567856102686,0.6035828763246536,-0.16035988405346868,0.18496999989151955,0.39,8.076966413564577,0.03314951821625638,-0.4525788156995747,-0.5472374558448792,-0.43885383009910583,-0.23000000417232513,0.0,6.825,approach
146.42340572817267,153.57659427182733,-4.093704943593771,304.0367188003088,8.5079364219773,0.12624140447748003,8.507757199053602,0.09629103208621963,0.5421593313448213,0.024357743436003235,-2.735559193990542,0.0005554640167022447,-0.02937875920334554,0.6035361486673355,-0.16119295865297317,0.18496999989151955,0.39,8.041817365632516,0.033482798770772704,-0.47638094934130143,-0.5487950444221497,-0.4626559615135193,-0.23000000417232513,0.0,6.8999999999999995,approach
147.06086025242934,152.93913974757066,-4.0863402648615,304.0768854823041,8.497014375233315,0.1301600758289155,8.496827516037406,0.10009467125780568,0.528962427718844,0.027013105795842703,-2.7392159775448968,0.0008183434273761801,-0.03437601915991448,0.6034907388687134,-0.16202357366681097,0.18496999989151955,0.39,8.006712684950504,0.033839316229357735,-0.5001128089933919,-0.5503087043762207,-0.48638781905174255,-0.23000000417232513,0.0,6.975,approach
147.69749298645024,152.30250701354976,-4.078697795865232,304.1160650400352,8.485954058270451,0.13369165484704001,8.485748520444343,0.1037009712594433,0.5158369859084507,0.03084351338786306,-2.7429347130044306,0.0010736502722604733,-0.03814366378164317,0.6034466218948364,-0.162849999666214,0.18496999989151955,0.39,7.9716526861163866,0.034217944204616366,-0.5237250022621758,-0.5517792701721191,-0.5099999904632568,-0.23000000417232513,0.0,7.05,approach
148.3332909264179,151.6667090735821,-4.070792092629506,304.1542630804174,8.474707401772848,0.13683520219041537,8.474472820471194,0.10711634270891142,0.5027900684680153,0.03581830485016829,-2.746695566122278,0.0013208860343185828,-0.04062515715802658,0.6034037816524506,-0.16367053538560866,0.18496999989151955,0.39,7.936637885745236,0.034617610489929625,-0.5471688719806937,-0.553207278251648,-0.5334438681602478,-0.23000000417232513,0.0,7.125,approach
148.96823757435138,151.03176242564862,-4.062637205153197,304.1914857473216,8.463227577370297,0.13959422433543675,8.462954331211455,0.11034819334040465,0.4898281499803229,0.041903646600061524,-2.750479265475111,0.0015595799890767443,-0.04178678453677331,0.6033622002601624,-0.1644835066795349,0.18496999989151955,0.39,7.901668999047016,0.03503729937131551,-0.5703966306571955,-0.5545933246612549,-0.5566716194152832,-0.23000000417232513,0.0,7.199999999999999,approach
149.6023130055112,150.3976869944888,-4.054246592434719,304.22773964994985,8.451469125287643,0.14197652426451302,8.451148406945643,0.11340474853800975,0.47695711846084354,0.04906263333994072,-2.754267271798113,0.0017892903621520998,-0.041617923901243005,0.6033218562602997,-0.1652872759103775,0.18496999989151955,0.39,7.866746933410674,0.0354760495827126,-0.5933614839814696,-0.5559381246566772,-0.5796364545822144,-0.23000000417232513,0.0,7.2749999999999995,approach
150.2354940265268,149.7645059734732,-4.045633067250896,304.2630317912249,8.43938807469412,0.1439939862113163,8.439011957907393,0.1162948671880437,0.4641822775814416,0.0572554142668372,-2.7580419387452118,0.0020096061109477793,-0.04013091751372038,0.6032827281951905,-0.16608024716377257,0.18496999989151955,0.39,7.831872784696884,0.03593295628620316,-0.6160177598664546,-0.5572423934936523,-0.6022927761077881,-0.23000000417232513,0.0,7.35,approach
150.8677542635327,149.1322457364673,-4.036808766422828,304.29736958086414,8.42694207208317,0.14566229909943865,8.426503581019107,0.11902785610418902,0.45150836002041894,0.06643934432108085,-2.7617866662217594,0.0022201473413939895,-0.037360551567051356,0.6032447981834411,-0.16686086207628248,0.18496999989151955,0.39,7.797047828541026,0.03640717295348073,-0.6383210339311987,-0.5585067272186279,-0.6245960593223572,-0.23000000417232513,0.0,7.425,approach
151.49906429955726,148.50093570044274,-4.0277851083398195,304.3307607409529,8.414090490908476,0.14700062305298067,8.413583654671385,0.12161328542976842,0.4389395436575333,0.07656915448741697,-2.765486040516068,0.002420566012259552,-0.03336315747718896,0.6032080483436585,-0.16762761443853377,0.18496999989151955,0.39,7.762273515505702,0.03689790937162547,-0.6602282618946804,-0.5597317218780518,-0.6465032696723938,-0.23000000417232513,0.0,7.5,approach
152.12939182745754,147.87060817254246,-4.018572809972523,304.3632132962066,8.400794549935519,0.14803120460485844,8.400214454222624,0.12406080890134828,0.42647945360920275,0.08759714630267101,-2.7691259585811236,0.0026105476228002297,-0.028215354995690785,0.6031724536418914,-0.1683790522813797,0.18496999989151955,0.39,7.7275514635243505,0.03740443253250953,-0.6816978953596068,-0.5609182119369507,-0.6679729223251343,-0.23000000417232513,0.0,7.574999999999999,approach
152.75870177434786,147.24129822565214,-4.009181840146339,304.39473550889034,8.387017417500553,0.14877894893929483,8.386360241851186,0.12637999121094884,0.4141311813162443,0.09947340812946458,-2.772693733062083,0.0027898113490903817,-0.022012464030374018,0.6031379997730255,-0.16911377578973769,0.18496999989151955,0.39,7.692883449489836,0.03792606668069781,-0.7026900052000826,-0.5620666742324829,-0.6889650225639343,-0.23000000417232513,0.0,7.6499999999999995,approach
153.38695646230542,146.61304353769458,-3.9996214875447125,304.4253358885908,8.37272431184358,0.14927095572591137,8.371987354694081,0.12858014507094512,0.40189730225857756,0.11214604597191874,-2.7761781798104255,0.0029581100990045857,-0.014866616535821681,0.6031046652793884,-0.16983044773340225,0.18496999989151955,0.39,7.658271402410868,0.038462192975340634,-0.7231663923915044,-0.5631778240203857,-0.7094413638114929,-0.23000000417232513,0.0,7.725,approach
154.01411578204937,145.98588421795063,-3.989900318237022,304.45502307502557,8.357882589035741,0.1495360276822808,8.35706427733946,0.13067018071006947,0.38977990530536344,0.12556143115597868,-2.7795696809039563,0.0031152316610320177,-0.00690460408310343,0.6030724412202835,-0.17052779972553253,0.18496999989151955,0.39,7.623717394573202,0.039012247071247286,-0.7430906970723692,-0.5642519593238831,-0.7293657064437866,-0.23000000417232513,0.0,7.8,approach
154.64013733031183,145.35986266968817,-3.980026290419514,304.48380587389875,8.342461831999072,0.1496041590461668,8.341561723442897,0.13265846991655358,0.37778060593086427,0.13966446311204475,-2.782860226740516,0.003260998023131507,0.001734498488575914,0.6030413043498993,-0.1712046217918396,0.18496999989151955,0.39,7.589223631987284,0.03957571911258944,-0.7624284937263928,-0.5652898550033569,-0.7487034797668457,-0.23000000417232513,0.0,7.875,approach
155.2649765964755,144.7350234035245,-3.9700067331901514,304.5116931950174,8.326433911247722,0.14950601438165703,8.325452672986755,0.134552726721717,0.3659005607026853,0.15439883733832907,-2.7860434279358004,0.0033952652954685296,0.010901890404832118,0.603011240363121,-0.17185978323221207,0.18496999989151955,0.39,7.55479244683285,0.040152151071333915,-0.7811473891199596,-0.5662919878959656,-0.7674223780632019,-0.23000000417232513,0.0,7.949999999999999,approach
155.88858713105336,144.11141286894664,-3.9598484357983033,304.53869400678013,8.309773049420265,0.14927240720766025,8.308712429864912,0.1363599060998763,0.35414050002579267,0.16970732443429873,-2.7891145065440863,0.0035179241004695415,0.020441735284561953,0.6029822367429734,-0.1724922242760658,0.18496999989151955,0.39,7.520426287193848,0.04074113686515534,-0.7992170934629375,-0.5672587752342224,-0.7854921221733093,-0.23000000417232513,0.0,8.025,approach
156.51092072195038,143.48907927804962,-3.9495576901550784,304.56481733288865,8.292455867662538,0.14893378662027687,8.291318654604831,0.1380861219036827,0.3425007554033249,0.18553205193795022,-2.7920702625582687,0.003628898276232459,0.03019393820413986,0.6029542809724808,-0.17310095816850662,0.18496999989151955,0.39,7.486127707792066,0.04134231979350088,-0.8166094934272604,-0.5681906342506409,-0.8028845191001892,-0.23000000417232513,0.0,8.1,approach
157.131927573314,142.868072426686,-3.9391403630877133,304.5900721775074,8.274461419796783,0.1485197409678284,8.273251387746923,0.13973658525168206,0.33098128083366174,0.20181478414525722,-2.794909013967478,0.0037281443675255092,0.039996960884938954,0.6029273587465286,-0.1736850795149803,0.18496999989151955,0.39,7.451899360292729,0.04195538936494147,-0.8332987108173437,-0.5690880417823792,-0.819573700428009,-0.23000000417232513,0.0,8.174999999999999,approach
157.75155647142296,142.24844352857704,-3.9286019770907528,304.6144675675969,8.255771212890744,0.14805852813855191,8.254493061053548,0.14131556361762398,0.319581691764463,0.21849720177202503,-2.7976305137008244,0.0038156515139250117,0.04969062537879584,0.6029014664888382,-0.1742437642812729,0.18496999989151955,0.39,7.417743983467731,0.04258008097473834,-0.8492611475940007,-0.5699511170387268,-0.8355361223220825,-0.23000000417232513,0.0,8.25,approach
158.36975498427682,141.63024501572318,-3.917947765586269,304.63801245524974,8.2363692162764,0.1475766383149867,8.235028498830495,0.1428263608257543,0.3083012771184389,0.2355211771181529,-2.800235846899583,0.0038914403542303242,0.0591188587425325,0.6028765827417374,-0.17477626770734786,0.18496999989151955,0.39,7.3836643940717375,0.04321616996035817,-0.8644755157911569,-0.5707805752754211,-0.8507505059242249,-0.23000000417232513,0.0,8.325,approach
158.98646963007926,141.01353036992074,-3.9071827324297836,304.6607157535236,8.216241858273612,0.14709839961525273,8.214844908454387,0.14427131837425725,0.2971390341044988,0.25282903832405756,-2.8027273048707455,0.003955561197633452,0.06813233209480662,0.6028527075052261,-0.17528192430734635,0.18496999989151955,0.39,7.349663475864775,0.04386347308829526,-0.8789228597031639,-0.5715764164924622,-0.8651978373527527,-0.23000000417232513,0.0,8.4,approach
159.60164605867573,140.39835394132427,-3.896311770905126,304.6825862713263,8.19537800943791,0.14664563115212279,8.19393185886737,0.1456518361737922,0.2860937086699589,0.27036381938472065,-2.8051082470251143,0.0040080929878036535,0.07659094903186706,0.6028298318386078,-0.17576015412807464,0.18496999989151955,0.39,7.315744170345641,0.0445218433017516,-0.8925865655327042,-0.5723389387130737,-0.8788615465164185,-0.23000000417232513,0.0,8.475,approach
160.21522921226497,139.78477078773503,-3.885339676489319,304.70363272970553,8.173768954481575,0.14623734889320028,8.172281249114558,0.14696841311394127,0.27516381767827064,0.2880694979530602,-2.8073829454658763,0.004049142240647017,0.08436614428696411,0.602807948589325,-0.17621045649051664,0.18496999989151955,0.39,7.281909466772835,0.04519116681981676,-0.9054523566894673,-0.573068380355835,-0.8917273283004761,-0.23000000417232513,0.0,8.549999999999999,approach
160.82716353275828,139.17283646724172,-3.8742712700993738,304.7238637293158,8.151408353436796,0.14588952963295918,8.149887267235112,0.1482207056388002,0.26434767617243154,0.30589121575398687,-2.809556418599159,0.004078841587959631,0.0913429540604366,0.6027870506048203,-0.17663241416215897,0.18496999989151955,0.39,7.248162393325426,0.04587135998744156,-0.9175082766748552,-0.573764979839325,-0.9037832617759705,-0.23000000417232513,0.0,8.625,approach
161.4373930913863,138.5626069086137,-3.863111398106454,304.7432877210913,8.128292192710582,0.14561493650549448,8.126746339937093,0.14940760283638616,0.25364342965058895,0.3237754804856415,-2.8116342582545175,0.004097348287172221,0.0974218251064923,0.602767134308815,-0.17702568918466566,0.18496999989151955,0.39,7.214506005698294,0.046562366979834804,-0.9287446645625826,-0.5744288563728333,-0.915019690990448,-0.23000000417232513,0.0,8.7,approach
162.04586179087815,137.95413820912185,-3.8518650173401308,304.76191303234054,8.104418727940406,0.14542300777811631,8.102857074809922,0.15052731622409152,0.24304908322877578,0.34167034551896347,-2.813622453442523,0.00410484199393568,0.10252013494618611,0.6027481943368912,-0.17739001870155335,0.18496999989151955,0.39,7.180943379973754,0.04726415680919057,-0.9391541161624835,-0.5750601887702942,-0.925429105758667,-0.23000000417232513,0.0,8.775,approach
162.65251349765256,137.34748650234744,-3.8405372673376683,304.779747817875,8.079788416941405,0.145319810187235,8.07822019316626,0.15157748229784374,0.2325625323187152,0.35952556591234,-2.815527212532194,0.004101523932168875,0.10657340079363353,0.6027302289009094,-0.17772522538900376,0.18496999989151955,0.39,7.147477601501702,0.047976719042330584,-0.9487314424508322,-0.5756590366363525,-0.9350064396858215,-0.23000000417232513,0.0,8.85,approach
163.2572922258616,136.7427077741384,-3.829133466115023,304.7968000828196,8.054403846830937,0.14530805587527187,8.052838457510749,0.15255527544670944,0.22218158447202135,0.3772927358130279,-2.817354789609733,0.004087615429531027,0.10953615988504944,0.6027132308483124,-0.17803120076656342,0.18496999989151955,0.39,7.114111757629109,0.04870006158550487,-0.9574736114479578,-0.5762256383895874,-0.9437485933303833,-0.23000000417232513,0.0,8.924999999999999,approach
163.86014224107163,136.13985775892837,-3.817659152669255,304.813077672864,8.028269655543397,0.1453871824321101,8.02671659372149,0.15345752922589076,0.21190398514508163,0.3949253992944755,-2.819111316769082,0.004063355897652469,0.11138251049384752,0.6026971983909607,-0.17830791354179382,0.18496999989151955,0.39,7.0808489275776125,0.04943420737877026,-0.9653796883942621,-0.5767600536346436,-0.9516546726226807,-0.23000000417232513,0.0,9.0,approach
164.46100827022494,135.53899172977506,-3.80612011249612,304.82858824167806,8.00139244789727,0.14555349307010504,7.999861208028071,0.1542808629424799,0.20172745146378557,0.41237913771142276,-2.8208026478294546,0.004029001395067583,0.11210630811910995,0.6026821315288544,-0.1785554012656212,0.18496999989151955,0.39,7.0476921767410605,0.05017919159667072,-0.9724507670070318,-0.577262282371521,-0.9587257504463196,-0.23000000417232513,0.0,9.075,approach
165.05983557940183,134.94016442059817,-3.7945223988441046,304.84333929000786,7.973780707951194,0.14580035195121488,7.972280700767383,0.1550218115202593,0.19164968217016554,0.4296116331232373,-2.822434214396358,0.003984823304488587,0.11172101893112381,0.6026680195331573,-0.17877377241849898,0.18496999989151955,0.39,7.014644545137629,0.05093505857400387,-0.9786898999695064,-0.5777326822280884,-0.9649649262428284,-0.23000000417232513,0.0,9.15,approach
165.65657013712672,134.34342986287328,-3.7828723284831627,304.85733812658054,7.945444709052641,0.14611843220721296,7.943985178089352,0.15567695609767063,0.18166838891129505,0.4465827094517064,-2.8240108959523913,0.003931106495982015,0.11025923668677742,0.6026548677682877,-0.17896319597959517,0.18496999989151955,0.39,6.981709043132899,0.05170185943934429,-0.9841020182093176,-0.5781710743904114,-0.9703770279884338,-0.23000000417232513,0.0,9.225,approach
166.2511587336119,133.7488412663881,-3.771176434977548,304.8705919234808,7.916396421094891,0.1464960086332239,7.914986361490817,0.15624305226499433,0.17178131279959008,0.4632543490582211,-2.825536911459525,0.0038681482426429787,0.10777187597359605,0.6026426655054092,-0.1791239097714424,0.18496999989151955,0.39,6.94888864245803,0.0524796495332283,-0.9886938536026467,-0.5785778164863586,-0.9749688506126404,-0.23000000417232513,0.0,9.299999999999999,approach
166.8435490973976,133.1564509026024,-3.759441532435188,304.8831076477536,7.88664941649907,0.14691928994380443,7.885297496744609,0.156717154488455,0.16198623720062993,0.4795906922037323,-2.8270157268935643,0.003796257557263969,0.10432706074730085,0.6026314109563827,-0.1792562100291252,0.18496999989151955,0.39,6.916186269651345,0.05326848475962555,-0.9924738549582598,-0.578952968120575,-0.9787488579750061,-0.23000000417232513,0.0,9.375,approach
167.4336900042338,132.5663099957662,-3.7476746092918667,304.8948921297897,7.8562187768531295,0.14737278349035662,7.854933264184446,0.15709673344791503,0.15228101174772785,0.4955580167379763,-2.8284499872640865,0.0037157535245385368,0.10000873016266075,0.6026211005449295,-0.17936044931411743,0.18496999989151955,0.39,6.883604799643131,0.05406842210331629,-0.9954521017414109,-0.5792966485023499,-0.981727123260498,-0.23000000417232513,0.0,9.45,approach
168.02153137039764,131.97846862960236,-3.735882828321423,304.9059520177302,7.825120999986742,0.14783968397322766,7.823909690473693,0.15737978484000942,0.14266355928218344,0.5111246982582753,-2.8298414698258982,0.003626963842707139,0.09491499096044526,0.6026117253303528,-0.17943703234195707,0.18496999989151955,0.39,6.851147049767142,0.054879514696581796,-0.9976402200369109,-0.5796091556549072,-0.9839152097702026,-0.23000000417232513,0.0,9.525,approach
168.60702438489724,131.39297561510276,-3.724073488408218,304.91629382631527,7.793373906660853,0.1483022795080398,7.792244060905444,0.1575649274996177,0.1331318935181977,0.5262611542946074,-2.831191058355236,0.0035302244514631488,0.08915624761909817,0.6026032835245132,-0.17948642015457153,0.18496999989151955,0.39,6.8188157746281295,0.055701812354231536,-0.9990512976731986,-0.5798905491828918,-0.9853262901306152,-0.23000000417232513,0.0,9.6,approach
169.19012155613808,130.80987844386192,-3.7122539565665003,304.92592391407743,7.760996551204956,0.14874236599565568,7.759954838241237,0.15765148884889252,0.12368413340403206,0.5409397781637832,-2.8324987427341806,0.0034258787057909216,0.0828531453460604,0.6025957679748535,-0.179509117603302,0.18496999989151955,0.39,6.786613658830651,0.05653535798835822,-0.9996997989272752,-0.5801410675048828,-0.9859747886657715,-0.23000000417232513,0.0,9.674999999999999,approach
169.77077683375737,130.22922316624263,-3.7004316339608483,304.9348485159012,7.728009126938796,0.1491416614389956,7.727061569931093,0.15763957656601613,0.11431849890198456,0.5551348592920581,-2.833763637862007,0.0033142763805300984,0.07613436491407234,0.6025891661643982,-0.17950567752122878,0.18496999989151955,0.39,6.754543314412405,0.057380186569193255,-0.9996014793809687,-0.5803611278533936,-0.9858765006065369,-0.23000000417232513,0.0,9.75,approach
170.34894566306934,129.65105433693066,-3.6886138666808463,304.9430737169587,7.6944328896458,0.14948221415674123,7.693584829616184,0.15753013580087882,0.10503332277589435,0.5688224958699322,-2.8349840242719004,0.0031957726578063918,0.0691343082427001,0.6025834727287293,-0.17947669029235838,0.18496999989151955,0.39,6.7226072741433445,0.058236324654726036,-0.9987733000343909,-0.5805509090423584,-0.9850482940673828,-0.23000000417232513,0.0,9.825,approach
170.92458507579457,129.07541492420543,-3.676807907509019,304.950605495063,7.660290067596238,0.14974679546306163,7.6595461306153645,0.15732498957445407,0.09582705664059303,0.5819804982376169,-2.836157409171047,0.003070727907097756,0.06199071619084269,0.6025786751508713,-0.1794227921962738,0.18496999989151955,0.39,6.690807988531186,0.059103789758132304,-0.9972333557990006,-0.5807108283042908,-0.9835083484649658,-0.23000000417232513,0.0,9.9,approach
171.4976537470954,128.5023462529046,-3.665020839443114,304.95744972389184,7.625603782989527,0.1499192708154148,7.624967859244232,0.15702686305924152,0.08669828094906576,0.5945882923509633,-2.8372806047967414,0.002939507471560989,0.05484226088950937,0.6025747680664062,-0.17934465289115906,0.18496999989151955,0.39,6.659147820831299,0.05998258835123966,-0.9950007909507433,-0.580841064453125,-0.9812757968902588,-0.23000000417232513,0.0,9.975,approach
172.068112050019,127.93188794998099,-3.6532595077163155,304.9636121436838,7.590397976679883,0.14998494159710662,7.589873210429544,0.1566393908657864,0.07764569998523013,0.6066268197660786,-2.838349823483643,0.002802480581957446,0.04782615431150692,0.6025717335939408,-0.17924297541379927,0.18496999989151955,0.39,6.627629043909753,0.06087271456935689,-0.9920957241366525,-0.5809422135353088,-0.978370726108551,-0.23000000417232513,0.0,10.049999999999999,approach
172.63592215141443,127.36407784858557,-3.6415304475728805,304.9690984621716,7.554697335861299,0.14993085316849794,7.554286126363569,0.1561671078551341,0.06866814290417209,0.6180784370817533,-2.8393607832143326,0.0026600201041143113,0.041075813920735164,0.6025695627927781,-0.17911849617958067,0.18496999989151955,0.39,6.5962538372489545,0.061774151691258286,-0.9885391782670137,-0.5810145735740662,-0.9748141765594482,-0.23000000417232513,0.0,10.125,approach
173.20104802230975,126.79895197769025,-3.629839807785325,304.9739142308458,7.518527225805508,0.1497460634036299,7.518231238959165,0.15561542294429462,0.05976457153770634,0.628926819379908,-2.840308827095547,0.0025125024095164253,0.03471862365123018,0.6025682431459427,-0.1789719808101654,0.18496999989151955,0.39,6.565024281672206,0.06268686898635176,-0.9843530139808644,-0.5810585618019104,-0.970628023147583,-0.23000000417232513,0.0,10.2,approach
173.76345550790242,126.23654449209758,-3.6181933294165236,304.97806497846295,7.4819136267453565,0.14942186675812982,7.481733817162299,0.1549905772949122,0.05093406765772039,0.6391568686599286,-2.8411890496885,0.0023603068096959656,0.0288738285037015,0.602567754983902,-0.17880421996116638,0.18496999989151955,0.39,6.533942358772964,0.06361082449010061,-0.9795598622135114,-0.5810748338699341,-0.9658348560333252,-0.23000000417232513,0.0,10.275,approach
174.32311237941434,125.67688762058566,-3.6065962353485634,304.9815561524001,7.444883073901363,0.14895197196589408,7.444819715838895,0.15429958750258066,0.04217583012360256,0.6487546279844156,-2.8419964269290556,0.002203815336456942,0.023650596016358966,0.6025680840015412,-0.17861603140830992,0.18496999989151955,0.39,6.503009947065367,0.06454596252718497,-0.9741830660605976,-0.5810638666152954,-0.9604580402374268,-0.23000000417232513,0.0,10.35,approach
174.87998834446418,125.12001165553582,-3.5950531962910066,304.98439314797724,7.407462605441085,0.14833263055810622,7.407515335244361,0.1535501745769029,0.03348918030214865,0.6577072055668507,-2.842725951619884,0.0020434127021831706,0.01914627493608381,0.6025692158937455,-0.1784082558751106,0.18496999989151955,0.39,6.472228819132211,0.0654922158131642,-0.9682466240962381,-0.5810261368751526,-0.9545215964317322,-0.23000000417232513,0.0,10.424999999999999,approach
175.43405513520463,124.56594486479537,-3.5835682925485455,304.98658130845797,7.369679705063875,0.14756271386454375,7.369847563799533,0.15275067994061806,0.02487355503836715,0.6660027081413371,-2.8433727673097637,0.0018794859430821037,0.015444879153937255,0.602571130990982,-0.17818175494670868,0.18496999989151955,0.39,6.44160064105447,0.06644950392442486,-0.9617751389822481,-0.5809623003005981,-0.9480501413345337,-0.23000000417232513,0.0,10.5,approach
175.9852865031471,124.01471349685289,-3.572144933287377,304.98812594780884,7.331562264738941,0.14664373951581786,7.33184375520729,0.15190997103187853,0.0163285048644657,0.6736301859974695,-2.8439322990599196,0.0017124237104879244,0.012615819329927037,0.6025738149881363,-0.17793740689754486,0.18496999989151955,0.39,6.411126967563745,0.0674177341416568,-0.9547937656139661,-0.5808728337287903,-0.9410687685012817,-0.23000000417232513,0.0,10.575,approach
176.53365827359337,123.46634172640663,-3.5607858862849104,304.9890323409468,7.293138532162871,0.14557984635659138,7.293531670514117,0.15103733657326998,0.007853681580923921,0.6805795870511346,-2.8444003776527476,0.001542616228101283,0.010712900256527217,0.6025772428512574,-0.1776761108636856,0.18496999989151955,0.39,6.380809242326909,0.06839680098199893,-0.9473281749910561,-0.5807585716247559,-0.9336031675338745,-0.23000000417232513,0.0,10.65,approach
177.07914836897766,122.92085163102234,-3.5494931632063915,304.9893057432764,7.254437079626399,0.14437772142320843,7.254939458261227,0.15014237511658282,-0.000551160852791166,0.6868417279288167,-2.84477335625588,0.0013704554881908515,0.00977359718714781,0.6025814020633697,-0.17739878267049788,0.18496999989151955,0.39,6.350648794952364,0.0693865879818858,-0.9394045047543045,-0.5806199312210083,-0.9256795048713684,-0.23000000417232513,0.0,10.725,approach
177.6217368295949,122.37826317040509,-3.538268100340222,304.98895140369495,7.2154867585230145,0.14304647915846497,7.216095600423676,0.14923487668060698,-0.008886170175761182,0.6924082767973139,-2.8450482185317014,0.0011963345221345466,0.009818619483370278,0.6025862693786621,-0.1771063506603241,0.18496999989151955,0.39,6.320646839706229,0.07038696700404241,-0.9310493289437883,-0.5804576873779297,-0.9173243045806885,-0.23000000417232513,0.0,10.799999999999999,approach
178.16140583953492,121.83859416046508,-3.5271112438748737,304.98797455807426,7.176316670597684,0.14159749754457365,7.17702888904096,0.14832470168768383,-0.017151401331919003,0.697271749672358,-2.845222673000919,0.0010206473355347488,0.010851766155197123,0.6025918287038803,-0.1767997619509697,0.18496999989151955,0.39,6.29080447437228,0.07139779831024269,-0.9222896151064657,-0.580272376537323,-0.9085646271705627,-0.23000000417232513,0.0,10.875,approach
178.69813976555474,121.30186023444526,-3.5160224391344066,304.98638043578694,7.1369561320708845,0.1400442139235847,7.137768384746581,0.1474216574779221,-0.025346823944592367,0.7014255207103586,-2.845295234193396,0.0008437882152095309,0.01286007082589981,0.6025980567932129,-0.17647996991872786,0.18496999989151955,0.39,6.261122678825579,0.07241893141760261,-0.9131526971010353,-0.5800647735595703,-0.8994277119636536,-0.23000000417232513,0.0,10.95,approach
179.23192516226825,120.76807483773175,-3.5050007838388444,304.9841742727126,7.097434642243889,0.13840188592760466,7.098343382400289,0.1465353756244208,-0.033472330848031126,0.7048638424114525,-2.8452652875938873,0.0006661509879766962,0.015814230519541384,0.6026049339771271,-0.1761479425430298,0.18496999989151955,0.39,6.2316023128944895,0.07345020579974285,-0.903666242745976,-0.5798355340957642,-0.8899412155151367,-0.23000000417232513,0.0,11.025,approach
179.7627507669579,120.23724923304209,-3.4940446620964765,304.98136132752006,7.057781850845576,0.13668732249199322,7.0587833746148245,0.14567519124149522,-0.041527736448823765,0.7075818796938212,-2.845133139683861,0.0004881295281113848,0.019669306371471892,0.6026124423742294,-0.17580466240644455,0.18496999989151955,0.39,6.202244116075246,0.07449145152038551,-0.8938582241926899,-0.5795852541923523,-0.8801332116127014,-0.23000000417232513,0.0,11.1,approach
180.2906075617815,119.70939243821849,-3.483151791150844,304.97794686212,7.018027519554867,0.13491858999344003,7.019118001842111,0.14485002615659984,-0.04951277416929803,0.7095757569348567,-2.844900051846179,0.0003101168327523978,0.024365681432015156,0.6026205658912659,-0.17545111626386642,0.18496999989151955,0.39,6.1730487078173155,0.075542488548257,-0.8837568839720373,-0.5793144702911377,-0.8700318932533264,-0.23000000417232513,0.0,11.174999999999999,approach
180.815488740074,119.18451125992601,-3.4723192213770626,304.97393617098305,6.978201497628725,0.1331146987379254,6.979377031317944,0.1440682790835864,-0.05742712092372791,0.7108426122512012,-2.8445682568780626,0.00013250369346951514,0.029830256748050503,0.6026292741298676,-0.17508829921483993,0.18496999989151955,0.39,6.144016584102017,0.07660312703671557,-0.8733907017873448,-0.5790241956710815,-0.8596656918525696,-0.23000000417232513,0.0,11.25,approach
181.33738973485382,118.66261026514618,-3.4615434042706634,304.96933456157967,6.938333677216562,0.13129527837036303,6.939590298948704,0.1433377230276445,-0.06527038389219139,0.7113806582675478,-2.844140954499332,-4.432122080097101e-05,0.03597786100388004,0.6026385617256165,-0.174717218875885,0.18496999989151955,0.39,6.115148119295931,0.0776731693813558,-0.8627883709458553,-0.5787146091461182,-0.8490633964538574,-0.23000000417232513,0.0,11.325,approach
181.85630821622715,118.14369178377285,-3.4508202264401855,304.9641473934689,6.898453962844387,0.12948024520802554,6.899787680576912,0.1426654119594585,-0.07304210765328085,0.7111892533236881,-2.84362229794607,-0.0002199725269743296,0.04271284711764452,0.6026484000682831,-0.174338880777359,0.18496999989151955,0.39,6.08644356458304,0.07875240921967283,-0.851978755075124,-0.578386664390564,-0.8382537364959717,-0.23000000417232513,0.0,11.4,approach
182.3722440991567,117.62775590084331,-3.440145077593751,304.9583800326973,6.858592218994144,0.12768946962015112,6.859999024008987,0.14205759847140664,-0.08074177845267466,0.7102689726302424,-2.8430173561060395,-0.00039406859582248095,0.049930848046230596,0.6026587784290314,-0.17395430505275725,0.18496999989151955,0.39,6.057903048107507,0.07984063111432611,-0.840990859790829,-0.5780407190322876,-0.8272658586502075,-0.23000000417232513,0.0,11.475,approach
182.88519952530842,117.11480047469158,-3.429512927021037,304.9520379169221,6.818778235903343,0.1259424487467364,6.820254120741385,0.14151966350812753,-0.08836882469005447,0.7086216880920828,-2.842332066766685,-0.0005662323618436572,0.05752065770986603,0.6026696753501892,-0.17356450766324996,0.18496999989151955,0.39,6.029526574546382,0.08093761243340264,-0.8298537816394076,-0.5776774883270264,-0.8161287903785706,-0.23000000417232513,0.0,11.549999999999999,approach
183.39517887860114,116.60482112139886,-3.4189183533387304,304.94512651959803,6.779041675385594,0.12425799049069639,6.780582641322209,0.1410560589545938,-0.09592261848141787,0.7062506435687724,-2.841573172012006,-0.0007360929647824305,0.06536620530484837,0.6026810783147812,-0.17317050874233245,0.18496999989151955,0.39,6.001314026108036,0.08204312145514328,-0.818596674518994,-0.5772973895072937,-0.804871678352356,-0.23000000417232513,0.0,11.625,approach
183.90218875927454,116.09781124072546,-3.4083556422171895,304.93765135972626,6.73941202006355,0.12265391383431068,6.74101408340691,0.14067026403890584,-0.10340248006741327,0.7031605296652571,-2.8407481425304915,-0.0009032861656693399,0.0733485872668807,0.6026929676532745,-0.17277333050966262,0.18496999989151955,0.39,5.973265161676937,0.08315691862982913,-0.8072486996382217,-0.5769010782241821,-0.7935237288475037,-0.23000000417232513,0.0,11.7,approach
184.40623794758937,115.59376205241063,-3.397818871358644,304.9296179986277,6.699918521670805,0.121146771014876,6.701577721191721,0.14036475642599866,-0.11080768233591395,0.6993575567903251,-2.839865089859656,-0.0010674557266427255,0.08134812202371772,0.6027053290605545,-0.17237398892641068,0.18496999989151955,0.39,5.9453796182399,0.08427875681630179,-0.7958389741549882,-0.5764890313148499,-0.7821139693260193,-0.23000000417232513,0.0,11.775,approach
184.90733744789028,115.09266255210972,-3.3873019487439846,304.92103207245646,6.660590133007345,0.11975159611908834,6.662302527467958,0.14014099718219142,-0.11813743849693524,0.6948495195488475,-2.8389326698124324,-0.0012282541312555475,0.08924639168606244,0.6027181535959244,-0.17197350412607193,0.18496999989151955,0.39,5.917656912882585,0.08540838192147895,-0.7843965202415054,-0.5760615468025208,-0.770671546459198,-0.23000000417232513,0.0,11.85,approach
185.40550039527693,114.59449960472307,-3.3767987146011698,304.9118992661961,6.621455458052947,0.11848168265812317,6.623217134796507,0.13999943134458126,-0.12539091672698016,0.689645858666858,-2.837959980688014,-0.0013853439943659293,0.09692823702563105,0.6027314198017121,-0.17157288163900375,0.18496999989151955,0.39,5.890096440366034,0.08654553044593859,-0.7729502009038217,-0.5756193399429321,-0.7592251896858215,-0.23000000417232513,0.0,11.924999999999999,approach
185.90074206336996,114.09925793663004,-3.3663030391355613,304.9022253429266,6.582542673541944,0.11734839516065881,6.584349743889249,0.13993950241554076,-0.13256723723882952,0.6837577077642693,-2.836956450180845,-0.0015383990229906606,0.10428367196510843,0.6027451205253601,-0.17117312908172608,0.18496999989151955,0.39,5.8626974782597685,0.087689932021355,-0.7615286677819101,-0.5751626491546631,-0.7478036880493164,-0.23000000417232513,0.0,12.0,approach
186.39307983061144,113.60692016938856,-3.355808835273572,304.8920161112692,6.543879474638716,0.11636101688701564,6.545728082302285,0.1399596814033483,-0.1396654608283602,0.6771979353205538,-2.8359317260199868,-0.0016871052579060988,0.11120968494956475,0.6027592468261719,-0.1707752352952957,0.18496999989151955,0.39,5.835459186514652,0.08884130818086115,-0.7501602850732735,-0.5746917724609375,-0.7364352941513062,-0.23000000417232513,0.0,12.075,approach
186.88253312581475,113.11746687418525,-3.3453101988772946,304.88127747750514,6.50549299521809,0.11552663373724817,6.507379314568598,0.14005750889801757,-0.1466846063286625,0.669981168431851,-2.834895560265179,-0.001831162358197375,0.11761189986567122,0.6027737790346146,-0.1703801828622818,0.18496999989151955,0.39,5.80838060931637,0.08999937196132766,-0.7388730758381582,-0.5742073655128479,-0.72514808177948,-0.23000000417232513,0.0,12.15,approach
187.3691233944657,112.6308766055343,-3.3348014129899206,304.8700153999521,6.467409740991929,0.11485005841104995,6.4693299799026445,0.14022965055744205,-0.15362364907166842,0.6621238074114667,-2.833857693078777,-0.001970284178757869,0.12340606829991801,0.6027887117862701,-0.1699889376759529,0.18496999989151955,0.39,5.781460678080189,0.09116382843428539,-0.7276946418542958,-0.5737096071243286,-0.7139696478843689,-0.23000000417232513,0.0,12.225,approach
187.85287404168392,112.14712595831608,-3.324277054057228,304.8582359280708,6.429655522900165,0.11433379354996626,6.431605930107965,0.14047196373221896,-0.1604815168123278,0.6536440256467562,-2.832827743783024,-0.00210420008551828,0.12851936943398407,0.6028040325641633,-0.1696024489402771,0.18496999989151955,0.39,5.754698213304386,0.09233437589003779,-0.7166520960450589,-0.5731989145278931,-0.7029271125793457,-0.23000000417232513,0.0,12.299999999999999,approach
188.3338103907424,111.6661896092576,-3.313732047161447,304.84594520567816,6.392255377907013,0.11397803395162107,6.394232242033429,0.140779574250059,-0.1672570840271121,0.6445617524952727,-2.831815102380607,-0.0022326560975074222,0.1328914990652099,0.602819737792015,-0.16922164499759673,0.18496999989151955,0.39,5.728091927707385,0.09351070417535455,-0.7057719953638171,-0.5726754069328308,-0.6920469999313354,-0.23000000417232513,0.0,12.375,approach
188.81195960789222,111.18804039210778,-3.3031616915077087,304.83314943191135,6.355233502627203,0.11378070630648293,6.357233154934454,0.14114696253517633,-0.17394917685135733,0.6348986413531511,-2.8308288285882877,-0.0023554156642718867,0.13647553141974447,0.6028358149528503,-0.16884743332862853,0.18496999989151955,0.39,5.701640428509168,0.09469249391290856,-0.6950802615928597,-0.5721395015716553,-0.6813552379608154,-0.23000000417232513,0.0,12.45,approach
189.28735064532643,110.71264935467357,-3.2925617411508625,304.8198549165545,6.318613188942905,0.11373754538486353,6.320632010372574,0.14156805769205402,-0.18055658532153407,0.6246780237493278,-2.8298775558385403,-0.002472259997695682,0.1392385420275397,0.602852253317833,-0.16848069846630095,0.18496999989151955,0.39,5.675342221565928,0.09587941826482232,-0.6846021123898189,-0.5715915560722351,-0.6708770990371704,-0.23000000417232513,0.0,12.525,approach
189.76001416860086,110.23998583139914,-3.281928396489335,304.8060680572671,6.2824167484599736,0.11384220477410964,6.284451166458562,0.1420363366823132,-0.18707806065763266,0.6139248475337602,-2.8289694040442286,-0.002582989024299454,0.14116198276417294,0.6028690457344055,-0.16812229573726653,0.18496999989151955,0.39,5.649195714507046,0.09707114274194895,-0.6743619944312501,-0.5710318088531494,-0.6606370210647583,-0.23000000417232513,0.0,12.6,approach
190.2299824788608,109.77001752113921,-3.27125838498969,304.7917953590886,6.2466654538122235,0.11408639913015681,6.248711941975358,0.14254492827101284,-0.19351231636251157,0.6026655986529166,-2.8281119044305068,-0.0026874228403477194,0.1422418067052512,0.6028861832618714,-0.16777304708957672,0.18496999989151955,0.39,5.623199220726953,0.09826732556090256,-0.6643835057816196,-0.5704605579376221,-0.6506584882736206,-0.23000000417232513,0.0,12.674999999999999,approach
190.69728944285504,109.30271055714496,-3.260548939933443,304.77704339211505,6.211379482112638,0.11446007470602876,6.213434563424323,0.1430867195865941,-0.19985803015485953,0.590928206960781,-2.827311933130373,-0.0027854012649634885,0.14248834410683905,0.602903658747673,-0.1674337515234947,0.18496999989151955,0.39,5.597350963662657,0.0994676171908431,-0.6546893358302621,-0.5698780417442322,-0.6409643292427063,-0.23000000417232513,0.0,12.75,approach
191.16197039442935,108.83802960557065,-3.2497978471464837,304.7618188664246,6.176577849411377,0.11495160399050675,6.178638088796306,0.143654462639742,-0.2061138468797506,0.5787419422069583,-2.826575655083829,-0.002876784096504014,0.14192593421154834,0.6029214632511138,-0.1671051663160324,0.18496999989151955,0.39,5.571649080642973,0.10067166185513172,-0.6453012039995918,-0.5692845582962036,-0.6315761804580688,-0.23000000417232513,0.0,12.825,approach
191.62406205157836,108.37593794842164,-3.2390034364918074,304.7461285668942,6.142278364059276,0.11554800153683828,6.144340364480257,0.14424088063263701,-0.21227837941881883,0.5661372954538638,-2.8259084811329287,-0.0029614518141222886,0.14059232288926632,0.6029395914077759,-0.16678801745176314,0.18496999989151955,0.39,5.546091628306386,0.1018790956328315,-0.6362397892979986,-0.5686802864074707,-0.6225147843360901,-0.23000000417232513,0.0,12.9,approach
192.0836024179439,107.9163975820561,-3.2281645818587426,304.729979392328,6.108497578095388,0.11623515533168191,6.1105579739977145,0.1448387712652002,-0.21835022490306655,0.5531458491879321,-2.825315035788354,-0.003039305589555472,0.13853783923485527,0.6029580271244049,-0.16648298919200896,0.18496999989151955,0.39,5.52067658716319,0.10308954852343269,-0.6275246805243307,-0.5680657625198364,-0.6137996912002563,-0.23000000417232513,0.0,12.975,approach
192.54063070505285,107.45936929494715,-3.2172806799089186,304.7133783489012,6.07525074521387,0.11699807124646541,6.077306194628138,0.1454411060633851,-0.22432796815926304,0.5398001362975344,-2.8247991351772854,-0.0031102676050020254,0.1358243678413449,0.6029767650365829,-0.1661907261610031,0.18496999989151955,0.39,5.4954018670130855,0.10430264521852783,-0.6191743222614137,-0.5674411654472351,-0.6054493188858032,-0.23000000417232513,0.0,13.049999999999999,approach
192.99518720530176,107.00481279469824,-3.2063516500623885,304.69633255343797,6.04255178328124,0.11782112519036786,6.044598958916273,0.14604112333317107,-0.23021017523307089,0.5261334903663345,-2.8243637800920953,-0.0031742805956736174,0.13252413641861877,0.6029957979917526,-0.16591183334589005,0.18496999989151955,0.39,5.470265311222094,0.10551800571207595,-0.61120596920178,-0.5668067336082458,-0.5974809527397156,-0.23000000417232513,0.0,13.125,approach
193.44731321419468,106.55268678580532,-3.195377913243588,304.67884921387486,6.010413242935447,0.11868831808730335,6.012448822910121,0.14663241399277696,-0.23599539660766106,0.5121798907617638,-2.8240111595081823,-0.003231307447407552,0.12871834325366613,0.6030151188373566,-0.1656468719244003,0.18496999989151955,0.39,5.445264703708403,0.10673524442482944,-0.6036356407641841,-0.5661627054214478,-0.589910626411438,-0.23000000417232513,0.0,13.2,approach
193.89705091110784,106.10294908889216,-3.1843603578754447,304.6609356650674,5.978846282832844,0.1195835292125598,5.980866941789947,0.14720899902663,-0.24168218335794647,0.4979738020616893,-2.8237426635725154,-0.0032813311842472877,0.12449564988154774,0.6030347132682801,-0.16539635717868803,0.18496999989151955,0.39,5.4203977732192925,0.10795397117667369,-0.5964780846109693,-0.565509557723999,-0.58275306224823,-0.23000000417232513,0.0,13.275,approach
194.34444326338576,105.65555673661424,-3.1733002888795965,304.64259934274105,5.947860650441066,0.12049076456706548,5.949863051693819,0.1477653975395221,-0.24726910152172318,0.48355000902305006,-2.8235589054251404,-0.0033243544662834128,0.11995056589825631,0.6030545687675476,-0.16516076058149337,0.18496999989151955,0.39,5.395662199889069,0.10917379205093075,-0.5897467453122701,-0.5648477077484131,-0.5760217308998108,-0.23000000417232513,0.0,13.35,approach
194.78953390192075,105.21046609807925,-3.1621994021681497,304.6238477932734,5.917464668932038,0.12139439687614503,5.919445458144964,0.14829668392102358,-0.25275472272916794,0.4689434505490628,-2.8234597550238694,-0.003360399110066487,0.11518175409627994,0.6030746817588806,-0.16494050562381743,0.18496999989151955,0.39,5.371055620513784,0.11039431190037527,-0.5834537388598491,-0.5641772747039795,-0.5697287321090698,-0.23000000417232513,0.0,13.424999999999999,approach
195.23236704598287,104.76763295401713,-3.1510597633899224,304.6046886671643,5.8876652305156485,0.12227939117403608,5.8896210318212034,0.14879853363137255,-0.25813764063749767,0.4541890530709394,-2.82344438265964,-0.003389505441517247,0.11029028726387698,0.6030950325727463,-0.16473596990108488,0.18496999989151955,0.39,5.346575635394359,0.1116151329292982,-0.5776098317578116,-0.5634989142417908,-0.5638848543167114,-0.23000000417232513,0.0,13.5,approach
195.672987352886,104.327012647114,-3.1398837101845296,304.5851297060294,5.858467796266526,0.12313151476034012,5.860395211372572,0.1492672576529832,-0.26341648161116044,0.43932156657151084,-2.823511305769491,-0.0034117317056385306,0.1053778869190546,0.6031156122684479,-0.16454748094081878,0.18496999989151955,0.39,5.322219812470943,0.11283585686157124,-0.5722244289277404,-0.5628129243850708,-0.5584994554519653,-0.23000000417232513,0.0,13.575,approach
196.11143985836912,103.88856014163088,-3.1286738436776496,304.5651787914353,5.829876401843967,0.12393752810820602,5.831772012504791,0.14969982419885927,-0.26858989808034595,0.42437540306500354,-2.8236584464226513,-0.003427153346559581,0.10054517295783706,0.6031364119052887,-0.16437532037496566,0.18496999989151955,0.39,5.2979856955912705,0.11405608661245666,-0.5673055640865322,-0.5621196031570435,-0.5535805821418762,-0.23000000417232513,0.0,13.65,approach
196.5477698236656,103.45223017633441,-3.1174329732259083,304.54484385372916,5.801893669269616,0.1246853531080751,5.803754043624364,0.15009386824780055,-0.27365657609417243,0.40938448157874335,-2.82388319416707,-0.0034358618783186692,0.09588995541831952,0.6031574189662934,-0.16421972185373307,0.18496999989151955,0.39,5.273870807789698,0.11527542402658249,-0.5628599007473879,-0.5614193677902222,-0.5491349101066589,-0.23000000417232513,0.0,13.725,approach
196.98202266811415,103.01797733188585,-3.10616405267289,304.5241329534351,5.774520825292443,0.1253642168754508,5.776342528353901,0.15044768908544107,-0.2786152517503201,0.3943820807488165,-2.8241824714766617,-0.003437964028876748,0.09150559662696188,0.6031786173582077,-0.16408087104558944,0.18496999989151955,0.39,5.249872659698393,0.11649347351942585,-0.558892733327861,-0.5607127547264099,-0.5451677441596985,-0.23000000417232513,0.0,13.799999999999999,approach
197.41424384733162,102.58575615266838,-3.0948701463429624,304.5030542454606,5.747757725766443,0.12596477019608845,5.749537334032833,0.15076023596309965,-0.28346471855884775,0.3794006994504069,-2.8245528028396145,-0.003433581013416841,0.08747946987950089,0.6031999945640564,-0.16395890563726423,0.18496999989151955,0.39,5.225988753253722,0.11770984160698456,-0.555408000096475,-0.5600001811981201,-0.54168301820755,-0.23000000417232513,0.0,13.875,approach
197.84447875990276,102.15552124009724,-3.0835543610453424,304.4816159660577,5.721602885822644,0.12647917873168757,5.723337005880941,0.151031082192828,-0.2882038350729912,0.36447192628558156,-2.8249903878067926,-0.0034228478080809764,0.08389153961607398,0.6032215344905854,-0.16385391533374785,0.18496999989151955,0.39,5.202216588396761,0.11892413886324407,-0.5524082993965165,-0.5592821836471558,-0.538683295249939,-0.23000000417232513,0.0,13.95,approach
198.27277263592035,101.72722736407965,-3.0722198248163832,304.4598264165511,5.696053514863747,0.1269011867056512,5.697738805642109,0.15126038853873944,-0.2928315262348089,0.34962631980726955,-2.8254911746721683,-0.003405911927777898,0.08081308596614745,0.6032432264089584,-0.16376594603061675,0.18496999989151955,0.39,5.178553668205349,0.12013598122702829,-0.5498949132334576,-0.5585591197013855,-0.5361698865890503,-0.23000000417232513,0.0,14.025,approach
198.69917046441128,101.30082953558872,-3.060869627424122,304.4376940024131,5.671105556481042,0.12722615231036657,5.672738754684666,0.15144885639556702,-0.2973467804733433,0.33489330264077516,-2.8260509359439188,-0.003382932030729628,0.07830559330604937,0.6032650595903397,-0.16369499981403351,0.18496999989151955,0.39,5.154997505024381,0.1213449906516442,-0.5478678336949218,-0.557831346988678,-0.5341428518295288,-0.23000000417232513,0.0,14.1,approach
199.12371689224514,100.87628310775486,-3.049506799111696,304.41522718441956,5.646753734794643,0.12745105447959965,5.648331683021857,0.15159767222246628,-0.30174866139590456,0.3203010686541264,-2.8266653424303665,-0.0033540776831845554,0.07641982036088439,0.6032870179414749,-0.16364102870225905,0.18496999989151955,0.39,5.131545624457379,0.12255079358440876,-0.5463257960851226,-0.5570994019508362,-0.5326008200645447,-0.23000000417232513,0.0,14.174999999999999,approach
199.5464561126785,100.4535438873215,-3.038134246848542,304.39243450797994,5.622991604095619,0.12757447231126487,5.624511280923261,0.15170844450235887,-0.3060363244867723,0.305876500318182,-2.827330033258341,-0.003319528321604391,0.07519506494586096,0.6033090835809708,-0.16360394716262816,0.18496999989151955,0.39,5.108195570926517,0.12375302383492162,-0.5452663192344954,-0.5563638806343079,-0.5315413475036621,-0.23000000417232513,0.0,14.25,approach
199.9674318420264,100.0325681579736,-3.026754750078733,304.3693245575196,5.599811601935344,0.12759653886372835,5.601270153099073,0.15178313397534984,-0.3102090159631632,0.29164510289817386,-2.8280406845339874,-0.003279471878527299,0.0746586321179578,0.6033312457799912,-0.16358362585306166,0.18496999989151955,0.39,5.0849449138026825,0.12495132369901442,-0.5446857469361449,-0.5556251406669617,-0.530960738658905,-0.23000000417232513,0.0,14.325,approach
200.3866871745038,99.6133128254962,-3.0153709394595816,304.3459060021087,5.577205105582808,0.12751887009195098,5.578599875397131,0.15182397836924907,-0.31426606350480835,0.27763095298270407,-2.8287930775623997,-0.0032341036906242187,0.07482551275036536,0.6033534955978394,-0.16357989996671676,0.18496999989151955,0.39,5.061791248688548,0.1261453451899923,-0.5445792970038503,-0.5548834800720215,-0.5308542847633362,-0.23000000417232513,0.0,14.399999999999999,approach
200.80426454334733,99.19573545665267,-3.003985262864525,304.3221875107788,5.555162492013055,0.12734446958955106,5.556491054326167,0.15183341350585616,-0.31820688911554534,0.26385666274961755,-2.829583161331997,-0.003183625718583514,0.07569827644203937,0.603375815153122,-0.16359256297349928,0.18496999989151955,0.39,5.038732205402291,0.12733474755731672,-0.5449411075617648,-0.5541394948959351,-0.5312160849571228,-0.23000000417232513,0.0,14.475,approach
201.22020564045945,98.77979435954055,-2.992599976876125,304.29817783067847,5.533673199957544,0.12707761280355637,5.534933387794147,0.15181399242625154,-0.3220310179935495,0.25034335664786617,-2.8304071070776455,-0.0031282458564741663,0.077267177344144,0.6033981919288636,-0.16362137496471404,0.18496999989151955,0.39,5.015765450115897,0.12851920137050132,-0.5457642933343257,-0.5533936023712158,-0.5320392847061157,-0.23000000417232513,0.0,14.549999999999999,approach
201.63455136197382,98.36544863802618,-2.9812171425310185,304.27388572848895,5.512725793190574,0.12672371272732766,5.513915726306016,0.15176830341190523,-0.325738080302039,0.23711066255044566,-2.8312613594088716,-0.003068176997482565,0.0795104674592422,0.6034206116199493,-0.16366606056690214,0.18496999989151955,0.39,4.99288868977473,0.12969838723887187,-0.547041001895762,-0.552646279335022,-0.5333160161972046,-0.23000000417232513,0.0,14.625,approach
202.04734172271245,97.95265827728755,-2.969838642306999,304.24932000016133,5.492308025144929,0.12628917016808083,5.493426134782957,0.15169888865663128,-0.32932780124300354,0.22417671561468056,-2.8321426816170407,-0.003003636592178637,0.08239491021624865,0.6034430688619614,-0.1637263110280037,0.18496999989151955,0.39,4.97009967509144,0.1308719977815762,-0.5487624720940995,-0.5518977046012878,-0.5350374579429626,-0.23000000417232513,0.0,14.7,approach
202.45861583285753,97.54138416714247,-2.9584661673731447,304.2244894481705,5.472406902894823,0.12578120964773085,5.4734519532876815,0.15160816494283055,-0.3328000127276254,0.21155817448637076,-2.8330481942127683,-0.002934845274832552,0.08587648365025684,0.6034655439853668,-0.1638017925620079,0.18496999989151955,0.39,4.947396205250816,0.13203973614432044,-0.5509190930784706,-0.551148533821106,-0.5371940732002258,-0.23000000417232513,0.0,14.774999999999999,approach
202.8684118201874,97.13158817981261,-2.947101217581325,304.19940289125,5.453008751049679,0.1252077064820716,5.4539798571586235,0.15149834810184462,-0.3361546435546446,0.19927025293216682,-2.8339754036493146,-0.0028620258634450796,0.089901258528344,0.6034880369901657,-0.16389214217662812,0.18496999989151955,0.39,4.924776129192836,0.13320131808219957,-0.5535004642516528,-0.5503987669944763,-0.5397754907608032,-0.23000000417232513,0.0,14.85,approach
203.27676677563525,96.72323322436475,-2.9357451524495475,304.17406913836294,5.434099276607757,0.12457700563594418,5.434995917841554,0.15137138182263812,-0.33939172346078206,0.18732676014995261,-2.834922227903994,-0.0027854038584335184,0.09440643419544421,0.6035105299949646,-0.1639969655871391,0.18496999989151955,0.39,4.902237349889694,0.13435647048905813,-0.5564954528868755,-0.5496490001678467,-0.5427704453468323,-0.23000000417232513,0.0,14.924999999999999,approach
203.68371675847197,96.31628324152803,-2.9243992081589636,304.14849701802495,5.4156636301030545,0.12389773738906237,5.4164856598000615,0.15122887324590462,-0.3425113867561966,0.17574014769817403,-2.835887008594891,-0.0027052062108578875,0.09932151383215135,0.6035330176353455,-0.1641158539056778,0.18496999989151955,0.39,4.879777827340061,0.1355049326644057,-0.5598922569845628,-0.5488994121551514,-0.546167254447937,-0.23000000417232513,0.0,15.0,approach
204.08929669002836,95.91070330997164,-2.9130644932931444,304.1226953131559,5.397686465325306,0.12317863209487365,5.398434115936943,0.15107203509520487,-0.3455138678147337,0.16452156963119177,-2.8368685186739473,-0.002621660422691344,0.10456959551412685,0.6035554891824723,-0.16424837112426757,0.18496999989151955,0.39,4.8573955782840414,0.13664645586999494,-0.5636784642407289,-0.548150360584259,-0.5499534606933594,-0.23000000417232513,0.0,15.075,approach
204.4935403666478,95.5064596333522,-2.9017420610743394,304.0966728034532,5.380151997453064,0.12242833743585,5.380825881469109,0.15090163632233947,-0.34839950105608875,0.15368094757015005,-2.8378659614200825,-0.002534994543223661,0.11006875734155135,0.6035779374837875,-0.1643940645456314,0.18496999989151955,0.39,4.83508868204844,0.13778080474309184,-0.5678411041222485,-0.5474020838737488,-0.5541161298751831,-0.23000000417232513,0.0,15.149999999999999,approach
204.89648042339877,95.10351957660123,-2.8904328881139714,304.07043824255834,5.363044058216062,0.12165524116246126,5.363645164945779,0.15071796156381156,-0.3511687166691692,0.14322704079499096,-2.8388789613234744,-0.0024454369571338015,0.1157335113652466,0.603600355386734,-0.16455246061086654,0.18496999989151955,0.39,4.812855279834371,0.13890775602313457,-0.5723667067051404,-0.5466548204421997,-0.5586417317390442,-0.23000000417232513,0.0,15.225,approach
205.29814828221802,94.70185171778198,-2.87913799763111,304.04400034833316,5.346346148537661,0.12086730258108191,5.346875837984231,0.15052078025503607,-0.35382202720601513,0.13316751901268545,-2.8399075474669604,-0.002353215950756009,0.12147630109713412,0.6036227428913117,-0.16472307324409485,0.18496999989151955,0.39,4.790693576713068,0.14002709872355013,-0.5772413554172616,-0.5459085702896118,-0.56351637840271,-0.23000000417232513,0.0,15.299999999999999,approach
205.69857414154563,94.30142585845437,-2.867858429707584,304.0173677670218,5.330041481530767,0.12007189366857549,5.330501469298318,0.1503093254968577,-0.35636003731890886,0.12350903921717152,-2.8409521288102173,-0.002258559002050909,0.12720901690660652,0.6036450856924057,-0.1649054017663002,0.18496999989151955,0.39,4.768601844478009,0.14113863281472713,-0.5824507359611641,-0.5451638102531433,-0.5687257647514343,-0.23000000417232513,0.0,15.375,approach
206.09778698150376,93.90221301849624,-2.8565952880287413,303.99054915141596,5.314113039243977,0.11927565555610373,5.314505389133239,0.150082284640981,-0.35878343330941215,0.11425732400859695,-2.842013462233199,-0.0021616930098883017,0.1328445030112782,0.6036673891544342,-0.1650989308953285,0.18496999989151955,0.39,4.7465784222149905,0.14224217146761436,-0.5879801773198782,-0.5444203615188599,-0.5742551684379578,-0.23000000417232513,0.0,15.45,approach
206.4958145068628,93.50418549313719,-2.8453498036138356,303.9635530533901,5.298543601851797,0.11848436913239921,5.29887070327303,0.14983779858855167,-0.361092981468922,0.1054172369237025,-2.8430926151850944,-0.0020628438208720816,0.13829802992647947,0.6036896407604218,-0.165303139090538,0.18496999989151955,0.39,4.724621716017293,0.1433375374546506,-0.59381470924646,-0.5436786413192749,-0.5800896883010864,-0.23000000417232513,0.0,15.524999999999999,approach
206.89268315481138,93.10731684518862,-2.8341233900552902,303.9363879760258,5.283315791502761,0.11770284429675493,5.283580339825435,0.1495734732384127,-0.36328952995867675,0.09699285879820771,-2.8441909204354268,-0.0019622359515633855,0.1434887089057336,0.6037118405103683,-0.1655174922943115,0.18496999989151955,0.39,4.702730202122545,0.14442456617456723,-0.5999390873709962,-0.5429386496543884,-0.5862140655517578,-0.23000000417232513,0.0,15.6,approach
207.28841807162888,92.71158192837112,-2.822917630768824,303.90906237358604,5.268412109896799,0.11693482909727645,5.268617087030286,0.14928640038164628,-0.3653739859479132,0.08898755888550008,-2.845309929297189,-0.0018600928467390689,0.14834082337488866,0.6037339919805527,-0.16574145019054412,0.18496999989151955,0.39,4.680902426485374,0.14550310431426725,-0.606337836920514,-0.5422002673149109,-0.5926128625869751,-0.23000000417232513,0.0,15.674999999999999,approach
207.68304311267607,92.31695688732393,-2.8117343597265076,303.8815846059624,5.253814965105321,0.11618293740104846,5.25396361241601,0.1489731883245591,-0.3673473350712476,0.08140406048045688,-2.846451358138009,-0.0017566371969510242,0.15278505761580952,0.6037560790777207,-0.16597445994615553,0.18496999989151955,0.39,4.659137006060411,0.14657300710616844,-0.6129952895298658,-0.5414640307426453,-0.5992702841758728,-0.23000000417232513,0.0,15.75,approach
208.07658083202557,91.92341916797443,-2.8005756742029555,303.85396297772695,5.239506700786084,0.11544860088052189,5.239602491867198,0.14863000246105537,-0.3692106162240771,0.07424449959695532,-2.8476170286442835,-0.0016520903512017842,0.15675960163423155,0.6037781178951264,-0.16621597081422806,0.18496999989151955,0.39,4.637432628802816,0.14763414202967723,-0.6198956106964076,-0.5407294034957886,-0.6061705946922302,-0.23000000417232513,0.0,15.825,approach
208.46905245653642,91.53094754346358,-2.789443968765361,303.8262056860658,5.225469621986165,0.11473204098575748,5.225516234556084,0.14825261325268754,-0.3709649171492391,0.06751048095054811,-2.8488088137334393,-0.0015466717857046618,0.16021111435036536,0.6038000977039337,-0.16646542370319367,0.18496999989151955,0.39,4.615788054238593,0.1486863846150807,-0.627022827249894,-0.5399967432022095,-0.6132978200912476,-0.23000000417232513,0.0,15.899999999999999,approach
208.86047792991363,91.13952207008637,-2.778341999014939,303.798320879353,5.2116860194578996,0.11403226364071412,5.211687306464624,0.14783645305098017,-0.37261138347413025,0.06120312575358562,-2.8500285745105116,-0.0014405996015383238,0.16309553277193017,0.6038220202922822,-0.16672225534915924,0.18496999989151955,0.39,4.594202114890497,0.14972961947593455,-0.6343608506670773,-0.5392659902572632,-0.6206358671188354,-0.23000000417232513,0.0,15.975,approach
209.2508758660547,90.74912413394529,-2.767272834841629,303.7703165985631,5.1981381892752925,0.11334707630465354,5.1980981475046715,0.14737667875647883,-0.3741512096017781,0.055323109493554894,-2.851278099559862,-0.0013340907656954086,0.16537871226637513,0.6038438838720321,-0.16698589831590652,0.18496999989151955,0.39,4.57267371385475,0.1507637396363052,-0.6418935048062258,-0.5385372042655945,-0.628168523311615,-0.23000000417232513,0.0,16.05,approach
209.64026355163298,90.35973644836702,-2.7562399411574434,303.74220078380904,5.184808453007104,0.11267312673460758,5.184731192314903,0.14686824026786183,-0.3755856300733767,0.049870690686788226,-2.852559045609239,-0.0012273609894632848,0.16703689042109104,0.6038656920194626,-0.16725578308105468,0.18496999989151955,0.39,4.551201827366991,0.15178864719531998,-0.6496045434396925,-0.5378102660179138,-0.6358795166015625,-0.23000000417232513,0.0,16.125,approach
210.02865696942862,89.97134303057138,-2.7452471609025806,303.71398130360285,5.17167917069577,0.11200596165491544,5.171568879550748,0.1463059527921447,-0.3769159186819804,0.04484573250216632,-2.853872879497529,-0.001120623702871458,0.1680569685205401,0.6038874411582946,-0.16753134429454802,0.18496999989151955,0.39,4.529785504660186,0.15280425209453402,-0.6574776703258447,-0.5370852947235107,-0.6437526941299438,-0.23000000417232513,0.0,16.2,approach
210.4160707905502,89.58392920944979,-2.734298736290117,303.68566591255467,5.158732761071256,0.11134010551390017,5.158593674787505,0.14568457263608037,-0.37814337844928786,0.04024771827818081,-2.855220823093858,-0.0010140909382288985,0.16843660802036747,0.6039091384410858,-0.16781200408935545,0.18496999989151955,0.39,4.508423866681426,0.15381047113375215,-0.6654965514200868,-0.5363620519638062,-0.6517715454101562,-0.23000000417232513,0.0,16.275,approach
210.80251835629255,89.19748164370745,-2.723399279060266,303.6572622741701,5.145951716625113,0.11066915592480606,5.14578808578933,0.14499887441987275,-0.3792693495565186,0.03607575224507479,-2.8566038026838334,-0.0009079730997299653,0.16818414284238445,0.6039307749271393,-0.1680971950292587,0.18496999989151955,0.39,4.487116106519738,0.15480722803727448,-0.6736448364279759,-0.5356408357620239,-0.6599198579788208,-0.23000000417232513,0.0,16.349999999999998,approach
211.18801170923766,88.81198829076234,-2.71255381722397,303.6287779543245,5.133318613521084,0.10998589630801733,5.1331346684417,0.14424372860723295,-0.38029519357187463,0.03232855688495676,-2.8580223996504954,-0.0008024784782587426,0.1673183106944893,0.6039523631334305,-0.16838634133338928,0.18496999989151955,0.39,4.46586149040391,0.15579445372167983,-0.6819061724206633,-0.5349212288856506,-0.6681811809539795,-0.23000000417232513,0.0,16.425,approach
211.57256158807547,88.42743841192453,-2.701767748322138,303.6002204147603,5.120816132550027,0.10928242106943581,5.120616054826544,0.1434141781597138,-0.3812222994889153,0.02900445961191716,-2.8594768129898083,-0.0006978132597396774,0.16586781033269726,0.6039738923311233,-0.1686788734793663,0.18496999989151955,0.39,4.444659355991929,0.1567720845988898,-0.6902642144856723,-0.5342035889625549,-0.6765392422676086,-0.23000000417232513,0.0,16.5,approach
211.95617743019866,88.04382256980134,-2.6910468139312833,303.57159699355225,5.108427070820538,0.1085502729291401,5.108214963153616,0.14250551314960558,-0.38205208624318393,0.026101374232736604,-2.860966821121447,-0.0005941812253871597,0.16387069511154867,0.6039953678846359,-0.1689742177724838,0.18496999989151955,0.39,4.423509112655849,0.15774006349586037,-0.6987026464136575,-0.5334877371788025,-0.684977650642395,-0.23000000417232513,0.0,16.575,approach
212.33886738206778,87.66113261793222,-2.680397133657521,303.5429149409342,5.096134353118699,0.10778058939621854,5.09591420735419,0.1415133410893479,-0.38278598952585824,0.023616773963664763,-2.8624917553387195,-0.0004917835023962601,0.16137361354627403,0.6040167897939682,-0.1692718067765236,0.18496999989151955,0.39,4.402410241339074,0.15869834054261464,-0.7072051919322383,-0.5327736735343933,-0.6934801936149597,-0.23000000417232513,0.0,16.65,approach
212.72063829922166,87.27936170077834,-2.6698251074070782,303.51418139972975,5.083921054203252,0.10696425553411937,5.083696728071866,0.14043365338018712,-0.383425461330432,0.021547660654378017,-2.8640504809298095,-0.00039081820029844046,0.15843091353847308,0.6040381598472595,-0.16957107096910476,0.18496999989151955,0.39,4.381362293986272,0.15964687051507626,-0.7157556261372194,-0.5320613384246826,-0.702030599117279,-0.23000000417232513,0.0,16.724999999999998,approach
213.1014957696038,86.89850423039621,-2.659337445132598,303.4854033956308,5.07177041207132,0.10609206017186598,5.071545605195074,0.13926288537888687,-0.38397196898361846,0.01989052797985847,-2.8656413842954933,-0.0002914800559685725,0.15510362660778565,0.6040594780445099,-0.16987144708633423,0.18496999989151955,0.39,4.360364893542808,0.16058561336775934,-0.7243377970610404,-0.5313507318496704,-0.7106127738952637,-0.23000000417232513,0.0,16.8,approach
213.48144411616258,86.51855588383742,-2.648941090349476,303.4565878404205,5.059665842797081,0.10515485269076033,5.059444072580146,0.13799796988603943,-0.3844270065837083,0.018641322453113705,-2.8672623675813433,-0.00019395997754758772,0.1514583510023558,0.6040807372331619,-0.17017237186431883,0.18496999989151955,0.39,4.339417732671792,0.16151453440911073,-0.7329356395114655,-0.5306420922279358,-0.7192106246948242,-0.23000000417232513,0.0,16.875,approach
213.86048642277538,86.13951357722462,-2.638643198893149,303.4277415384968,5.047590966433818,0.10414369968200538,5.04737555382341,0.13663638353978283,-0.38479208199456105,0.01779540064456793,-2.8689108530959637,-9.844501327680706e-05,0.1475660533738905,0.6041019463539123,-0.17047328621149063,0.18496999989151955,0.39,4.318520573611059,0.16243360557742925,-0.7415331891411174,-0.5299351215362549,-0.7278081774711609,-0.23000000417232513,0.0,16.95,approach
214.23862451610833,85.76137548389167,-2.6284510921769204,303.3988711836255,5.035529623790273,0.10305003575646746,5.035323679263954,0.13517618392973194,-0.38506872039571327,0.017347484728261565,-2.870583797789659,-5.1175292042434646e-06,0.14350081082146515,0.6041230964660644,-0.17077363729476927,0.18496999989151955,0.39,4.297673246747354,0.16334280368444407,-0.7501146097130178,-0.5292301177978516,-0.7363896369934082,-0.23000000417232513,0.0,17.025,approach
214.61585902523882,85.38414097476118,-2.618372231703828,303.36998335241015,5.023465896369378,0.10186580816927393,5.02327230697222,0.13361603848160666,-0.38525846623882587,0.01729161935447416,-2.8722777113453395,8.584492612681833e-05,0.13933851630182773,0.6041441911458969,-0.1710728722810745,0.18496999989151955,0.39,4.276875651614042,0.16424211093872096,-0.7586642072346393,-0.5285269618034363,-0.7449392080307007,-0.23000000417232513,0.0,17.099999999999998,approach
214.99218937129558,85.00781062870442,-2.608414138332448,303.3410845010608,5.011384136173207,0.10058361210748815,5.011205562967623,0.13195524407585735,-0.38536288334855495,0.01762112750443648,-2.8739886865149926,0.00017427044053401172,0.13515556869706352,0.6041652250289917,-0.17137045085430144,0.18496999989151955,0.39,4.256127753611865,0.16513151537635476,-0.7671664529052593,-0.5278258323669434,-0.7534414529800415,-0.23000000417232513,0.0,17.175,approach
215.36761378819912,84.63238621180088,-2.598584362535404,303.31218096537305,4.999268986840525,0.0991968142692301,4.999107862030088,0.13019373688529143,-0.38538355953045683,0.018328572107148312,-2.8757124338543436,0.00025999348023573326,0.13102757073833127,0.6041861963272095,-0.17166583478450775,0.18496999989151955,0.39,4.2354295845787435,0.16601101097000326,-0.7756060107133959,-0.5271267890930176,-0.7618809938430786,-0.23000000417232513,0.0,17.25,approach
215.7421293667326,84.2578706332674,-2.5888904461622104,303.28327897051304,4.987105412472255,0.0976996636036078,4.986963941824506,0.1283320926736747,-0.38532209742189066,0.019405719310402744,-2.8774443255881477,0.0003428550737974327,0.12702805633766992,0.6042071068286896,-0.17195849627256393,0.18496999989151955,0.39,4.214781241649049,0.16688059818246348,-0.7839677582310045,-0.5264297723770142,-0.7702427506446838,-0.23000000417232513,0.0,17.325,approach
216.11573205973482,83.88426794026518,-2.579339841706773,303.25438461146723,4.974878726644859,0.09608738593971194,4.974758895645738,0.12637151754090592,-0.3851801221915038,0.020843506500658037,-2.8791794454264474,0.0004227033656573601,0.123227269348331,0.6042279493808747,-0.17224791377782822,0.18496999989151955,0.39,4.194182884829707,0.16774028257523574,-0.7922368174949533,-0.5257350206375122,-0.7785118222236633,-0.23000000417232513,0.0,17.4,approach
216.48841671579686,83.51158328420314,-2.569939925058406,303.22550386933835,4.9625746240409985,0.09435626227273056,4.962478208484166,0.12431382978964267,-0.38495928935965185,0.022632015356704765,-2.8809126413281323,0.0004993940878811588,0.11969101372054876,0.604248720407486,-0.17253357619047163,0.18496999989151955,0.39,4.173634736714584,0.16859007631896356,-0.8003985831989603,-0.5250426530838013,-0.7866736054420471,-0.23000000417232513,0.0,17.474999999999998,approach
216.86017711038164,83.13982288961836,-2.560697868031969,303.1966425950591,4.950179208564009,0.09250368960367594,4.950107784247437,0.12216143236616545,-0.3846612762450221,0.024760451436833617,-2.882638584224184,0.0005727909280916802,0.11647959268968705,0.6042694199085236,-0.17281498074531554,0.18496999989151955,0.39,4.153137080631173,0.16942999864300762,-0.8084387552340633,-0.5243526697158813,-0.7947137355804443,-0.23000000417232513,0.0,17.55,approach
217.23100598988475,82.76899401011525,-2.5516206936111008,303.1678065126457,4.937679031506522,0.09052822281384443,4.9376339925009995,0.11991727742822415,-0.3842877818963511,0.02721713114392355,-2.884351832523771,0.0006427667806904767,0.11364685493806795,0.6042900443077087,-0.17309164345264433,0.18496999989151955,0.39,4.13269025892901,0.1702600752976304,-0.8163433677788157,-0.523665189743042,-0.8026183843612671,-0.23000000417232513,0.0,17.625,approach
217.60089507683475,82.39910492316525,-2.542715127229986,303.13900121920506,4.925061123232717,0.08842959692304284,4.925043699048464,0.11758482295094626,-0.38384053136512863,0.029989480123876845,-2.88604689645332,0.0007092038448357662,0.11123936251466776,0.6043105900287629,-0.1733630844950676,0.18496999989151955,0.39,4.112294670556339,0.1710803384481908,-0.8240988273888022,-0.5229803323745728,-0.810373842716217,-0.23000000417232513,0.0,17.7,approach
217.96983514765037,82.03016485234963,-2.53398766476759,303.11023218493665,4.912313025287583,0.08620872989202003,4.912324296185598,0.11516798263567482,-0.3833212829738596,0.033064035695252,-2.887718303341646,0.0007719936192032241,0.10929569303129234,0.6043310499191284,-0.17362884283065794,0.18496999989151955,0.39,4.091950770774089,0.17189082718766377,-0.8316919447689566,-0.5222983360290527,-0.8179669380187988,-0.23000000417232513,0.0,17.775,approach
218.33781605598185,81.66218394401815,-2.525444462073389,303.08150474010245,4.8994228305654115,0.08386770712585337,4.899463749673779,0.11267107015784622,-0.3827318175641911,0.03642646042997327,-2.889360664693962,0.0008310381439927569,0.10784588571580042,0.6043514275550842,-0.17388847410678862,0.18496999989151955,0.39,4.07165906687923,0.1726915884087637,-0.8391099711699468,-0.5216190814971924,-0.8253849744796753,-0.23000000417232513,0.0,17.849999999999998,approach
218.7048267612206,81.2951732387794,-2.5170913732124616,303.0528240782951,4.886379215597552,0.08140974586168578,4.886450627666065,0.11009873779215376,-0.3820739431219696,0.040061566446205836,-2.8909687435915585,0.000886250003933541,0.10691103936322431,0.6043717139959335,-0.17414154648780822,0.18496999989151955,0.39,4.0514201169209985,0.17348267590462957,-0.8463406373564275,-0.5209428668022156,-0.8326156139373779,-0.23000000417232513,0.0,17.925,approach
219.07085540109117,80.92914459890883,-2.5089338399965997,303.02419526294534,4.8731714720972175,0.0788391417583024,4.873274128683521,0.10745591175314181,-0.3813495053083813,0.04395334733706078,-2.8925375160350395,0.0009375528600260902,0.1065030678048027,0.6043919038772583,-0.17438765108585358,0.18496999989151955,0.39,4.031234528132867,0.1742641508257837,-0.8533721874568182,-0.5202698707580566,-0.8396471738815308,-0.23000000417232513,0.0,18.0,approach
219.43588931497072,80.56411068502928,-2.500976985467243,302.99562322080556,4.859789546533555,0.0761611994849451,4.8599241257265575,0.10474772467316518,-0.3805603747533528,0.04808502155102811,-2.894062232862124,0.0009848816631215852,0.10662461341093864,0.6044119989871979,-0.17462639361619947,0.18496999989151955,0.39,4.011102952939986,0.17503608274864554,-0.8601934134371795,-0.5196000337600708,-0.8464683890342712,-0.23000000417232513,0.0,18.075,approach
219.799915124259,80.200084875741,-2.493225490680117,302.9671127289348,4.84622406827934,0.07338214677099589,4.84639118848316,0.10197944591510914,-0.37970844583086877,0.05243908304814427,-2.8955384778363453,0.0010281829330094406,0.10726911941902306,0.6044319939613342,-0.17485740482807158,0.18496999989151955,0.39,3.99102608767661,0.17579854834623568,-0.8667936955307021,-0.5189335346221924,-0.8530687093734741,-0.23000000417232513,0.0,18.15,approach
220.16291877125124,79.83708122874876,-2.4856836796916455,302.9386684244605,4.832466381596728,0.07050903441222645,4.832666614124292,0.09915641196187894,-0.3787956449454771,0.056997362686409446,-2.896962218251681,0.0010674149096035596,0.10842105820815458,0.6044518834352494,-0.17508033215999602,0.18496999989151955,0.39,3.971004668165755,0.17655163163166004,-0.873163034247566,-0.5182705521583557,-0.8594380617141724,-0.23000000417232513,0.0,18.224999999999998,approach
220.5248855606201,79.4751144393799,-2.4783554515777513,302.910294804597,4.818508573878876,0.0675496250403691,4.8187424525685065,0.09628395720297463,-0.37782391732527315,0.06174109587103705,-2.8983298504142696,0.0011025473904374675,0.11005630868785508,0.6044716709852218,-0.17529484808444976,0.18496999989151955,0.39,3.9510394675811815,0.17729542465964215,-0.8792920841963391,-0.5176109671592712,-0.8655670881271362,-0.23000000417232513,0.0,18.3,approach
220.88580023717654,79.11419976282346,-2.471244314435219,302.8819962168536,4.804343500767825,0.06451227044928942,4.8046115289410425,0.09336734642388482,-0.37679523841068424,0.06665099924574108,-2.8996382399029645,0.001133562629763915,0.11214267524653172,0.6044913440942764,-0.1755006521940231,0.18496999989151955,0.39,3.931131294165894,0.17803002594112233,-0.8851721849321075,-0.5169551968574524,-0.8714472055435181,-0.23000000417232513,0.0,18.375,approach
221.24564704548857,78.75435295451143,-2.464353389637314,302.8537768492847,4.789964809275336,0.06140578234046282,4.7902674635060984,0.0904117104934559,-0.37571160659414693,0.07170735667534336,-2.9008847515415472,0.0011604548203041265,0.11464053751256502,0.6045109081268311,-0.17569746285676954,0.18496999989151955,0.39,3.9112809869552905,0.17875554210367342,-0.8907953885530064,-0.5163030624389648,-0.8770703673362732,-0.23000000417232513,0.0,18.45,approach
221.6044097687643,78.3955902312357,-2.457685407588926,302.8256407532899,4.775366956965014,0.05823929705788039,4.775704688213548,0.08742198527629495,-0.3745750325746523,0.07689010767350798,-2.9020672760687427,0.0011832301081757266,0.11750361781121238,0.604530359506607,-0.17588503181934356,0.18496999989151955,0.39,3.891489412498129,0.1794720873127562,-0.8961544871365987,-0.5156546831130981,-0.8824294805526733,-0.23000000417232513,0.0,18.525,approach
221.96207181179474,78.03792818820526,-2.4512427587249297,302.79759182079624,4.760545225978741,0.05502213663969438,4.760918456454159,0.084402855732225,-0.373387545717908,0.08217894400083478,-2.9031842450649052,0.0012019066178702246,0.12067985328265059,0.6045496946573258,-0.17606313169002533,0.18496999989151955,0.39,3.8717574627179636,0.18017978131026074,-0.9012430340306988,-0.5150101780891418,-0.887518048286438,-0.23000000417232513,0.0,18.599999999999998,approach
222.31861625798402,77.68138374201598,-2.4450274722708745,302.7696337973034,4.74549573974524,0.0517636696045326,4.745904861641464,0.08135870580891601,-0.37215119260169743,0.08755340752751097,-2.9042346382176047,0.0012165134923086197,0.12411235554371713,0.6045689117908478,-0.1762315621972084,0.18496999989151955,0.39,3.8520860503512893,0.18087875086226168,-0.9060553623917114,-0.5143696069717407,-0.8923303484916687,-0.23000000417232513,0.0,18.675,approach
222.67402592377795,77.32597407622205,-2.439041271487339,302.7417702688522,4.73021546260072,0.048473173551653065,4.730660828178509,0.07829357410906593,-0.37086802471979,0.09299299020643574,-2.905217981564066,0.0012270913980459107,0.12774044038531307,0.6045880126953125,-0.17639015644788741,0.18496999989151955,0.39,3.832476105810879,0.1815691291931013,-0.910586606949744,-0.51373291015625,-0.8968616127967834,-0.23000000417232513,0.0,18.75,approach
223.02828342605795,76.97171657394205,-2.4332855949228382,302.7140046652962,4.714702205925514,0.04515970132116509,4.71518411909318,0.07521111678185345,-0.3695400962205711,0.09847723912357424,-2.906134339680846,0.0012336921326841707,0.13150070968380143,0.6046069955825806,-0.17653877049684524,0.18496999989151955,0.39,3.8129285741922128,0.18225105490080945,-0.9148327056124153,-0.5131001472473145,-0.9011077284812927,-0.23000000417232513,0.0,18.825,approach
223.38137125212634,76.61862874787366,-2.427761621916118,302.68634027654844,4.698954628889468,0.04183195345582702,4.699473337314781,0.07211457805821322,-0.36816946477292123,0.1039858588420386,-2.9069842978382527,0.0012363775867467628,0.13532816686181276,0.6046258586645127,-0.17667728960514067,0.18496999989151955,0.39,3.7934444115668127,0.18292467158758208,-0.918790410093333,-0.5124713778495789,-0.9050654172897339,-0.23000000417232513,0.0,18.9,approach
223.73327180636238,76.26672819363762,-2.4224702938467955,302.65878021354774,4.682972228965344,0.03849815940536769,4.683527912972716,0.06900676827064708,-0.36675818075715455,0.10949881230098298,-2.907768935851165,0.0012352197516706188,0.13915734572417326,0.6046446055173874,-0.17680563032627106,0.18496999989151955,0.39,3.7740245811330513,0.1835901274762975,-0.9224572925829233,-0.5118464827537537,-0.9087322950363159,-0.23000000417232513,0.0,18.974999999999998,approach
224.0839674957586,75.9160325042414,-2.417412360884897,302.63132746684005,4.666755328230336,0.03516596855133908,4.667348086809467,0.06589004976379403,-0.36530828340017535,0.11499642144113953,-2.9084897962517497,0.0012303003435296814,0.14292343364145324,0.6046632343530655,-0.17692373633384703,0.18496999989151955,0.39,3.754670050650069,0.18424757528442626,-0.9258317388119337,-0.5112255215644836,-0.9121067523956299,-0.23000000417232513,0.0,19.05,approach
224.4334407662072,75.56655923379279,-2.412588411738581,302.6039848447281,4.6503050647837885,0.031842353308015325,4.65093490808164,0.06276633144805098,-0.3638218048032273,0.1204594636747163,-2.909148845421959,0.0012217098182543272,0.1465633705247615,0.6046817433834076,-0.1770315784215927,0.18496999989151955,0.39,3.735381787733277,0.1848971700028196,-0.9289129398099991,-0.5106085538864136,-0.9151879549026489,-0.23000000417232513,0.0,19.125,approach
224.7816741724822,75.21832582751779,-2.4079989331492992,302.57675502209577,4.63362336553176,0.02853352659029454,4.63429020061396,0.05963707072556621,-0.3623007495738599,0.12586926194661263,-2.9097484275880747,0.0012095466927726506,0.150016904125214,0.6047001415491104,-0.17712915658950806,0.18496999989151955,0.39,3.7161607578586033,0.18553907123454505,-0.9317008872886765,-0.5099952816963196,-0.917975902557373,-0.23000000417232513,0.0,19.2,approach
225.12865043267607,74.87134956732393,-2.403644288652206,302.5496405013637,4.61671292958271,0.025244872690373205,4.61741655455506,0.056503283546361166,-0.3607471033103952,0.13120776991461705,-2.9102912176478384,0.0011939171268939828,0.15322758529384273,0.6047184199094773,-0.17721649795770644,0.18496999989151955,0.39,3.6970079205134785,0.18617343928599014,-0.9341963516327358,-0.5093860030174255,-0.9204713702201843,-0.23000000417232513,0.0,19.275,approach
225.47435249818048,74.52564750181952,-2.3995247950677525,302.5226436743169,4.599577193720619,0.0219808950471653,4.600317286004968,0.05336556204759852,-0.3591628238942549,0.13645765042840285,-2.910780163771924,0.0011749340145667318,0.15614368662331599,0.6047365874052048,-0.17729365468025207,0.18496999989151955,0.39,3.6779242262028164,0.18680043735633695,-0.9364008691261057,-0.5087804198265076,-0.9226758480072021,-0.23000000417232513,0.0,19.349999999999998,approach
225.8187635847901,74.1812364152099,-2.395640731003302,302.49576675374465,4.582220304083044,0.018745179950275748,4.5829964137599495,0.05022409882808743,-0.3575498323313855,0.14160234580547126,-2.911218433489124,0.0011527167219337023,0.15871902893234935,0.6047546422481537,-0.1773607102036476,0.18496999989151955,0.39,3.6589106126000734,0.18742022863780372,-0.9383167130914122,-0.5081785917282104,-0.9245917201042175,-0.23000000417232513,0.0,19.425,approach
226.16186724009341,73.83813275990659,-2.3919923920989032,302.46901182879856,4.564647085305929,0.015540376969585282,4.565458632849594,0.04707871812059302,-0.35591001199726396,0.14662614189178025,-2.911609355120143,0.0011273898712917277,0.16091370399289112,0.6047725880146027,-0.1774177646636963,0.18496999989151955,0.39,3.6399680028365444,0.18803297726742685,-0.9399468678026318,-0.5075803995132446,-0.9262218475341797,-0.23000000417232513,0.0,19.5,approach
226.50364739531602,73.49635260468398,-2.3885800825347347,302.4423808421884,4.546862997400867,0.012368196538066853,4.547709267289269,0.0439289123125279,-0.3542451943065565,0.1515142187288751,-2.9119563578034273,0.0010990825647095243,0.1626946814771533,0.6047904300689697,-0.17746494948863983,0.18496999989151955,0.39,3.6210973017948622,0.18863884657571495,-0.9412950037684836,-0.5069856643676758,-0.9275699853897095,-0.23000000417232513,0.0,19.575,approach
226.8440883886452,73.15591161135481,-2.385404161773848,302.41587559343407,4.528874100443853,0.00922942326363986,4.529754240994657,0.04077388377984806,-0.3525571629812832,0.15625269527116145,-2.9122629133543367,0.0010679281485127421,0.164036291798152,0.6048081666231155,-0.17750241488218307,0.18496999989151955,0.39,3.602299393257619,0.1892379980511344,-0.9423654390138289,-0.5063944458961487,-0.9286404252052307,-0.23000000417232513,0.0,19.65,approach
227.18317503262296,72.81682496737704,-2.3824650700641814,302.3894977616601,4.510687013756833,0.006123945726286467,4.5116000387844855,0.037612591075875834,-0.35084765242277843,0.16082866345492475,-2.912532477359895,0.0010340632031381797,0.16492057776486072,0.6048258012533188,-0.17753033399581908,0.18496999989151955,0.39,3.5835751386245147,0.189830591754732,-0.9431631055223131,-0.5058066248893738,-0.9294381141662598,-0.23000000417232513,0.0,19.724999999999998,approach
227.5208926504384,72.47910734956159,-2.3797633071969813,302.36324890234755,4.492308870054888,0.003050801336290418,4.493253658873058,0.034443798149119534,-0.34911834326430524,0.16523021177107872,-2.9127684337322997,0.0009976267878407511,0.16533751008283015,0.6048433339595795,-0.17754889875650404,0.18496999989151955,0.39,3.5649253732057375,0.19041678544093057,-0.943693514144819,-0.5052222013473511,-0.929968535900116,-0.23000000417232513,0.0,19.8,approach
227.85722709665896,72.14277290334104,-2.3772994877474765,302.3371304245138,4.473747278102041,8.23516620518383e-06,4.474722583140608,0.031266126283400746,-0.34737086481450424,0.16944643863683514,-2.9129740431164803,0.0009587597087530832,0.16528506538576387,0.6048607647418975,-0.17755831986665727,0.18496999989151955,0.39,3.5463509042258874,0.19099673412129012,-0.9439627122533192,-0.5046411752700806,-0.9302377104759216,-0.23000000417232513,0.0,19.875,approach
228.19216481944156,71.80783518055844,-2.3750743453307837,302.3111436428212,4.455010275278106,-0.0030062276659284792,4.456014728428899,0.028078107019000438,-0.3456067745770012,0.1734674562121203,-2.913152394838262,0.0009176043431153761,0.16476916639167744,0.6048781043291092,-0.17755882889032362,0.18496999989151955,0.39,3.527852509683757,0.19157059104232604,-0.943977249000778,-0.5040631890296936,-0.9302522540092468,-0.23000000417232513,0.0,19.95,approach
228.5256928657206,71.4743071342794,-2.373088698609609,302.2852897450375,4.436106281688408,-0.005995699664164814,4.437138399864313,0.024878235349243837,-0.3438275573164746,0.17728438640786262,-2.913306365779524,0.0008743039456664102,0.16380348780479062,0.6048953509330749,-0.17755066990852356,0.18496999989151955,0.39,3.5094309349307142,0.19213850366460394,-0.9437441316611608,-0.503488302230835,-0.9300191402435303,-0.23000000417232513,0.0,20.025,approach
228.8577989174925,71.14220108250751,-2.3713435022875102,302.2595698147784,4.4170440630182455,-0.008963839230878151,4.41810226070335,0.02166502318281472,-0.34203463940553414,0.18088934632028808,-2.9134385815114276,0.0008290017244775685,0.16240913352777592,0.6049125027656556,-0.17753410160541533,0.18496999989151955,0.39,3.491086892385367,0.19270061452685144,-0.9432707814117084,-0.5029165744781494,-0.9295457601547241,-0.23000000417232513,0.0,20.099999999999998,approach
229.18847132033343,70.81152867966657,-2.3698398088700388,302.23398481524737,4.397832684645898,-0.011914750479248018,4.398915285018899,0.018437050908866957,-0.3402293802279794,0.1842754248318193,-2.9135513835012907,0.0007818408396496741,0.16061419015607778,0.604929565191269,-0.17750939935445786,0.18496999989151955,0.39,3.472821059537913,0.19325706228531248,-0.9425650000313773,-0.5023478269577026,-0.9288399815559387,-0.23000000417232513,0.0,20.175,approach
229.51769911450538,70.48230088549462,-2.368578768668138,302.2085356413472,4.378481467881752,-0.01485287789745654,4.379586712495774,0.015193016426095019,-0.33841306964023615,0.18743665338020063,-2.913646805762266,0.0007329639074864256,0.1584531666625464,0.6049465364217758,-0.17747684687376022,0.18496999989151955,0.39,3.454634077381661,0.1938079811699365,-0.941634925584938,-0.5017821192741394,-0.9279099106788635,-0.23000000417232513,0.0,20.25,approach
229.84547202458685,70.15452797541315,-2.367561634046118,302.1832230577793,4.35899995656805,-0.01778289701320125,4.360126022255161,0.011931781246421993,-0.33658692283515784,0.1903679684801364,-2.913726557643363,0.0006825123895555511,0.1559663319765457,0.6049634236097335,-0.17743674039840698,0.18496999989151955,0.39,3.4365265487022043,0.1943534991164116,-0.9404889913645746,-0.5012192130088806,-0.9267640113830566,-0.23000000417232513,0.0,20.325,approach
230.1717805087265,69.8282194912735,-2.3667897339323885,302.1580477772113,4.339397872585413,-0.020709604398772646,4.34054288210725,0.008652412347115942,-0.3347520884965469,0.19306516732977227,-2.91379201214827,0.0006306259707687356,0.15319896250003262,0.6049802196025849,-0.17738938033580778,0.18496999989151955,0.39,3.418499038647723,0.19489373900684034,-0.9391358931412163,-0.5006593465805054,-0.9254108667373657,-0.23000000417232513,0.0,20.4,approach
230.4966157456849,69.50338425431511,-2.366264452572497,302.1330104016438,4.3196850859604154,-0.02363780717308786,4.320847126362761,0.005354219791035362,-0.3329096463369626,0.19552485808105377,-2.91384420083287,0.0005774430458519267,0.15020051376923926,0.6049969315528869,-0.17733508378267288,0.18496999989151955,0.39,3.4005520720200426,0.19542881730324596,-0.9375845486238327,-0.5001022815704346,-0.9238595366477966,-0.23000000417232513,0.0,20.474999999999998,approach
230.81996966594068,69.18003033405932,-2.3659872252834244,302.1081114582462,4.299871574097988,-0.026572216005161256,4.301048708387422,0.0020367884917745476,-0.3310606147713771,0.19774440978845842,-2.9138838172496815,0.0005231006291615373,0.14702373013820905,0.6050135505199432,-0.17727416783571243,0.18496999989151955,0.39,3.382686133987331,0.1959588455111219,-0.9358440658813805,-0.4995483160018921,-0.9221190810203552,-0.23000000417232513,0.0,20.55,approach
231.14183493873617,68.85816506126383,-2.3659594789646508,302.0833514123615,4.279967398026077,-0.029517341419338566,4.28115768333219,-0.001299995191420278,-0.3292059496224791,0.19972189626226813,-2.9139112261780187,0.00046773306326733046,0.1437237098264792,0.6050300818681716,-0.17720695376396178,0.18496999989151955,0.39,3.3649016683732627,0.1964839300251797,-0.9339237044664025,-0.4989972710609436,-0.9201986789703369,-0.23000000417232513,0.0,20.625,approach
231.46220500576965,68.53779499423035,-2.36618268734024,302.05873064797834,4.259982669451973,-0.03247739625438588,4.261184172386861,-0.004655923855985931,-0.3273465281175291,0.2014560358071672,-2.9139264807860616,0.000411472831351577,0.14035694048477723,0.6050465300679206,-0.1771337753534317,0.18496999989151955,0.39,3.3471990783695107,0.19700417158385305,-0.9318328535300318,-0.4984489977359772,-0.9181078672409058,-0.23000000417232513,0.0,20.7,approach
231.7810740552864,68.21892594471359,-2.3666582519809825,302.0342494937677,4.239927522598571,-0.035456207418135405,4.241138331822915,-0.008030455523288925,-0.32548316840319974,0.20294613461832714,-2.913929344206822,0.0003544503392039101,0.1369803238426873,0.6050628852844239,-0.1770549601316452,0.18496999989151955,0.39,3.3295787246826696,0.1975196639347534,-0.9295809991066002,-0.49790382385253906,-0.9158560037612915,-0.23000000417232513,0.0,20.775,approach
232.09843695986288,67.90156304013712,-2.3673875447886785,302.00990823933853,4.219807708511571,-0.03845709337772285,4.221025948796766,-0.011422724680319699,-0.3236156590418447,0.20419191027561656,-2.913919314405933,0.00029667288115678376,0.13365021092858217,0.6050791475176811,-0.1769708439707756,0.18496999989151955,0.39,3.3120409269592472,0.19803049539535372,-0.9271776949609163,-0.4973617494106293,-0.913452684879303,-0.23000000417232513,0.0,20.849999999999998,approach
232.41428873465438,67.58571126534562,-2.3683718399512106,301.98570724266074,4.199625584543731,-0.04148277704989044,4.200849419610126,-0.014831506112171813,-0.32174305884432763,0.20519265572562526,-2.913895576749574,0.0002380914428089329,0.13042148918658944,0.6050953185558319,-0.17688161879777908,0.18496999989151955,0.39,3.2945859672075417,0.1985366319048655,-0.9246283955417154,-0.496822714805603,-0.9109033942222595,-0.23000000417232513,0.0,20.925,approach
232.7286249521379,67.27137504786211,-2.369612326735187,301.96164685517397,4.179391061102258,-0.0445354526462739,4.180618716374331,-0.018255196266660036,-0.31986611121724384,0.20594807093109213,-2.9138570062283318,0.00017895426830371323,0.12734662646918035,0.6051113885641098,-0.17678735971450804,0.18496999989151955,0.39,3.277214119594009,0.1990379497814972,-0.9219352820641038,-0.4962870478630066,-0.908210277557373,-0.23000000417232513,0.0,21.0,approach
233.0414419261598,66.95855807384021,-2.371110062765855,301.9377273795167,4.159114206633631,-0.04761667916838763,4.160343980433438,-0.021691870092106574,-0.31798553859814516,0.20645862429934073,-2.913802420004003,0.00011943227723157501,0.12447479011293483,0.6051273566484451,-0.17668838798999786,0.18496999989151955,0.39,3.259925627632416,0.19953452769085026,-0.919107524933235,-0.49575477838516235,-0.905382513999939,-0.23000000417232513,0.0,21.075,approach
233.35273673267866,66.64726326732134,-2.372865923040068,301.9139490662642,4.138805113172452,-0.05072733873722367,4.140035391239677,-0.025139293028983597,-0.3161020174230804,0.20672518775015677,-2.913730589350747,5.9642260304437106e-05,0.12185106661034009,0.6051432210206985,-0.17658503741025924,0.18496999989151955,0.39,3.2427206940612114,0.20002644324627722,-0.9161546480179562,-0.4952259659767151,-0.9024296402931213,-0.23000000417232513,0.0,21.15,approach
233.66250722013126,66.33749277986874,-2.3748806254220693,301.89031210741496,4.1184738298194565,-0.05386761911873167,4.119703091504424,-0.02859494829717038,-0.3142161780459291,0.20674886219384966,-2.9136401993836096,-3.083811343344775e-07,0.1195157512943256,0.6051589781045914,-0.17647764801979066,0.18496999989151955,0.39,3.2255994797026735,0.2005137701028438,-0.9130863489491701,-0.49470072984695435,-0.8993613719940186,-0.23000000417232513,0.0,21.224999999999998,approach
233.97075197573832,66.02924802426168,-2.377154692397832,301.8668166526613,4.09813034079645,-0.05703700985646827,4.0993571668019975,-0.03205606908531024,-0.31232860541812196,0.20653094587212856,-2.9135298887861123,-6.0305877554497615e-05,0.11750372127661539,0.6051746279001236,-0.17636655777692795,0.18496999989151955,0.39,3.2085621028927807,0.20099657814306277,-0.9099123436889446,-0.4941790699958801,-0.8961873650550842,-0.23000000417232513,0.0,21.3,approach
234.27747035920717,65.72252964079283,-2.37968841283677,301.8434628093951,4.077784559281856,-0.06023431073443783,4.079007636753071,-0.035519673616684046,-0.31043985279536296,0.20607293401895402,-2.9133983126752576,-0.00012023175058853509,0.1158439065604146,0.6051901605725288,-0.1762521067261696,0.18496999989151955,0.39,3.1916086413343923,0.20147493307033482,-0.9066423112171668,-0.4936613142490387,-0.8929173350334167,-0.23000000417232513,0.0,21.375,approach
234.58266248717626,65.41733751282374,-2.3824818632355775,301.8202506557259,4.057446325155912,-0.06345765203198403,4.05866444985666,-0.03898260406029942,-0.3085504395877375,0.20537650875620994,-2.9132441912782268,-0.00017996744096807773,0.11455886888621805,0.6052055788040162,-0.17613463073968888,0.18496999989151955,0.39,3.1747391302436054,0.20194889805359123,-0.9032858925394275,-0.4931473731994629,-0.889560878276825,-0.23000000417232513,0.0,21.45,approach
234.88632918396837,65.11367081603163,-2.3855348694708733,301.79718021769713,4.0371254043842315,-0.06670452788299411,4.038337483855208,-0.042441569657804275,-0.30666085044839725,0.2044435186626733,-2.9130663525795066,-0.00023939609079527392,0.11366449400263631,0.6052208772301674,-0.17601446986198424,0.18496999989151955,0.39,3.1579535632053055,0.20241853307875193,-0.8998526968325423,-0.49263742566108704,-0.8861277103424072,-0.23000000417232513,0.0,21.525,approach
235.18847204380305,64.81152795619695,-2.3888470025568918,301.7742514888,4.0168314800520175,-0.06997184140803593,4.018036529580516,-0.04589319201444985,-0.3047715462465591,0.20327596152292882,-2.912863767814894,-0.0002984029324817858,0.11316980156138544,0.6052360504865646,-0.1758919557929039,0.18496999989151955,0.39,3.1412518948817394,0.2028838955228937,-0.8963523016840826,-0.49213165044784546,-0.8826273083686829,-0.23000000417232513,0.0,21.599999999999998,approach
235.48909338932046,64.51090661067954,-2.3924175913882735,301.75146443976746,3.99657415100744,-0.07325595988531723,3.997771290544659,-0.04933405247799853,-0.30288296312224305,0.20187597133649815,-2.912635586755809,-0.0003568749782276223,0.11307687332964889,0.6052510976791382,-0.17576742440462112,0.18496999989151955,0.39,3.1246340375908326,0.20334504088558653,-0.8927942483261485,-0.49163007736206055,-0.8790692687034607,-0.23000000417232513,0.0,21.675,approach
235.7881962748397,64.21180372516031,-2.396263352291069,301.7288180195146,3.976361889364238,-0.0772391895536084,3.9775516384180363,-0.05342915311721321,-0.3010320074045137,0.2002182352835307,-2.915496749056323,-0.0004493291211918106,0.11338337414596061,0.6052660152316094,-0.17564120531082153,0.17457000012397766,0.39,3.1080998635873747,0.20380202238164535,-0.8891880373765207,-0.49113282561302185,-0.8754630088806152,-0.6299999952316284,0.0,21.675,pulse
236.08578363646373,63.91421636353627,-2.400439090585876,301.7063120360626,3.956173564248246,-0.08173490589597932,3.9573538311547574,-0.057957220258821135,-0.29909208733591225,0.1979669692618002,-2.929605389142913,-0.0006363217830327365,0.11407223793677436,0.6053399387001991,-0.17551602095365523,0.17457000012397766,0.39,3.091649204883817,0.20425930030310308,-0.8856113427228048,-0.4886687099933624,-0.8718863129615784,-0.6299999952316284,0.0,21.75,pulse
236.3818553063177,63.6181446936823,-2.4049629032069215,301.68395909594983,3.935973260616602,-0.08654622751846057,3.9371407998908676,-0.06277855750512448,-0.29695237794285556,0.19500432750062593,-2.94617417798441,-0.0007599081094034088,0.1151102818097859,0.6053977653384208,-0.17539537608623504,0.17457000012397766,0.39,3.075281899994495,0.20470168939843067,-0.8821643078198167,-0.48674115538597107,-0.8684393167495728,-0.6299999952316284,0.0,21.825,pulse
236.67641155278505,63.323588447214945,-2.409869501149835,301.6617713241194,3.9158110296132875,-0.09194624988881292,3.916965851332049,-0.06818736545713423,-0.29471824970482224,0.19172491878651687,-2.9605392664106187,-0.0007919838003787793,0.11646725908515206,0.605402290225029,-0.17526695400476455,0.17457000012397766,0.39,3.0589979581525264,0.20511551247464774,-0.8784951186828822,-0.48659032583236694,-0.8647701144218445,-0.6299999952316284,0.0,21.9,pulse
236.96945845727555,63.03054154272445,-2.4152042783038157,301.63975092688224,3.8957660623847525,-0.09794481717049959,3.8969100298861705,-0.07418469409344523,-0.29249907015205184,0.18838163030405689,-2.973534253550073,-0.0008056935771777162,0.11811046041007316,0.6054041105508804,-0.1751305419206619,0.17457000012397766,0.39,3.042797364596822,0.20551305024099667,-0.8745976326172232,-0.4865296483039856,-0.8608726263046265,-0.6299999952316284,0.0,21.974999999999998,pulse
237.26100653424348,62.73899346575652,-2.4210083544393757,301.61789545064266,3.875871893207455,-0.10446779681570677,3.877006814678068,-0.08069384689999445,-0.29031981242067895,0.1849622908272468,-2.985881568938961,-0.0008363988526647469,0.12000242150265339,0.6054128903150559,-0.17499404430389404,0.17457000012397766,0.39,3.026679784849845,0.20590736061177892,-0.8706976646892631,-0.4862369894981384,-0.8569726943969727,-0.6299999952316284,0.0,22.05,pulse
237.5510672784675,62.448932721532486,-2.427318349628367,301.5962019862218,3.856127203033162,-0.11146995238858128,3.8572544821108767,-0.08767312084605289,-0.28817840445637327,0.18139553554172522,-2.9975581647990466,-0.0008782659727796098,0.12209897951689418,0.605422825217247,-0.17486112654209135,0.17457000012397766,0.39,3.0106446406166087,0.20630151397120156,-0.8669000502961759,-0.48590582609176636,-0.8531750440597534,-0.6299999952316284,0.0,22.125,pulse
237.83965179357025,62.160348206429745,-2.4341685171465404,301.57466774484055,3.836527499273487,-0.11892123576709379,3.837648383675312,-0.09509643248226997,-0.28607420748025475,0.17765377752060305,-3.00849765778797,-0.0009204821229562975,0.12434878591990578,0.6054321691393852,-0.17473136097192762,0.17457000012397766,0.39,2.9946912996842867,0.20669534894811123,-0.8631924352944347,-0.48559436202049255,-0.8494674563407898,-0.6299999952316284,0.0,22.2,pulse
238.12677111858417,61.87322888141583,-2.44159115567274,301.55328990842827,3.8170755669332115,-0.12679069578958058,3.8181912854490125,-0.10293637735939225,-0.2840074249345374,0.1737416707746661,-3.018734409654087,-0.0009595750423205485,0.12669517478221967,0.6054415452480316,-0.17460385054349897,0.17457000012397766,0.39,2.978819151353636,0.20708887255241398,-0.8595493121657635,-0.4852818250656128,-0.8458243012428284,-0.6299999952316284,0.0,22.275,pulse
238.4124366841874,61.58756331581259,-2.449616447872625,301.53206570448447,3.797778249063275,-0.1350469819650696,3.7988899952158115,-0.11116523185512078,-0.2819769913789576,0.16966894527541454,-3.0283180193097383,-0.0009961425471696507,0.12907860427830148,0.6054512378573418,-0.17447847425937651,0.17457000012397766,0.39,2.9630275884778703,0.2074821937392964,-0.8559671285399822,-0.4849587380886078,-0.8422421216964722,-0.6299999952316284,0.0,22.349999999999998,pulse
238.69666045007386,61.303339549926136,-2.4582725921360473,301.510992471136,3.778642662918104,-0.14366061397114116,3.7797515347994657,-0.11975726531359193,-0.2799811700321141,0.16544123083036702,-3.0372840965391683,-0.0010311203133266224,0.13143841806903153,0.6054611665010452,-0.17435553461313247,0.17457000012397766,0.39,2.9473159823696924,0.20787526783094093,-0.852454551787922,-0.48462778329849243,-0.8387295603752136,-0.6299999952316284,0.0,22.425,pulse
238.9794548686506,61.020545131349394,-2.467585913049894,301.4900676799398,3.7596751283341354,-0.15260416537838278,3.7607820766388715,-0.1286887645865938,-0.2780182166385876,0.16106133488995683,-3.0456629148726173,-0.0010648002285789818,0.13371401295648128,0.6054712659120559,-0.17423536747694016,0.17457000012397766,0.39,2.9316836752459374,0.20826796626977434,-0.8490212282988199,-0.484291136264801,-0.8352962136268616,-0.6299999952316284,0.0,22.5,pulse
239.26083283058443,60.739167169415566,-2.4775810313564786,301.4692889358698,3.740881433220862,-0.16185199696918662,3.7419872243967274,-0.1379376612606007,-0.2760864999661176,0.15653175174411113,-3.0534846710376287,-0.0010970765610990964,0.1358458356560867,0.6054815253615379,-0.17411824196577072,0.17457000012397766,0.39,2.916129982224217,0.208660155598437,-0.8456747465670765,-0.4839491546154022,-0.831949770450592,-0.6299999952316284,0.0,22.575,pulse
239.5408076466454,60.45919235335461,-2.4882809659301586,301.44865394478165,3.7222671791630813,-0.17138021242729784,3.7233723598341553,-0.14748342302536782,-0.27418447955783143,0.15185574859142892,-3.0607791785292173,-0.00112776782898164,0.13777639413815415,0.6054919350147248,-0.17400437295436857,0.17457000012397766,0.39,2.9006541943178563,0.2090517119198393,-0.842421392025204,-0.4836021661758423,-0.8286963701248169,-0.6299999952316284,0.0,22.65,pulse
239.8193930139947,60.1806069860053,-2.4997072654960064,301.4281605426945,3.7038378966680607,-0.18116668573044103,3.7049427626828564,-0.1573070238740033,-0.2723106988486631,0.147037439648748,-3.067575208459834,-0.0011567423604452612,0.13945127082411268,0.605502482354641,-0.17389397531747816,0.17457000012397766,0.39,2.8852555794345034,0.20944251920349016,-0.8392671353865412,-0.48325058817863464,-0.825542151927948,-0.6299999952316284,0.0,22.724999999999998,pulse
240.0966030265448,59.90339697345519,-2.5118800851148975,301.4078066534821,3.6855990151176687,-0.1911910565349244,3.686703586610667,-0.16739088604288382,-0.2704637783954289,0.14208160454611582,-3.073900428913441,-0.0011839181010955715,0.14082008113765684,0.6055131548643112,-0.17378725558519362,0.17457000012397766,0.39,2.8699333842302917,0.20983246758100418,-0.8362179971586596,-0.4828948378562927,-0.8224930167198181,-0.6299999952316284,0.0,22.8,pulse
240.37245215679863,59.62754784320137,-2.5248183306512093,301.387590321433,3.6675557935142358,-0.2014347012363918,3.6686597886635073,-0.1777188041633116,-0.2686424040353651,0.13699358194340258,-3.079781453475676,-0.0012092329892841322,0.1418373438179642,0.6055239427089691,-0.17368442654609678,0.17457000012397766,0.39,2.8546868335400353,0.2102214538029881,-0.8332800177798246,-0.4825352430343628,-0.8195550441741943,-0.6299999952316284,0.0,22.875,pulse
240.64695524806385,59.35304475193615,-2.538539743754136,301.36750966892987,3.6497132761891837,-0.21188069456302713,3.650816094828701,-0.18827586751498945,-0.26684532744397804,0.13177926977795754,-3.0852438498936454,-0.0012326275250346453,0.14246324870165156,0.6055348306894303,-0.17358569473028182,0.17457000012397766,0.39,2.8395151313760754,0.21060937884125439,-0.8304591281167287,-0.48217231035232544,-0.8167341351509094,-0.6299999952316284,0.0,22.95,pulse
240.92012747556268,59.07987252443732,-2.5530609740882855,301.34756291597114,3.6320762594333935,-0.22251375964924267,3.633176972632743,-0.19904837947560494,-0.26507135147130223,0.12644516005177542,-3.090312139557006,-0.0012540429500932202,0.14266431390880438,0.6055458152294159,-0.17349126249551772,0.17457000012397766,0.39,2.8244174613564885,0.21099614922538126,-0.8277610698827645,-0.4818061590194702,-0.8140360713005066,-0.6299999952316284,0.0,23.025,pulse
241.19198434382534,58.80801565617466,-2.56839771105575,301.3277483932261,3.6146492634224248,-0.233320207493431,3.6157466103059885,-0.2100237737474918,-0.2633193337182355,0.12099836167834042,-3.0950098016576137,-0.001273424815337737,0.14241392545043907,0.6055568784475327,-0.17340132176876066,0.17457000012397766,0.39,2.8093929888440528,0.21138167469742208,-0.8251913564895272,-0.4814373850822449,-0.8114663362503052,-0.6299999952316284,0.0,23.099999999999998,pulse
241.46254165817237,58.53745834182763,-2.5845647220349703,301.3080644768934,3.5974365027537196,-0.24428786445434936,3.598528895419658,-0.22119052741769607,-0.26158818612841844,0.11544660113813324,-3.099359270440157,-0.0012907255746734973,0.14169275249457156,0.6055680131912231,-0.17331605821847915,0.17457000012397766,0.39,2.7944408610896065,0.21176586824940521,-0.8227552519634938,-0.4810662269592285,-0.8090302348136902,-0.6299999952316284,0.0,23.175,pulse
241.7318155143337,58.268184485666296,-2.601575962856415,301.288509640799,3.58044185444383,-0.2554059886794324,3.5815273906142147,-0.23253807298249793,-0.2598768477956247,0.10979820873415541,-3.103381933615826,-0.001305905426893182,0.1404890311410818,0.6055792194604873,-0.1732356470823288,0.17457000012397766,0.39,2.7795602088005196,0.2121486480286089,-0.8204577451025471,-0.48069268465042114,-0.8067327737808228,-0.6299999952316284,0.0,23.25,pulse
241.99982224400998,58.00017775599002,-2.6194446117895023,301.2690824531528,3.56366882817508,-0.2666651786706821,3.564745312749569,-0.24405670923825887,-0.2581842891024013,0.10406209428824742,-3.107098131619447,-0.0013189329631069309,0.1387987154275293,0.6055904838442803,-0.17316024899482726,0.17457000012397766,0.39,2.764750146711646,0.21252993251150437,-0.8183035185859701,-0.48031720519065857,-0.8045785427093506,-0.6299999952316284,0.0,23.325,pulse
242.26657841486224,57.73342158513776,-2.6381831630229833,301.24978153422717,3.5471205354692246,-0.27805727304986594,3.5481855093143397,-0.25573751120090293,-0.25650951964660307,0.09824771341826842,-3.1105271532721224,-0.0013297849237445985,0.13662549421049405,0.6056017982959747,-0.17309001624584197,0.17457000012397766,0.39,2.7500097765794513,0.212909641097704,-0.8162969175218424,-0.4799400568008423,-0.8025718927383423,-0.6299999952316284,0.0,23.4,pulse
242.5321008019933,57.467899198006705,-2.657803473402016,301.2306055791155,3.530799659651949,-0.28957524250826305,3.531850435172525,-0.267572241233901,-0.25485157341206277,0.09236502914603872,-3.113687237222737,-0.0013384452845356762,0.1339806734133509,0.6056131601333619,-0.17302509278059006,0.17457000012397766,0.39,2.735338187182577,0.21328769633077732,-0.8144419181341367,-0.47956132888793945,-0.8007169365882874,-0.6299999952316284,0.0,23.474999999999998,pulse
242.79640633091742,57.20359366908258,-2.678316787916587,301.2115533708179,3.5147084326544054,-0.3012130771147847,3.515742136953953,-0.27955326174653855,-0.2532095141604337,0.08642446714038692,-3.1165955783286314,-0.001344906585589166,0.13088292877228952,0.6056245568394661,-0.17296559751033783,0.17457000012397766,0.39,2.7207344558903688,0.21366402143598284,-0.8127420943306517,-0.4791814386844635,-0.799017071723938,-0.6299999952316284,0.0,23.55,pulse
243.05951208792126,56.94048791207874,-2.6997338119374845,301.1926237573807,3.4988486115465958,-0.3129656679575016,3.4998622351795983,-0.29167344995399563,-0.2515824194054708,0.08043685695309911,-3.119268333559794,-0.0013491700867528137,0.1273579351319288,0.6056359928846359,-0.1729116451740265,0.17457000012397766,0.39,2.706197651799542,0.21403854057471475,-0.8112005940260418,-0.4788002371788025,-0.7974755764007568,-0.6299999952316284,0.0,23.625,pulse
243.32143524162248,56.67856475837752,-2.722047179386576,301.1738167551066,3.483224640968328,-0.32415264760609647,3.484213720036451,-0.30326429213203254,-0.24992799262656137,0.0744407672172309,-3.1186073444167453,-0.0013169026776737591,0.1234353507891898,0.6056474494934082,-0.17286332964897155,0.18496999989151955,0.39,2.6917268351643306,0.21441117760723502,-0.8098201165557708,-0.47841835021972656,-0.7960951328277588,-0.23000000417232513,0.0,23.7,recovery
243.582194224559,56.417805775440996,-2.7452116775155324,301.155131674132,3.4678714040810115,-0.3349737993971589,3.4688337479384646,-0.3145474703775249,-0.24837785428292816,0.06878391954593947,-3.1064901265570444,-0.0011879215873512256,0.11915805961048666,0.6056001460552215,-0.17281843334436417,0.18496999989151955,0.39,2.6773210617107637,0.21477685646198935,-0.8085373846129119,-0.47999513149261475,-0.7948123812675476,-0.23000000417232513,0.0,23.775,recovery
243.84181113586158,56.158188864138424,-2.769217718501234,301.1365548275767,3.452828954190353,-0.3455927353428786,3.453763441738782,-0.32563970402403547,-0.2470392519681081,0.06359848753171407,-3.091708934480773,-0.001118779783185901,0.11458447310303252,0.6055690315365791,-0.17277400225400924,0.18496999989151955,0.39,2.662979317649255,0.21515139228999114,-0.807267929606459,-0.48103228211402893,-0.7935429215431213,-0.23000000417232513,0.0,23.849999999999998,recovery
244.10030806366444,55.89969193633556,-2.794037736541829,301.1180733518531,3.438054798862797,-0.35571839632018437,3.4389580800336637,-0.3362343118119158,-0.24580449498547394,0.05850814763074888,-3.0789160072087527,-0.0011372080166575484,0.10976960726706687,0.6055904176831245,-0.17274243861436844,0.18496999989151955,0.39,2.6487003875276134,0.21554806540887275,-0.8063661262291116,-0.48031941056251526,-0.7926411032676697,-0.23000000417232513,0.0,23.925,recovery
244.3577020763481,55.64229792365191,-2.8196327989221204,301.099684256425,3.4234793236945356,-0.3653357139762793,3.424347211247144,-0.3463230620304687,-0.24456588300694546,0.05327711943456652,-3.0672888768170643,-0.0011706868750655098,0.10476838733030756,0.6056142750382424,-0.17272424101829528,0.18496999989151955,0.39,2.6344830564984556,0.21595433884266305,-0.8058461583976565,-0.479524165391922,-0.792121171951294,-0.23000000417232513,0.0,24.0,recovery
244.61400650659667,55.38599349340333,-2.845967703235916,301.08138912932964,3.4090772613056552,-0.37451266014340984,3.409906189809378,-0.3559747392468629,-0.24329906474321145,0.04793223896302505,-3.0561221963593095,-0.0011841572235134596,0.0996375696858239,0.6056311336159707,-0.17271192640066146,0.18496999989151955,0.39,2.620326385800855,0.21635737826808324,-0.8054943116438114,-0.4789622128009796,-0.7917693257331848,-0.23000000417232513,0.0,24.075,recovery
244.86923433154763,55.13076566845237,-2.873011109477688,301.0631900174467,3.394856793252181,-0.3832866531024132,3.395644082662182,-0.3652226912784852,-0.2420058155638588,0.04255906187238298,-3.0454502463488873,-0.0011833104762261329,0.09443791853282545,0.6056467127799988,-0.17270218193531037,0.18496999989151955,0.39,2.6062296421371833,0.21675421388929628,-0.8052159336154988,-0.478442907333374,-0.791490912437439,-0.23000000417232513,0.0,24.15,recovery
245.12339943539848,54.87660056460152,-2.9007334411209857,301.0450888700211,3.3808286437285435,-0.3916801440689413,3.381572340413658,-0.37408514176660845,-0.24068652105134922,0.037199913545744374,-3.0353482068133832,-0.0011787919751918895,0.08923461891145698,0.6056627121567726,-0.17269572108983994,0.18496999989151955,0.39,2.5921921117648803,0.21714499734426246,-0.8050313024397531,-0.4779095947742462,-0.7913063168525696,-0.23000000417232513,0.0,24.224999999999998,recovery
245.37651626728137,54.623483732718626,-2.9291065324050654,301.0270876655941,3.366995806293859,-0.3997168869918313,3.367694594702876,-0.3825820986862859,-0.23934086079501224,0.03186513142720881,-3.0257909953569633,-0.001174026102612708,0.08409519867345396,0.6056785041093826,-0.17269368708133698,0.18496999989151955,0.39,2.5782130310530835,0.21752971642552837,-0.8049731966258438,-0.47738319635391235,-0.7912482023239136,-0.23000000417232513,0.0,24.3,recovery
245.62859934355868,54.371400656441324,-2.958103734508213,301.0091883404016,3.353356657303011,-0.40742118210057926,3.354009866183904,-0.39073420858768204,-0.23796976272909992,0.026559823919228422,-3.01673831516013,-0.0011684190086501374,0.07908693635137395,0.6056938141584396,-0.17269645333290098,0.18496999989151955,0.39,2.5642916052995246,0.21790827332757903,-0.8050522531995598,-0.47687286138534546,-0.7913272380828857,-0.23000000417232513,0.0,24.375,recovery
245.87966306637097,54.120336933629034,-2.987699928275254,300.991392762342,3.339908689157673,-0.41481557825763365,3.3405163169809553,-0.3985604474296348,-0.2365747860334944,0.021292957862824115,-3.008163295807488,-0.0011610346996537618,0.07427502408145918,0.6057087075710297,-0.17270395100116728,0.18496999989151955,0.39,2.550427036104273,0.21828072131544463,-0.8052664592160382,-0.47637641429901123,-0.7915414571762085,-0.23000000417232513,0.0,24.45,recovery
246.1297217055125,53.87027829448749,-3.0178713372547987,300.97370264962046,3.3266496005688797,-0.42192073663516266,3.3272123194570153,-0.4060781187744423,-0.23515748675249837,0.016076120472441186,-3.000043904024474,-0.0011515749972623825,0.06972138075533217,0.6057232451438904,-0.17271605283021926,0.18496999989151955,0.39,2.536618531349597,0.21864719145375927,-0.8056122272073836,-0.4758918285369873,-0.7918872237205505,-0.23000000417232513,0.0,24.525,recovery
246.3787893984432,53.62121060155681,-3.048595417222427,300.9561196293321,3.31357706512239,-0.42875572159743847,3.314096205156339,-0.41330322964607435,-0.23371929514341383,0.010921025555698285,-2.992357832635181,-0.0011401431281103955,0.06548368690375585,0.6057374367117881,-0.17273268580436707,0.18496999989151955,0.39,2.522865306196812,0.21900781892168592,-0.8060874443665926,-0.4754187762737274,-0.7923624515533447,-0.23000000417232513,0.0,24.599999999999998,recovery
246.62688016844012,53.373119831559876,-3.079850796695156,300.9386452114095,3.3006884044809452,-0.4353380603948107,3.3011659249445113,-0.420250598066091,-0.23226154376828934,0.005838416201813035,-2.985082838921802,-0.0011269260339968053,0.06161445797146962,0.6057512849569321,-0.17275380194187162,0.18496999989151955,0.39,2.5091665830856247,0.2193627265372473,-0.8066907682929862,-0.4749571681022644,-0.7929657697677612,-0.23000000417232513,0.0,24.675,recovery
246.87400785202922,53.12599214797078,-3.1116171706958005,300.9212808244506,3.2879804843722242,-0.441683734889737,3.2884189295517987,-0.426933883851735,-0.23078548406990118,0.0008379734561861066,-2.978197403465127,-0.0011120674282740265,0.058160167426940884,0.6057647961378098,-0.17277934908866882,0.18496999989151955,0.39,2.4955215907357933,0.2197120289099099,-0.8074206658131455,-0.47450679540634155,-0.7936956882476807,-0.23000000417232513,0.0,24.75,recovery
247.12018607307306,52.87981392692694,-3.143875211518865,300.9040277798895,3.2754497632818804,-0.4478072086941082,3.2758522109067676,-0.43336565085160195,-0.229292292306916,-0.004071506252814731,-2.9716808085524455,-0.0010956670856278549,0.05516047152770775,0.6057779800891876,-0.17280925214290618,0.18496999989151955,0.39,2.481929568138393,0.22005583335486997,-0.8082750510903794,-0.4740673303604126,-0.7945500612258911,-0.23000000417232513,0.0,24.825,recovery
247.36542822722723,52.63457177277277,-3.17660648799579,300.8868873436145,3.2630923714427382,-0.45372147852074063,3.263462375249848,-0.43955744593185436,-0.2277830778882647,-0.008882009774557843,-2.9655131118337565,-0.0010778104943774344,0.05264756632600983,0.605790843963623,-0.17284342139959336,0.18496999989151955,0.39,2.468389765980982,0.22039424168014568,-0.8092513314721542,-0.47363853454589844,-0.7955263257026672,-0.23000000417232513,0.0,24.9,recovery
247.60974743269279,52.390252567307215,-3.2097934314967014,300.8698606676062,3.250904164979472,-0.45943813481079276,3.251245685110356,-0.4455198780285755,-0.22625889197102053,-0.013586305783226168,-2.9596751550108356,-0.0010585851884102274,0.05064568694284388,0.6058033958077431,-0.17288175463676453,0.18496999989151955,0.39,2.4549014475025026,0.22072734903815708,-0.8103465449289905,-0.4732201397418976,-0.796621561050415,-0.23000000417232513,0.0,24.974999999999998,recovery
247.85315652504806,52.146843474951936,-3.243419191460161,300.8529488289955,3.238880771463246,-0.4649674328627365,3.2391981010432658,-0.45126270071843416,-0.22472072989893055,-0.01817797612699086,-2.9541485795667612,-0.001038083146404942,0.04917075175401902,0.6058156454563141,-0.17292413502931595,0.18496999989151955,0.39,2.441463891201897,0.22105524700833676,-0.8115574441543957,-0.47281181812286377,-0.7978324294090271,-0.23000000417232513,0.0,25.05,recovery
248.0956680261408,51.9043319738592,-3.2774676523862034,300.8361528561236,3.227017625346959,-0.4703183745429237,3.2273153116324496,-0.45679489611415375,-0.2231695449393566,-0.022651436531972154,-2.948915837021099,-0.0010163969482059562,0.0482301536728714,0.6058275955915451,-0.1729704436659813,0.18496999989151955,0.39,2.4280763911223566,0.221378022718006,-0.8128805466336995,-0.47241348028182983,-0.7991555333137512,-0.23000000417232513,0.0,25.125,recovery
248.33729411040187,51.66270588959813,-3.3119233276049433,300.81947367643534,3.215310000750711,-0.47549879826574853,3.2155927597814853,-0.4621247592908933,-0.22160624618274202,-0.027001931925912163,-2.943960199360501,-0.0009936167576839487,0.04782269906732984,0.6058392596244812,-0.17302055120468138,0.18496999989151955,0.39,2.414738258562256,0.2216957597090151,-0.8143121606811151,-0.47202467918395996,-0.8005871772766113,-0.23000000417232513,0.0,25.2,recovery
248.5780466152153,51.4219533847847,-3.346771346530387,300.8029121718214,3.203753053394177,-0.4805154794285031,3.204025687220495,-0.4672599849551079,-0.2200317226701707,-0.03122551844432273,-2.9392657741756225,-0.0009698300946898256,0.04793869423469394,0.605850630402565,-0.17307431995868683,0.18496999989151955,0.39,2.4014488239278973,0.22200853924886893,-0.8158484103381818,-0.47164565324783325,-0.8021234273910522,-0.23000000417232513,0.0,25.275,recovery
248.81793702019027,51.18206297980973,-3.3819973696759966,300.7864691493178,3.1923418499911564,-0.4853742340768981,3.192609158317889,-0.47220775016025074,-0.2184468332228876,-0.03531903779835724,-2.93481751145146,-0.0009451215645072799,0.048560176159578264,0.6058617275953293,-0.1731316101551056,0.18496999989151955,0.39,2.3882074361631584,0.2223164415657788,-0.8174852774203981,-0.4712757468223572,-0.803760290145874,-0.23000000417232513,0.0,25.349999999999998,recovery
249.05697641605357,50.94302358394643,-3.4175876056477286,300.7701453606646,3.181071402149521,-0.49008003047027066,3.1813380971026453,-0.4769747980960214,-0.21685241137876055,-0.03928008323738271,-2.9306012145587417,-0.0009195724120101466,0.04966128150331745,0.6058725476264953,-0.17319227784872054,0.18496999989151955,0.39,2.3750134638895353,0.22261954550721305,-0.8192186292306357,-0.4709150791168213,-0.8054936528205872,-0.23000000417232513,0.0,25.425,recovery
249.2951755228019,50.70482447719809,-3.453528743160277,300.7539414859807,3.1699366979087635,-0.4946371037082556,3.170207323048877,-0.48156751814947,-0.21524927407521371,-0.04310695823464423,-2.9266035413199067,-0.00089326081503144,0.051208747752313835,0.6058831012248993,-0.17325617283582687,0.18496999989151955,0.39,2.3618662971170536,0.2229179285455124,-0.8210442498564876,-0.47056329250335693,-0.8073192238807678,-0.23000000417232513,0.0,25.5,recovery
249.5325446508217,50.467455349178294,-3.4898079340364,300.73785814357143,3.1589327226296593,-0.49904907155020045,3.159211571898499,-0.48599202121467144,-0.21363821595791782,-0.04679863023705344,-2.922812002886792,-0.0008662611410336267,0.05316253441156158,0.6058933937549591,-0.17332315117120742,0.18496999989151955,0.39,2.348765346245895,0.22321166830960454,-0.8229578732929316,-0.4702202081680298,-0.8092328906059265,-0.23000000417232513,0.0,25.575,recovery
249.76909373717854,50.23090626282146,-3.5264127974599875,300.72189590292965,3.148054485002537,-0.5033190518873066,3.148345529660117,-0.49025421218807524,-0.21202001082086536,-0.05035467550382646,-2.919214959102544,-0.0008386444661050772,0.05547655363881842,0.6059034341573715,-0.17339305639266966,0.18496999989151955,0.39,2.335710044204806,0.22350084160780725,-0.8249552007069203,-0.46988552808761597,-0.8112301826477051,-0.23000000417232513,0.0,25.65,recovery
