forward_ft,position_error_ft,cross_track_ft,altitude_ft,forward_speed_fps,lateral_speed_fps,mission_ground_forward_speed_fps,mission_ground_cross_speed_fps,vertical_speed_fps,pitch_deg,roll_deg,pitch_rate_rad_s,heading_error_deg,physical_collective_cmd,physical_elevator_cmd,physical_aileron_cmd,physical_rudder_cmd,v_des_fps,collective_correction,elevator_residual,action0,action1,action2,action3,time_s,phase
81.43138133366114,218.56861866633886,-3.4790021891196705,298.64772025813954,10.240412675543915,-0.15537715888232626,10.244839355046846,-0.1813874942099811,0.24559344554517176,-0.8180603155243122,-2.7308913024887103,0.005994379179969323,-0.03994950024188894,0.6121894118189811,-0.1795196256041527,0.18496999989151955,0.39,9.0,0.2337422440384529,-1.0,-0.2603529393672943,-0.9862750172615051,-0.23000000417232513,0.0,0.075,baseline
82.20021522222757,217.79978477777243,-3.492496095062013,298.6672271254738,10.257681160000592,-0.1511914232491661,10.262257664222368,-0.17861549613401909,0.2754540953476483,-0.7802832577877392,-2.736115967902208,0.011709557808101222,-0.0413692639948841,0.612115119099617,-0.1795196256041527,0.18496999989151955,0.39,9.0,0.23109717879039307,-1.0,-0.26282936334609985,-0.9862750172615051,-0.23000000417232513,0.0,0.15,baseline
82.97042664403968,217.02957335596034,-3.505803369203358,298.6891109366784,10.27718373727874,-0.1475581614618762,10.281777514024952,-0.1763599126083122,0.3083545688655555,-0.7245501412477472,-2.7464493183039855,0.013858090076235445,-0.042372722967800945,0.6120204496383667,-0.1795196256041527,0.18496999989151955,0.39,9.0,0.2269286947940682,-1.0,-0.26598501205444336,-0.9862750172615051,-0.23000000417232513,0.0,0.22499999999999998,baseline
83.74212295478678,216.2578770452132,-3.5189552117285157,298.7134990362829,10.297087361167353,-0.14456703471942525,10.301626268224616,-0.17446285983825474,0.34202859451394096,-0.6649576561853687,-2.7573512414009,0.01358504622421669,-0.041704986780008065,0.6119174206256867,-0.1795196256041527,0.18496999989151955,0.39,9.0,0.22232412363578163,-1.0,-0.2694193124771118,-0.9862750172615051,-0.23000000417232513,0.0,0.3,baseline
84.51524023958657,215.48475976041343,-3.5319774247386144,298.74041230269177,10.31519315788661,-0.14229564633165173,10.31964457459717,-0.1728976873169923,0.3755871865975965,-0.6079679264499567,-2.7665148878194157,0.012771417902562792,-0.038844586884734834,0.6118009018898011,-0.1795196256041527,0.18496999989151955,0.39,9.0,0.2175515975698406,-1.0,-0.2733032703399658,-0.9862750172615051,-0.23000000417232513,0.0,0.375,baseline
85.28960423858089,214.7103957614191,-3.544893248813813,298.7698223138477,10.330722176631095,-0.1407208503684932,10.335056157566717,-0.1716140644561449,0.4085502153070179,-0.5539923875370293,-2.774131568801243,0.012202739464867192,-0.033763802860463966,0.6116815426945686,-0.1795196256041527,0.18496999989151955,0.39,9.0,0.21271716852753542,-1.0,-0.27728191018104553,-0.9862750172615051,-0.23000000417232513,0.0,0.44999999999999996,baseline
86.06501997854909,213.9349800214509,-3.557721235504661,298.8016738693118,10.343765086322481,-0.13976478481029375,10.347943208032879,-0.1705447230185284,0.4406686840511218,-0.5018049527350413,-2.780859219458393,0.011893456787047004,-0.026627688339633106,0.6115637508034706,-0.1795196256041527,0.18496999989151955,0.39,9.0,0.20787930474772606,-1.0,-0.2812083065509796,-0.9862750172615051,-0.23000000417232513,0.0,0.525,baseline
86.84130797487613,213.15869202512386,-3.570475302276704,298.83589921413113,10.354575341401755,-0.13934474024567017,10.358554936015052,-0.16963481385033302,0.47184310678990493,-0.45062716772637834,-2.7869829538337143,0.011675936486132361,-0.017646365395509275,0.6114463102817536,-0.1795196256041527,0.18496999989151955,0.39,9.0,0.20306954183451142,-1.0,-0.28512299060821533,-0.9862750172615051,-0.23000000417232513,0.0,0.6,baseline
87.61830420810546,212.38169579189454,-3.583165811781454,298.8724263727531,10.363301289910837,-0.13938256543638938,10.367041176481685,-0.16884357280872245,0.5020496927904025,-0.4002977378180083,-2.7925245066080184,0.01145344970067962,-0.007042847542743953,0.6113280346989631,-0.1795196256041527,0.18496999989151955,0.39,9.0,0.19830185076127746,-1.0,-0.28906551003456116,-0.9862750172615051,-0.23000000417232513,0.0,0.6749999999999999,baseline
88.39585202078968,211.60414797921032,-3.5958003655543314,298.9111828099144,10.369996032331926,-0.13980022919952279,10.373458922574454,-0.1681370956615361,0.5312915708664795,-0.3509008275975944,-2.7974567039443308,0.011209488139200897,0.0049413126598179214,0.6112088704109192,-0.1795196256041527,0.18496999989151955,0.39,9.0,0.19358124568255794,-1.0,-0.29303765296936035,-0.9862750172615051,-0.23000000417232513,0.0,0.75,baseline
89.1737975811886,210.82620241881142,-3.6083841561950316,298.9520964621993,10.374683099053,-0.14051793282275615,10.377835546433662,-0.1674847438873515,0.5595767947207467,-0.3025202488573897,-2.801779841070258,0.010956554581329311,0.018041846073842117,0.6110890918970108,-0.1795196256041527,0.18496999989151955,0.39,9.0,0.18890952719859022,-1.0,-0.2970302700996399,-0.9862750172615051,-0.23000000417232513,0.0,0.825,baseline
89.95198918077521,210.04801081922477,-3.6209201627497682,298.99509585194255,10.377390989658895,-0.14145515874149273,10.380202668869863,-0.16685870572733696,0.5869122223227972,-0.2551848824649136,-2.8055192690098028,0.010705411629332764,0.031975416814994634,0.610968878865242,-0.1795196256041527,0.18496999989151955,0.39,9.0,0.18428789076753205,-1.0,-0.30103737115859985,-0.9862750172615051,-0.23000000417232513,0.0,0.8999999999999999,baseline
90.73027783039866,209.26972216960132,-3.6334094397157677,299.0401099505498,10.378157768334356,-0.14253231440451267,10.380600947466364,-0.16623431830163132,0.613303345860529,-0.20889307296843354,-2.808709674137303,0.010459323435711185,0.046446667953392674,0.6108483019471168,-0.1795196256041527,0.18496999989151955,0.39,9.0,0.17971765776298781,-1.0,-0.3050566017627716,-0.9862750172615051,-0.23000000417232513,0.0,0.975,baseline
91.50851778906532,208.4914822109347,-3.645851278565166,299.0870681329552,10.377025872956708,-0.1436721312393582,10.3790751594523,-0.1655902819252517,0.6387551084656365,-0.1636383876415226,-2.811386638747092,0.010217741609167764,0.06115512460678756,0.6107274049520492,-0.1795196256041527,0.18496999989151955,0.39,9.0,0.17520029998024322,-1.0,-0.30908650159835815,-0.9862750172615051,-0.23000000417232513,0.0,1.05,baseline
92.28656667796044,207.71343332203958,-3.65824350944416,299.1359001255305,10.37403816538609,-0.14480080660715713,10.37567037225847,-0.16490870278872005,0.6632723369693877,-0.11941837380214503,-2.8135849923960397,0.00997967016333011,0.07580110199612133,0.6106062316894532,-0.1795196256041527,0.18496999989151955,0.39,9.0,0.17073734299546733,-1.0,-0.3131256103515625,-0.9862750172615051,-0.23000000417232513,0.0,1.125,baseline
93.06428548301245,206.93571451698756,-3.6705827561197877,299.18653601261894,10.369236869779643,-0.14584899814039776,10.370430898967808,-0.16417503844252504,0.6868598415590483,-0.07623348186013333,-2.815339651940538,0.00974472052027996,0.0900909605960806,0.610484824180603,-0.1795196256041527,0.18496999989151955,0.39,9.0,0.1663303157977586,-1.0,-0.3171725273132324,-0.9862750172615051,-0.23000000417232513,0.0,1.2,baseline
93.84153848487942,206.15846151512056,-3.6828646696732426,299.2389062430334,10.36266383782674,-0.14675272941556994,10.36340056124406,-0.16337799958854907,0.7095224771324595,-0.03408432047000739,-2.816686358009867,0.009512943209792608,0.1037420670231228,0.6103632414340973,-0.1795196256041527,0.18496999989151955,0.39,9.0,0.16198073863434587,-1.0,-0.32122528553009033,-0.9862750172615051,-0.23000000417232513,0.0,1.275,baseline
94.61819324336909,205.3818067566309,-3.695084174946455,299.29294165283636,10.354360897028158,-0.14745421776910034,10.354623050291973,-0.16250942862115922,0.7312652343073112,0.007029791547530039,-2.817661727693699,0.009284495076599264,0.11648754423300121,0.6102415370941162,-0.1795196256041527,0.18496999989151955,0.39,9.0,0.1576901154531029,-1.0,-0.32528209686279297,-0.9862750172615051,-0.23000000417232513,0.0,1.3499999999999999,baseline
95.39412059741534,204.60587940258466,-3.7072356872466177,299.3485734360529,10.344369939016017,-0.14790260554670406,10.3441420416498,-0.1615641532076499,0.7520933317431739,0.047111154821225895,-2.8183029087191476,0.00905949006806385,0.12808073215092267,0.6101197665929794,-0.1795196256041527,0.18496999989151955,0.39,9.0,0.1534599222980318,-1.0,-0.3293411135673523,-0.9862750172615051,-0.23000000417232513,0.0,1.425,baseline
96.16919465468263,203.83080534531737,-3.7193133587933356,299.4057331967374,10.33273283770683,-0.1480545709629756,10.332001143751892,-0.16053981018652264,0.7720123109554728,0.08616366535216247,-2.8186471554200994,0.008837989695056368,0.13829924889215212,0.6099979943037033,-0.1795196256041527,0.18496999989151955,0.39,9.0,0.14929159710923207,-1.0,-0.3334001898765564,-0.9862750172615051,-0.23000000417232513,0.0,1.5,baseline
96.94329278117874,203.05670721882126,-3.731311248681825,299.4643529717682,10.319491326890954,-0.14787480491623942,10.31824380355829,-0.1594366382099417,0.7910280840128721,0.12419282270157474,-2.8187314423700665,0.008620030544951173,0.14694856939099957,0.6098762720823288,-0.1795196256041527,0.18496999989151955,0.39,9.0,0.14518652678322122,-1.0,-0.3374575972557068,-0.9862750172615051,-0.23000000417232513,0.0,1.575,baseline
97.71629560641645,202.28370439358355,-3.7432235310897886,299.5243652601016,10.304686890709826,-0.14733634329172401,10.302913220518693,-0.15825724136847033,0.8091469711578003,0.1612058135206274,-2.8185921078149945,0.008405641143442784,0.1538650630848071,0.6097546651959419,-0.1795196256041527,0.18496999989151955,0.39,9.0,0.14114604076540874,-1.0,-0.34151116013526917,-0.9862750172615051,-0.23000000417232513,0.0,1.65,baseline
98.48808696636938,201.5119130336306,-3.7550446482390845,299.58570303256283,10.288360669784344,-0.1464207513352042,10.286052271040818,-0.1570063290837448,0.82637573280611,0.1972116061458307,-2.8182645115008853,0.008194844602213806,0.15891844686807188,0.6096332353353501,-0.1795196256041527,0.18496999989151955,0.39,9.0,0.13717140565801583,-1.0,-0.3455588221549988,-0.9862750172615051,-0.23000000417232513,0.0,1.7249999999999999,baseline
99.25855390604522,200.74144609395478,-3.766769484609451,299.64829981320736,10.270553374129076,-0.14511815928104635,10.267703434254186,-0.1556904360255345,0.8427215764419355,0.2322210108688198,-2.8177826957056267,0.007987655936399555,0.16201362176875736,0.6095120415091515,-0.1795196256041527,0.18496999989151955,0.39,9.0,0.1332638210863818,-1.0,-0.34959861636161804,-0.9862750172615051,-0.23000000417232513,0.0,1.7999999999999998,baseline
100.02758663541034,199.97241336458967,-3.7783934476667502,299.71208965650294,10.251305198385563,-0.14342714879524598,10.247908714032599,-0.15431762711310634,0.8581921772434981,0.26624669482476926,-2.8171790575784086,0.007784079594938935,0.16309186891478986,0.6093911534547806,-0.1795196256041527,0.18496999989151955,0.39,9.0,0.12942441643074698,-1.0,-0.3536282181739807,-0.9862750172615051,-0.23000000417232513,0.0,1.875,baseline
100.795078495675,199.204921504325,-3.789912620827183,299.77700722547434,10.23065574060967,-0.1413544961824378,10.226709558354138,-0.15289719242450955,0.8727956749940955,0.2993031558463965,-2.816484045013418,0.007584108547808042,0.16213139272147678,0.609270626604557,-0.1795196256041527,0.18496999989151955,0.39,9.0,0.12565424903569206,-1.0,-0.35764577984809875,-0.9862750172615051,-0.23000000417232513,0.0,1.95,baseline
101.56092591263021,198.4390740873698,-3.80132380594328,299.8429878111983,10.20864392674654,-0.13891477705971533,10.204146778126884,-0.15143933628307246,0.8865406788333159,0.33140666173573935,-2.8157258790344546,0.007387724272559809,0.15914721064806162,0.6091505306959152,-0.1795196256041527,0.18496999989151955,0.39,9.0,0.12195430223647848,-1.0,-0.3616489768028259,-0.9862750172615051,-0.23000000417232513,0.0,2.025,baseline
102.32502832924324,197.67497167075675,-3.8126245997804844,299.909967358853,10.185307942852699,-0.13612984315937998,10.180260468097401,-0.14995486641339487,0.899436267869868,0.36257515815108926,-2.8149303152278238,0.007194897022092735,0.15419039965816442,0.6090309256315232,-0.1795196256041527,0.18496999989151955,0.39,9.0,0.1183254842040523,-1.0,-0.36563581228256226,-0.9862750172615051,-0.23000000417232513,0.0,2.1,baseline
103.08728818232514,196.91271181767485,-3.8238134237583603,299.97788251977045,10.1606851760552,-0.1330281827127921,10.155089931766152,-0.1484548871170089,0.9114919798735638,0.3928281478385948,-2.814120442634558,0.007005586247872269,0.14734672293794707,0.6089118739962578,-0.1795196256041527,0.18496999989151955,0.39,9.0,0.11476862709002555,-1.0,-0.3696042001247406,-0.9862750172615051,-0.23000000417232513,0.0,2.175,baseline
103.84761080921287,196.15238919078712,-3.8348895281895086,300.0466706774837,10.134812164551363,-0.12964417784485877,10.128673611685509,-0.14695050190873074,0.9227178033263329,0.4221865435005343,-2.8133165268259024,0.006819741091622498,0.13873466880095528,0.6087934365868568,-0.1795196256041527,0.18496999989151955,0.39,9.0,0.11128448682205895,-1.0,-0.3735521137714386,-0.9862750172615051,-0.23000000417232513,0.0,2.25,baseline
104.60590439592576,195.39409560407424,-3.8458529965230075,300.1162699672436,10.107724556719111,-0.12601727468599466,10.101049026578371,-0.14545252993500324,0.9331241651026514,0.4506724972354152,-2.81253589926661,0.006637301031574516,0.12850294515273528,0.6086756733059883,-0.1795196256041527,0.18496999989151955,0.39,9.0,0.10787374327632938,-1.0,-0.3774775564670563,-0.9862750172615051,-0.23000000417232513,0.0,2.3249999999999997,baseline
105.36207990459134,194.63792009540867,-3.8567046900980797,300.1866193443607,10.079457079114858,-0.12219108298794076,10.072252716446517,-0.14397124052515323,0.9427219170182006,0.4783092099911524,-2.811792894214456,0.006458196691952167,0.11682748142057885,0.6085586431622505,-0.1795196256041527,0.18496999989151955,0.39,9.0,0.10453700117037311,-1.0,-0.38137856125831604,-0.9862750172615051,-0.23000000417232513,0.0,2.4,baseline
106.11605100086706,193.88394899913294,-3.867446231139723,300.2576585809543,10.05004351305001,-0.11821242339941879,10.042320196811351,-0.14251610972411802,0.9515223149943761,0.5051207247710854,-2.811098833606995,0.006282350816834724,0.1039079979212925,0.6084424006938934,-0.1795196256041527,0.18496999989151955,0.39,9.0,0.10127478962699557,-1.0,-0.38525331020355225,-0.9862750172615051,-0.23000000417232513,0.0,2.475,baseline
106.86773396841083,193.13226603158915,-3.8780798965216614,300.32932830497657,10.019516679193652,-0.11413034040971046,10.011285922766572,-0.14109560222219322,0.9595369996986156,0.53113170748775,-2.810462059176171,0.006109679349200541,0.08996420908053492,0.6083270013332367,-0.1795196256041527,0.18496999989151955,0.39,9.0,0.09808756477204632,-1.0,-0.38909995555877686,-0.9862750172615051,-0.23000000417232513,0.0,2.55,baseline
107.61704762075354,192.38295237924646,-3.888608566767412,300.401570039302,9.987908429761525,-0.10999510036658278,9.979183263621264,-0.13971698173933514,0.966777966951135,0.5563672192741865,-2.8098880113260134,0.00594009262040467,0.07523173240519898,0.6082124915719033,-0.1795196256041527,0.18496999989151955,0.39,9.0,0.094975710886869,-1.0,-0.3929169476032257,-0.9862750172615051,-0.23000000417232513,0.0,2.625,baseline
108.36391682923951,191.6360831707605,-3.8990355097312133,300.47432548580036,9.955384482195171,-0.10585373121607833,9.946181458939968,-0.13838118971369756,0.9732330092668872,0.5807296503248749,-2.809372454790232,0.005673982078867777,0.05996367382338645,0.6080989304184914,-0.17868061274290084,0.18496999989151955,0.39,9.0,0.09193954278680419,-0.9760282445207157,-0.3967023193836212,-0.9623032212257385,-0.23000000417232513,0.0,2.6999999999999997,baseline
109.10828123014826,190.89171876985174,-3.909363574218744,300.54753592332236,9.922080572099908,-0.10174228480942371,9.91242751755132,-0.13707771801434301,0.9789154981457278,0.6035944233060268,-2.8088241757711243,0.005232002501312864,0.0444452149916202,0.6079868525266647,-0.17756090253591536,0.18496999989151955,0.39,9.0,0.08898227431396265,-0.9440365180374358,-0.40043824911117554,-0.9303115010261536,-0.23000000417232513,0.0,2.775,baseline
109.8500849650083,190.1499150349917,-3.9195947724535607,300.62114459948816,9.887978863508607,-0.09769644948058268,9.877914879635014,-0.13579633073873412,0.983857655541656,0.6243176345486433,-2.8080924179590627,0.004685118152726532,0.02896379882464774,0.6078759968280792,-0.17642620533704756,0.18496999989151955,0.39,9.0,0.08610406252284196,-0.9116165670972824,-0.4041334390640259,-0.8978915810585022,-0.23000000417232513,0.0,2.85,baseline
110.58927066938207,189.41072933061793,-3.9297304451355637,300.69509683482784,9.853068256398812,-0.09375191320099016,9.842637588836821,-0.1345285241181738,0.9880789174962926,0.6426518666351254,-2.8071059810267225,0.004122994609320869,0.013784188890852528,0.6077659788727761,-0.1752709260582924,0.18496999989151955,0.39,9.0,0.08330274335035644,-0.8786086272031541,-0.40780070424079895,-0.8648836016654968,-0.23000000417232513,0.0,2.925,baseline
111.32578317446004,188.67421682553996,-3.9397712321016543,300.7693388903167,9.81741115810439,-0.08993937050461648,9.8066588728153,-0.13326350007399362,0.9915873443352409,0.6586253146677851,-2.80588272462555,0.003577989458596213,-0.0008499936251528781,0.6076569372415542,-0.17408840358257294,0.18496999989151955,0.39,9.0,0.0805776248556098,-0.8448222671801702,-0.41143542528152466,-0.8310972452163696,-0.23000000417232513,0.0,3.0,baseline
112.05957370636969,187.9404262936303,-3.9497168433326943,300.8438175573947,9.781108201890417,-0.08628431422072763,9.770079109936127,-0.1319881408710796,0.9943898739885021,0.6723233443624366,-2.8044564830732375,0.0030471657425928615,-0.014709649918684505,0.6075490212440491,-0.1728785565495491,0.18496999989151955,0.39,9.0,0.07792935197027,-0.8102551791871975,-0.41503262519836426,-0.7965301871299744,-0.23000000417232513,0.0,3.0749999999999997,baseline
112.7906012859431,187.2093987140569,-3.959565999618917,300.918480226258,9.744262920173348,-0.08280815433649963,9.733001830841383,-0.13068843022124152,0.9964958982115374,0.6838000205988598,-2.8028419051841547,0.002522109337952633,-0.027579637322771116,0.6074422040581703,-0.17164511084556577,0.18496999989151955,0.39,9.0,0.07535868839953916,-0.7750138704052313,-0.4185931980609894,-0.7612888813018799,-0.23000000417232513,0.0,3.15,baseline
113.51883239952659,186.4811676004734,-3.9693163177980364,300.99327507463704,9.706970868754665,-0.07952803553593751,9.695522799655308,-0.12934988002322198,0.9979166413143423,0.6930817119955404,-2.8010402137884785,0.001999722456007244,-0.039262450385428235,0.6073364320397378,-0.17039228051900862,0.18496999989151955,0.39,9.0,0.07286608542687559,-0.7392187014974428,-0.4221189320087433,-0.7254937291145325,-0.23000000417232513,0.0,3.225,baseline
114.24424049091525,185.75575950908475,-3.9789643446926077,301.0681511621592,9.669321952648927,-0.0764561231402692,9.657732011211387,-0.1279574063337804,0.9986641139433001,0.7001895794955796,-2.799050600042175,0.00148103105328667,-0.049582506642944654,0.6072317177057266,-0.16912362456321717,0.18496999989151955,0.39,9.0,0.07045175080316772,-0.7029714238426502,-0.42560940980911255,-0.689246416091919,-0.23000000417232513,0.0,3.3,baseline
114.96680562697928,185.0331943730207,-3.988505433849345,301.14305844009095,9.63140412635025,-0.0735991547988542,9.619717233272693,-0.12649530195904846,0.9987506933612902,0.7051506666608471,-2.7968742375990097,0.0009680196953210701,-0.05838945175228531,0.6071280691027642,-0.16784222215414046,0.18496999989151955,0.39,9.0,0.06811577146202767,-0.6663598905423536,-0.4290643632411957,-0.6526349186897278,-0.23000000417232513,0.0,3.375,baseline
115.68651443804195,184.31348556195803,-3.997933766778157,301.2179478262078,9.593304747932226,-0.07095830141161183,9.58156535841838,-0.12494737460282426,0.9981891137776033,0.7079984546242905,-2.7945138833798637,0.0004622025145648902,-0.06556046186175105,0.6070255041122437,-0.16655100852251054,0.18496999989151955,0.39,9.0,0.06585816359391657,-0.6294680869596071,-0.4324831962585449,-0.615743100643158,-0.23000000417232513,0.0,3.4499999999999997,baseline
116.40336001679286,183.59663998320713,-4.007242289204472,301.29277119826565,9.555110357152188,-0.06852918788408452,9.543362229713537,-0.1232971421713649,0.9969925358173648,0.7087704086217915,-2.7919730085566754,-3.5407929329126676e-05,-0.07100188711418935,0.6069240245223045,-0.1652529376745224,0.18496999989151955,0.39,9.0,0.06367887156045304,-0.5923803429030964,-0.4358658492565155,-0.5786553621292114,-0.23000000417232513,0.0,3.525,baseline
117.11734184829977,182.88265815170024,-4.0164227110615895,301.3674814297997,9.51690615214946,-0.06630200745646314,9.50519214795306,-0.12152802981027454,0.9951745510356246,0.707506390232482,-2.7892555856479615,-0.0005239818709018078,-0.07465041035235155,0.6068236312270164,-0.1639509657025337,0.18496999989151955,0.39,9.0,0.06157775975394658,-0.555181173010846,-0.43921229243278503,-0.5414561629295349,-0.23000000417232513,0.0,3.5999999999999996,baseline
117.82846565448156,182.17153434551844,-4.025465489477263,301.4420324519824,9.478775686587337,-0.06426172544025363,9.467137585482774,-0.11962356502828159,0.9927491480434004,0.7042482610081529,-2.7863662904523947,-0.0010026925032106777,-0.07647372758398707,0.6067243233323097,-0.1626480194926262,0.18496999989151955,0.39,9.0,0.05955461098173459,-0.5179541158912634,-0.4425225555896759,-0.5042291283607483,-0.23000000417232513,0.0,3.675,baseline
118.53674327227189,181.4632567277281,-4.03435987550057,301.51637923078897,9.440800755263577,-0.06238837737980185,9.429279076702317,-0.11756757548502156,0.9897306704430864,0.6990399481161094,-2.783310762894077,-0.0014706941247568757,-0.07647070984497853,0.6066261035203934,-0.1613469623029232,0.18496999989151955,0.39,9.0,0.05760912867531956,-0.48078107159375827,-0.44579654932022095,-0.4670560657978058,-0.23000000417232513,0.0,3.75,baseline
119.24219249809073,180.75780750190927,-4.043093909835817,301.5904778451504,9.403061334725717,-0.06065745974094339,9.391695161549876,-0.11534439010264183,0.9861337647729765,0.6919274935925099,-2.780095784906584,-0.0019271527580436993,-0.07467102707445114,0.60652896463871,-0.16005060002207755,0.18496999989151955,0.39,9.0,0.055740942623160525,-0.44374214351309105,-0.44903451204299927,-0.4300171434879303,-0.23000000417232513,0.0,3.8249999999999997,baseline
119.94483694786128,180.0551630521387,-4.051654486563871,301.664285460874,9.36563552851715,-0.059040402782818246,9.354462350107545,-0.1129390408467759,0.9819733454987709,0.6829590079120482,-2.776729375072,-0.0023712680816584206,-0.07113424412927717,0.6064329066872597,-0.1587616728246212,0.18496999989151955,0.39,9.0,0.053949612872730326,-0.406915640241804,-0.45223644375801086,-0.3931906521320343,-0.23000000417232513,0.0,3.9,baseline
120.6447058807367,179.3552941192633,-4.060027416859525,301.73776039251106,9.32859947438188,-0.05750511423333832,9.317655027887755,-0.11033746059392216,0.977264555716374,0.6721845851898629,-2.7732208350430665,-0.002802279156030942,-0.06594841506834395,0.6063379216194152,-0.15748285725712774,0.18496999989151955,0.39,9.0,0.05223463471392756,-0.37037806468046613,-0.4554026126861572,-0.3566530644893646,-0.23000000417232513,0.0,3.9749999999999996,baseline
121.34183405652547,178.65816594347453,-4.068197488463436,301.81086207404906,9.292027260241511,-0.056016580508010505,9.28134538474233,-0.10752667367384942,0.9720227428616637,0.6596562368471056,-2.7695807658921474,-0.0032194622876260378,-0.05922820879722895,0.6062440112233162,-0.15621676623821257,0.18496999989151955,0.39,9.0,0.05059544153870324,-0.33420403269394194,-0.4585329592227936,-0.32047903537750244,-0.23000000417232513,0.0,4.05,baseline
122.03626154645302,177.96373845354697,-4.076148567640057,301.883551114222,9.255990842790194,-0.054537513816344835,9.245603347077408,-0.10449497585632944,0.96626343250219,0.6454278565335476,-2.7658210603952886,-0.003622129314659598,-0.051112605247563406,0.606151171028614,-0.1549659417569637,0.18496999989151955,0.39,9.0,0.04903140863512871,-0.2984661848167631,-0.46162763237953186,-0.28474119305610657,-0.23000000417232513,0.0,4.125,baseline
122.72803360095259,177.27196639904741,-4.083863688394457,301.9557892835105,9.220559971374152,-0.05302903229671266,9.210496519072072,-0.10123209999249126,0.9600022896069602,0.6295552062799179,-2.761954865479317,-0.004009627989945603,-0.041762205804704244,0.6060593938827514,-0.15373285330832004,0.18496999989151955,0.39,9.0,0.04754185467307802,-0.263235101419513,-0.46468687057495117,-0.24951009452342987,-0.23000000417232513,0.0,4.2,baseline
123.41720042154095,176.58279957845906,-4.091325188418876,302.02753954668833,9.18580209662871,-0.051451358970431293,9.176090095375637,-0.09772936462972297,0.9532550926659996,0.6120959140709579,-2.757996515600716,-0.004381342813728636,-0.03135620976324634,0.6059686788916587,-0.15251989789307116,0.18496999989151955,0.39,9.0,0.046126046741849405,-0.2285792273540436,-0.4677107036113739,-0.21485422551631927,-0.23000000417232513,0.0,4.2749999999999995,baseline
124.10381701305518,175.89618298694484,-4.098514806806068,302.0987660302508,9.151782296604672,-0.049764527331994324,9.142446811304836,-0.09397980407941704,0.9460377210011481,0.5931094809797866,-2.7539614447441467,-0.00473669643858077,-0.02008911255944295,0.6058790269494057,-0.15132939219474792,0.18496999989151955,0.39,9.0,0.044783202479430115,-0.19456478225616655,-0.47069910168647766,-0.18083977699279785,-0.23000000417232513,0.0,4.35,baseline
124.78794298922563,175.21205701077437,-4.105413828497743,302.1694340875356,9.118563192352596,-0.047929081903849424,9.109626876030488,-0.08997827663522037,0.9383661210038114,0.5726572902184409,-2.7498660744015107,-0.005075150938035529,-0.008167184455839553,0.605790430009365,-0.1501635741442442,0.18496999989151955,0.39,9.0,0.04351249257233909,-0.16125568948183377,-0.47365233302116394,-0.1475306898355484,-0.23000000417232513,0.0,4.425,baseline
125.46964237047422,174.53035762952578,-4.112003211735726,302.2395102238356,9.086204863050419,-0.04590675941108521,9.077687908772191,-0.08572154940280825,0.9302562996520771,0.550802617908997,-2.745727681266834,-0.0053962089032449645,0.0041952064652973076,0.6057028979063034,-0.1490245971828699,0.18496999989151955,0.39,9.0,0.042313042853474855,-0.1287134942286671,-0.4765700697898865,-0.11498849093914032,-0.23000000417232513,0.0,4.5,baseline
126.14898340762733,173.85101659237267,-4.118263779252579,302.3089622005655,9.05476475957207,-0.043661141445942214,9.046684875275977,-0.08120835884339887,0.9217243081636628,0.5276106410295455,-2.741564253655175,-0.005699414564044868,0.01677936231058167,0.6056164270639419,-0.14791452974081037,0.18496999989151955,0.39,9.0,0.041183937326682046,-0.09699728085690901,-0.4794524312019348,-0.08327227830886841,-0.23000000417232513,0.0,4.575,baseline
126.82603835120466,173.17396164879534,-4.124176307477663,302.37775894738434,9.02429761688743,-0.04115826735025646,9.016670024428343,-0.07643944481704913,0.9127862131135391,0.5031484405041777,-2.7373943316416325,-0.005984354827599784,0.029366049903981915,0.6055310174822808,-0.14683535054326055,0.18496999989151955,0.39,9.0,0.040124217003396245,-0.06616358870015945,-0.48229941725730896,-0.052438586950302124,-0.23000000417232513,0.0,4.6499999999999995,baseline
127.50088328290994,172.49911671709006,-4.12972170498128,302.4458706077462,8.994855365709064,-0.03836719635932764,8.987692824383313,-0.07141755847548635,0.9034580968016166,0.4774849950711702,-2.7332368406094667,-0.006250660580122301,0.041739254631394655,0.6054466789960861,-0.14578894645906984,0.18496999989151955,0.39,9.0,0.0391328860048452,-0.036266326542630276,-0.48511070013046265,-0.02254132740199566,-0.23000000417232513,0.0,4.725,baseline
128.1735978589904,171.8264021410096,-4.134881173912755,302.5132685324061,8.966487044342957,-0.035260512721493054,8.959799898820146,-0.06614744364814885,0.893756043677737,0.45069116274832105,-2.7291109216971248,-0.006498007850077607,0.05368983094327207,0.6053634124994278,-0.1447771090455353,0.18496999989151955,0.39,9.0,0.03820891015142,-0.007356686869308789,-0.4878862500190735,0.006368312984704971,-0.23000000417232513,0.0,4.8,baseline
128.8442651365484,171.1557348634516,-4.13963634170382,302.57992527941224,8.93923871162417,-0.03181476545557704,8.933034963205303,-0.06063579140671235,0.8836961289017087,0.4228396477547428,-2.7250357569409287,-0.00672611883464472,0.06501898848213758,0.6052812269330025,-0.1438015320710838,0.18496999989151955,0.39,9.0,0.03735121878648938,0.02051693995688805,-0.4906257688999176,0.0342419408261776,-0.23000000417232513,0.0,4.875,baseline
129.51296741829736,170.48703258170264,-4.143969502813793,302.64581535278876,8.913005626688985,-0.028014569203949263,8.90728892847788,-0.05489641140926558,0.8733191118276774,0.3941406698138809,-2.7210379546047005,-0.006824837586478391,0.07553524115079979,0.6052001294493675,-0.14378901861608026,0.18496999989151955,0.39,8.973565417489839,0.03655870614942787,0.020874468196378775,-0.4933290183544159,0.03459946811199188,-0.23000000417232513,0.0,4.95,baseline
130.179776205283,169.820223794717,-4.147864569432132,302.7109158663716,8.887704540755621,-0.023860483236677332,8.882466320141734,-0.04895630042614138,0.8626418792065004,0.3653921573841047,-2.717236656763957,-0.006703516881348698,0.08503687359100531,0.6051196023821831,-0.1441650228202343,0.18496999989151955,0.39,8.936786791993645,0.03582724599701595,0.010131490131703452,-0.49601325392723083,0.02385649085044861,-0.23000000417232513,0.0,5.0249999999999995,baseline
130.8447629153778,169.1552370846222,-4.151307506058551,302.7752041780532,8.863424703781092,-0.01935659188701025,8.858644402476262,-0.042842160392917855,0.8516601720872826,0.33741933128303325,-2.713814998658464,-0.006445619559478389,0.09334174390140929,0.6050399675965309,-0.1445545993046835,0.18496999989151955,0.39,8.900112308709435,0.035155498504072596,-0.0009992658088834646,-0.49866774678230286,0.012725734151899815,-0.23000000417232513,0.0,5.1,baseline
131.50800620353237,168.49199379646763,-4.15428616458758,302.83865765875726,8.840252014232457,-0.014508331727653229,8.835904100642342,-0.036577541019314104,0.8403828059157702,0.31057387223705646,-2.710861047647736,-0.0061592436787499686,0.1003132858539396,0.6049617391824722,-0.14496685161429923,0.18496999989151955,0.39,8.863538039654221,0.034544654007930914,-0.01277790324582766,-0.501275360584259,0.0009470967343077064,-0.23000000417232513,0.0,5.175,baseline
132.1695875810527,167.8304124189473,-4.156790177602238,302.90125491924437,8.818183122592306,-0.009327389001388048,8.81424195694406,-0.030187576679468222,0.8288316145931061,0.2848741555174724,-2.708354190144076,-0.005883932468767845,0.10585558516721866,0.6048848152160644,-0.14541250448673962,0.18496999989151955,0.39,8.82705965880572,0.0339943335273899,-0.02551084278423696,-0.5038394927978516,-0.011785842478275299,-0.23000000417232513,0.0,5.25,baseline
132.8295861820272,167.1704138179728,-4.1588111490121,302.96297631448806,8.797166041688335,-0.0038313120253704314,8.79360701451029,-0.02369914460284036,0.8170302028061862,0.2602690446071066,-2.70625182347451,-0.00561598907365363,0.10990210752751844,0.6048090624809265,-0.1458943656645715,0.18496999989151955,0.39,8.790672683042102,0.03350255867149629,-0.039278304487739404,-0.5063645839691162,-0.025553304702043533,-0.23000000417232513,0.0,5.325,baseline
133.48807690474962,166.51192309525038,-4.160342704839538,303.0238038883472,8.777142541267503,0.001958521557004267,8.773941689283001,-0.017139102849910073,0.8049997664424964,0.2367472745140408,-2.70453276141135,-0.005344594388911601,0.11241124918451045,0.6047345507144928,-0.14641050914302467,0.18496999989151955,0.39,8.754372759988504,0.033067086228615886,-0.05402525984713836,-0.5088483095169067,-0.04030026122927666,-0.23000000417232513,0.0,5.3999999999999995,baseline
134.14513056465876,165.85486943534124,-4.161380463492672,303.0837212011247,8.758061553937742,0.00801744463994078,8.755195214557908,-0.010533648139972564,0.7927596011374083,0.2143342629770598,-2.7031912341609954,-0.005065250732742461,0.11336681132137837,0.6046613711118698,-0.14695828353986143,0.18496999989151955,0.39,8.718155770238772,0.0326859113764852,-0.06967595980655471,-0.5112876296043396,-0.05595095828175545,-0.23000000417232513,0.0,5.475,baseline
134.8008143687074,165.1991856312926,-4.161921989077006,303.1427132091221,8.739876514382363,0.014317346971274403,8.73732133620354,-0.003908388927201874,0.780328218277794,0.19306470365760897,-2.702223389248119,-0.004778541951075083,0.11277921206118273,0.6045895540714263,-0.14753572329878806,0.18496999989151955,0.39,8.682017818943768,0.032357211829769486,-0.08617423645945846,-0.5136815309524536,-0.07244923710823059,-0.23000000417232513,0.0,5.55,baseline
135.45519207349034,164.54480792650966,-4.161966727676076,303.20076625816864,8.722540842516644,0.020826743769858408,8.720273957866048,0.0027116430727532883,0.7677237820954674,0.17296848407926055,-2.7016224978035495,-0.0044863207347334375,0.1106856111579118,0.6045191049575805,-0.1481413686275482,0.18496999989151955,0.39,8.645955209721093,0.032079217533001095,-0.10347838856342052,-0.5160298347473145,-0.08975338935852051,-0.23000000417232513,0.0,5.625,baseline
136.1083239178499,163.8916760821501,-4.16151599459677,303.2578680413035,8.706006190322277,0.027511128593235235,8.704005372722529,0.009302155021395994,0.7549640867267006,0.15406944208083811,-2.7013795574799944,-0.004189939292066029,0.10714895982197867,0.6044500291347503,-0.14877384174615144,0.18496999989151955,0.39,8.609964435958032,0.03185015840348465,-0.12154904802807832,-0.5183323621749878,-0.10782404989004135,-0.23000000417232513,0.0,5.7,baseline
136.7602664984624,163.2397335015376,-4.160572885124448,303.314007566225,8.690222618163606,0.03433343545535367,8.688466375053798,0.015839805178972394,0.7420664508679572,0.13638793256744833,-2.701484530310771,-0.0038901842202437387,0.102256431053231,0.6043823426961898,-0.14943166069686412,0.18496999989151955,0.39,8.574042184518255,0.03166826835369148,-0.14034388438815418,-0.5205885767936707,-0.1266188770532608,-0.23000000417232513,0.0,5.7749999999999995,baseline
137.41107268689737,162.58892731310263,-4.159142202279043,303.3691751227652,8.675139169416608,0.041254527012665854,8.67360678527445,0.0223023970870301,0.7290476589290757,0.11994243913873297,-2.701926787233267,-0.0035876554885025083,0.09611749633330198,0.6043160563707352,-0.1501132423430681,0.18496999989151955,0.39,8.538185342584567,0.031531798909095965,-0.15981764401952617,-0.5227981209754944,-0.14609263837337494,-0.23000000417232513,0.0,5.85,baseline
138.06079155186305,161.93920844813695,-4.1572303633261845,303.4233622275401,8.660704210355483,0.04823370162111604,8.659375761223734,0.028669048616212812,0.7159239495750116,0.104749766901565,-2.7026950258795934,-0.003282986461785392,0.08886171191983325,0.6042511808872223,-0.15081694670021534,0.18496999989151955,0.39,8.502391002220644,0.0314390272455541,-0.1799234781729691,-0.5249606370925903,-0.1661984771490097,-0.23000000417232513,0.0,5.925,baseline
138.709468320335,161.290531679665,-4.154845302043455,303.4765616109821,8.646865552518005,0.05522922412496081,8.645721903476153,0.03492034204387521,0.7027110235500446,0.09082468411342094,-2.7037770911819186,-0.00297687308404419,0.08063621594441242,0.6041877233982086,-0.1515411053597927,0.18496999989151955,0.39,8.466656464647533,0.03138825922479531,-0.2006137186315207,-0.5270758867263794,-0.18688872456550598,-0.23000000417232513,0.0,6.0,baseline
139.35714435942336,160.64285564057664,-4.151996353992485,303.52876715872344,8.63357050429206,0.062198877116162066,8.63259328430266,0.041038458034888425,0.6894240365566783,0.07817959601437857,-2.7051598707980773,-0.0026700365520271508,0.0716029561169693,0.6041256839036941,-0.15228402696549892,0.18496999989151955,0.39,8.430979242381575,0.031377828844531164,-0.22184005630451806,-0.5291438698768616,-0.20811505615711212,-0.23000000417232513,0.0,6.075,baseline
140.00385710380922,159.99614289619078,-4.148694107792226,303.5799738530245,8.62076595894156,0.06910052510582221,8.619937532778541,0.04700729239142611,0.6760775982633183,0.0668243651658157,-2.7068292695290745,-0.0023631947706156853,0.06193569376995384,0.6040650659799576,-0.15304399825632573,0.18496999989151955,0.39,8.395357060231715,0.03140610085149542,-0.24355351716439835,-0.5311644673347473,-0.22982852160930634,-0.23000000417232513,0.0,6.1499999999999995,baseline
140.64964005575445,159.35035994424555,-4.144950311638577,303.6301777825638,8.60839849137507,0.07589268072453423,8.60770191458432,0.05281255227338345,0.6626857795609848,0.056766204343493436,-2.7087702237542546,-0.0020570544476144524,0.05181684239072296,0.6040058749914169,-0.15381928250193594,0.18496999989151955,0.39,8.359787859290492,0.03147147261766646,-0.26570448919229894,-0.5331375002861023,-0.2519795000553131,-0.23000000417232513,0.0,6.225,baseline
141.29452273846002,158.70547726153998,-4.14077772033138,303.6793760447881,8.59641447514945,0.08253506134307745,8.595833445715728,0.058441830139996924,0.6492621008629469,0.048009575839011276,-2.7109667324853395,-0.0017523122640338564,0.04143420205846958,0.6039481055736542,-0.1546081231534481,0.18496999989151955,0.39,8.324269796933505,0.03157237297576765,-0.28824280333679353,-0.5350631475448608,-0.27451780438423157,-0.23000000417232513,0.0,6.3,baseline
141.93853070645295,158.06146929354705,-4.136189925311225,303.72756673614003,8.584760197988402,0.08898912778854773,8.58427900761209,0.06388465416617106,0.6358195201067147,0.04055608159438496,-2.713401898579265,-0.0014496557239332155,0.030977648102587973,0.6038917541503906,-0.15540874958038328,0.18496999989151955,0.39,8.288801249384699,0.031707266552802954,-0.3111178502928185,-0.5369415283203125,-0.2973928451538086,-0.23000000417232513,0.0,6.375,baseline
142.58168551190198,157.41831448809802,-4.131201231431617,303.7747489130593,8.57338197639364,0.09521859589578244,8.572985465695364,0.06913251389940615,0.6223704179429994,0.0344043533175998,-2.71605798839494,-0.0011497620473585493,0.020635830480831868,0.6038368082046509,-0.15621937915682793,0.18496999989151955,0.39,8.253380811145087,0.03187465550299323,-0.33427869829118123,-0.5387730598449707,-0.3205536901950836,-0.23000000417232513,0.0,6.45,baseline
143.22400473314454,156.77599526685546,-4.125826533737964,303.82092253661176,8.562226270487825,0.10118991382475731,8.561899791852234,0.07417886113384459,0.6089266017310929,0.029549951218933983,-2.718916510622019,-0.0008532961988417353,0.010592940307073063,0.6037832659482956,-0.15703822195529937,0.18496999989151955,0.39,8.218007296845391,0.03207308245506156,-0.3576742036429653,-0.5405578017234802,-0.34394919872283936,-0.23000000417232513,0.0,6.5249999999999995,baseline
143.8655019721165,156.1344980278835,-4.1200811177591925,303.8660884171759,8.551239800993867,0.10687269581066391,8.550969192809681,0.07901908556229092,0.5954993071347707,0.02598527598705133,-2.721958316534013,-0.0005609087656377805,0.0010255982866167646,0.6037311166524887,-0.15786348387598992,0.18496999989151955,0.39,8.18267973967705,0.03230113169391603,-0.38125312320845783,-0.5422961115837097,-0.36752811074256897,-0.23000000417232513,0.0,6.6,baseline
144.50618688546967,155.49381311453033,-4.113980553283439,303.9102482047024,8.5403696628031,0.11224010502932624,8.540141232344478,0.08365046648560108,0.5820991791749187,0.02369949667883488,-2.72516371366346,-0.00027323368823749564,-0.00790008205733475,0.6036803442239761,-0.15869337290525434,0.18496999989151955,0.39,8.147397391533593,0.03255743062855089,-0.40496422699155016,-0.5439885258674622,-0.3912392258644104,-0.23000000417232513,0.0,6.675,baseline
145.1460652079168,154.8539347920832,-4.107540549890921,303.95340431385694,8.52956345617778,0.11726918114405405,8.529363988024913,0.0880721015095252,0.5687362697336296,0.02267849678353139,-2.7285125957719396,9.113456813973183e-06,-0.01603120989712307,0.6036309361457824,-0.1595260991156101,0.18496999989151955,0.39,8.112159721299168,0.03284065235793823,-0.42875640888040656,-0.545635461807251,-0.41503140330314636,-0.23000000417232513,0.0,6.75,baseline
145.78513880668152,154.21486119331848,-4.100776820988413,303.99555990449926,8.518769389474695,0.12194110604872718,8.518586150224493,0.0922848124962685,0.5554200341187461,0.02290483768215783,-2.7319845861002054,0.0002855372504386463,-0.023230567856102686,0.6035828763246536,-0.16035988405346868,0.18496999989151955,0.39,8.076966413564577,0.03314951821625638,-0.4525788156995747,-0.5472374558448792,-0.43885383009910583,-0.23000000417232513,0.0,6.825,baseline
146.42340572817267,153.57659427182733,-4.093704943593771,304.0367188003088,8.5079364219773,0.12624140447748003,8.507757199053602,0.09629103208621963,0.5421593313448213,0.024357743436003235,-2.735559193990542,0.0005554640167022447,-0.02937875920334554,0.6035361486673355,-0.16119295865297317,0.18496999989151955,0.39,8.041817365632516,0.033482798770772704,-0.47638094934130143,-0.5487950444221497,-0.4626559615135193,-0.23000000417232513,0.0,6.8999999999999995,baseline
147.06086025242934,152.93913974757066,-4.0863402648615,304.0768854823041,8.497014375233315,0.1301600758289155,8.496827516037406,0.10009467125780568,0.528962427718844,0.027013105795842703,-2.7392159775448968,0.0008183434273761801,-0.03437601915991448,0.6034907388687134,-0.16202357366681097,0.18496999989151955,0.39,8.006712684950504,0.033839316229357735,-0.5001128089933919,-0.5503087043762207,-0.48638781905174255,-0.23000000417232513,0.0,6.975,baseline
147.69749298645024,152.30250701354976,-4.078697795865232,304.1160650400352,8.485954058270451,0.13369165484704001,8.485748520444343,0.1037009712594433,0.5158369859084507,0.03084351338786306,-2.7429347130044306,0.0010736502722604733,-0.03814366378164317,0.6034466218948364,-0.162849999666214,0.18496999989151955,0.39,7.9716526861163866,0.034217944204616366,-0.5237250022621758,-0.5517792701721191,-0.5099999904632568,-0.23000000417232513,0.0,7.05,baseline
148.3332909264179,151.6667090735821,-4.070792092629506,304.1542630804174,8.474707401772848,0.13683520219041537,8.474472820471194,0.10711634270891142,0.5027900684680153,0.03581830485016829,-2.746695566122278,0.0013208860343185828,-0.04062515715802658,0.6034037816524506,-0.16367053538560866,0.18496999989151955,0.39,7.936637885745236,0.034617610489929625,-0.5471688719806937,-0.553207278251648,-0.5334438681602478,-0.23000000417232513,0.0,7.125,baseline
148.96823757435138,151.03176242564862,-4.062637205153197,304.1914857473216,8.463227577370297,0.13959422433543675,8.462954331211455,0.11034819334040465,0.4898281499803229,0.041903646600061524,-2.750479265475111,0.0015595799890767443,-0.04178678453677331,0.6033622002601624,-0.1644835066795349,0.18496999989151955,0.39,7.901668999047016,0.03503729937131551,-0.5703966306571955,-0.5545933246612549,-0.5566716194152832,-0.23000000417232513,0.0,7.199999999999999,baseline
149.6023130055112,150.3976869944888,-4.054246592434719,304.22773964994985,8.451469125287643,0.14197652426451302,8.451148406945643,0.11340474853800975,0.47695711846084354,0.04906263333994072,-2.754267271798113,0.0017892903621520998,-0.041617923901243005,0.6033218562602997,-0.1652872759103775,0.18496999989151955,0.39,7.866746933410674,0.0354760495827126,-0.5933614839814696,-0.5559381246566772,-0.5796364545822144,-0.23000000417232513,0.0,7.2749999999999995,baseline
150.2354940265268,149.7645059734732,-4.045633067250896,304.2630317912249,8.43938807469412,0.1439939862113163,8.439011957907393,0.1162948671880437,0.4641822775814416,0.0572554142668372,-2.7580419387452118,0.0020096061109477793,-0.04013091751372038,0.6032827281951905,-0.16608024716377257,0.18496999989151955,0.39,7.831872784696884,0.03593295628620316,-0.6160177598664546,-0.5572423934936523,-0.6022927761077881,-0.23000000417232513,0.0,7.35,baseline
150.8677542635327,149.1322457364673,-4.036808766422828,304.29736958086414,8.42694207208317,0.14566229909943865,8.426503581019107,0.11902785610418902,0.45150836002041894,0.06643934432108085,-2.7617866662217594,0.0022201473413939895,-0.037360551567051356,0.6032447981834411,-0.16686086207628248,0.18496999989151955,0.39,7.797047828541026,0.03640717295348073,-0.6383210339311987,-0.5585067272186279,-0.6245960593223572,-0.23000000417232513,0.0,7.425,baseline
151.49906429955726,148.50093570044274,-4.0277851083398195,304.3307607409529,8.414090490908476,0.14700062305298067,8.413583654671385,0.12161328542976842,0.4389395436575333,0.07656915448741697,-2.765486040516068,0.002420566012259552,-0.03336315747718896,0.6032080483436585,-0.16762761443853377,0.18496999989151955,0.39,7.762273515505702,0.03689790937162547,-0.6602282618946804,-0.5597317218780518,-0.6465032696723938,-0.23000000417232513,0.0,7.5,baseline
152.12939182745754,147.87060817254246,-4.018572809972523,304.3632132962066,8.400794549935519,0.14803120460485844,8.400214454222624,0.12406080890134828,0.42647945360920275,0.08759714630267101,-2.7691259585811236,0.0026105476228002297,-0.028215354995690785,0.6031724536418914,-0.1683790522813797,0.18496999989151955,0.39,7.7275514635243505,0.03740443253250953,-0.6816978953596068,-0.5609182119369507,-0.6679729223251343,-0.23000000417232513,0.0,7.574999999999999,baseline
152.75870177434786,147.24129822565214,-4.009181840146339,304.39473550889034,8.387017417500553,0.14877894893929483,8.386360241851186,0.12637999121094884,0.4141311813162443,0.09947340812946458,-2.772693733062083,0.0027898113490903817,-0.022012464030374018,0.6031379997730255,-0.16911377578973769,0.18496999989151955,0.39,7.692883449489836,0.03792606668069781,-0.7026900052000826,-0.5620666742324829,-0.6889650225639343,-0.23000000417232513,0.0,7.6499999999999995,baseline
153.38695646230542,146.61304353769458,-3.9996214875447125,304.4253358885908,8.37272431184358,0.14927095572591137,8.371987354694081,0.12858014507094512,0.40189730225857756,0.11214604597191874,-2.7761781798104255,0.0029581100990045857,-0.014866616535821681,0.6031046652793884,-0.16983044773340225,0.18496999989151955,0.39,7.658271402410868,0.038462192975340634,-0.7231663923915044,-0.5631778240203857,-0.7094413638114929,-0.23000000417232513,0.0,7.725,baseline
154.01411578204937,145.98588421795063,-3.989900318237022,304.45502307502557,8.357882589035741,0.1495360276822808,8.35706427733946,0.13067018071006947,0.38977990530536344,0.12556143115597868,-2.7795696809039563,0.0031152316610320177,-0.00690460408310343,0.6030724412202835,-0.17052779972553253,0.18496999989151955,0.39,7.623717394573202,0.039012247071247286,-0.7430906970723692,-0.5642519593238831,-0.7293657064437866,-0.23000000417232513,0.0,7.8,baseline
154.64013733031183,145.35986266968817,-3.980026290419514,304.48380587389875,8.342461831999072,0.1496041590461668,8.341561723442897,0.13265846991655358,0.37778060593086427,0.13966446311204475,-2.782860226740516,0.003260998023131507,0.001734498488575914,0.6030413043498993,-0.1712046217918396,0.18496999989151955,0.39,7.589223631987284,0.03957571911258944,-0.7624284937263928,-0.5652898550033569,-0.7487034797668457,-0.23000000417232513,0.0,7.875,baseline
155.2649765964755,144.7350234035245,-3.9700067331901514,304.5116931950174,8.326433911247722,0.14950601438165703,8.325452672986755,0.134552726721717,0.3659005607026853,0.15439883733832907,-2.7860434279358004,0.0033952652954685296,0.010901890404832118,0.603011240363121,-0.17185978323221207,0.18496999989151955,0.39,7.55479244683285,0.040152151071333915,-0.7811473891199596,-0.5662919878959656,-0.7674223780632019,-0.23000000417232513,0.0,7.949999999999999,baseline
155.88858713105336,144.11141286894664,-3.9598484357983033,304.53869400678013,8.309773049420265,0.14927240720766025,8.308712429864912,0.1363599060998763,0.35414050002579267,0.16970732443429873,-2.7891145065440863,0.0035179241004695415,0.020441735284561953,0.6029822367429734,-0.1724922242760658,0.18496999989151955,0.39,7.520426287193848,0.04074113686515534,-0.7992170934629375,-0.5672587752342224,-0.7854921221733093,-0.23000000417232513,0.0,8.025,baseline
156.51092072195038,143.48907927804962,-3.9495576901550784,304.56481733288865,8.292455867662538,0.14893378662027687,8.291318654604831,0.1380861219036827,0.3425007554033249,0.18553205193795022,-2.7920702625582687,0.003628898276232459,0.03019393820413986,0.6029542809724808,-0.17310095816850662,0.18496999989151955,0.39,7.486127707792066,0.04134231979350088,-0.8166094934272604,-0.5681906342506409,-0.8028845191001892,-0.23000000417232513,0.0,8.1,baseline
157.131927573314,142.868072426686,-3.9391403630877133,304.5900721775074,8.274461419796783,0.1485197409678284,8.273251387746923,0.13973658525168206,0.33098128083366174,0.20181478414525722,-2.794909013967478,0.0037281443675255092,0.039996960884938954,0.6029273587465286,-0.1736850795149803,0.18496999989151955,0.39,7.451899360292729,0.04195538936494147,-0.8332987108173437,-0.5690880417823792,-0.819573700428009,-0.23000000417232513,0.0,8.174999999999999,baseline
157.75155647142296,142.24844352857704,-3.9286019770907528,304.6144675675969,8.255771212890744,0.14805852813855191,8.254493061053548,0.14131556361762398,0.319581691764463,0.21849720177202503,-2.7976305137008244,0.0038156515139250117,0.04969062537879584,0.6029014664888382,-0.1742437642812729,0.18496999989151955,0.39,7.417743983467731,0.04258008097473834,-0.8492611475940007,-0.5699511170387268,-0.8355361223220825,-0.23000000417232513,0.0,8.25,baseline
158.36975498427682,141.63024501572318,-3.917947765586269,304.63801245524974,8.2363692162764,0.1475766383149867,8.235028498830495,0.1428263608257543,0.3083012771184389,0.2355211771181529,-2.800235846899583,0.0038914403542303242,0.0591188587425325,0.6028765827417374,-0.17477626770734786,0.18496999989151955,0.39,7.3836643940717375,0.04321616996035817,-0.8644755157911569,-0.5707805752754211,-0.8507505059242249,-0.23000000417232513,0.0,8.325,baseline
158.98646963007926,141.01353036992074,-3.9071827324297836,304.6607157535236,8.216241858273612,0.14709839961525273,8.214844908454387,0.14427131837425725,0.2971390341044988,0.25282903832405756,-2.8027273048707455,0.003955561197633452,0.06813233209480662,0.6028527075052261,-0.17528192430734635,0.18496999989151955,0.39,7.349663475864775,0.04386347308829526,-0.8789228597031639,-0.5715764164924622,-0.8651978373527527,-0.23000000417232513,0.0,8.4,baseline
159.60164605867573,140.39835394132427,-3.896311770905126,304.6825862713263,8.19537800943791,0.14664563115212279,8.19393185886737,0.1456518361737922,0.2860937086699589,0.27036381938472065,-2.8051082470251143,0.0040080929878036535,0.07659094903186706,0.6028298318386078,-0.17576015412807464,0.18496999989151955,0.39,7.315744170345641,0.0445218433017516,-0.8925865655327042,-0.5723389387130737,-0.8788615465164185,-0.23000000417232513,0.0,8.475,baseline
160.21522921226497,139.78477078773503,-3.885339676489319,304.70363272970553,8.173768954481575,0.14623734889320028,8.172281249114558,0.14696841311394127,0.27516381767827064,0.2880694979530602,-2.8073829454658763,0.004049142240647017,0.08436614428696411,0.602807948589325,-0.17621045649051664,0.18496999989151955,0.39,7.281909466772835,0.04519116681981676,-0.9054523566894673,-0.573068380355835,-0.8917273283004761,-0.23000000417232513,0.0,8.549999999999999,baseline
160.82716353275828,139.17283646724172,-3.8742712700993738,304.7238637293158,8.151408353436796,0.14588952963295918,8.149887267235112,0.1482207056388002,0.26434767617243154,0.30589121575398687,-2.809556418599159,0.004078841587959631,0.0913429540604366,0.6027870506048203,-0.17663241416215897,0.18496999989151955,0.39,7.248162393325426,0.04587135998744156,-0.9175082766748552,-0.573764979839325,-0.9037832617759705,-0.23000000417232513,0.0,8.625,baseline
161.4373930913863,138.5626069086137,-3.863111398106454,304.7432877210913,8.128292192710582,0.14561493650549448,8.126746339937093,0.14940760283638616,0.25364342965058895,0.3237754804856415,-2.8116342582545175,0.004097348287172221,0.0974218251064923,0.602767134308815,-0.17702568918466566,0.18496999989151955,0.39,7.214506005698294,0.046562366979834804,-0.9287446645625826,-0.5744288563728333,-0.915019690990448,-0.23000000417232513,0.0,8.7,baseline
162.04586179087815,137.95413820912185,-3.8518650173401308,304.76191303234054,8.104418727940406,0.14542300777811631,8.102857074809922,0.15052731622409152,0.24304908322877578,0.34167034551896347,-2.813622453442523,0.00410484199393568,0.10252013494618611,0.6027481943368912,-0.17739001870155335,0.18496999989151955,0.39,7.180943379973754,0.04726415680919057,-0.9391541161624835,-0.5750601887702942,-0.925429105758667,-0.23000000417232513,0.0,8.775,baseline
162.65251349765256,137.34748650234744,-3.8405372673376683,304.779747817875,8.079788416941405,0.145319810187235,8.07822019316626,0.15157748229784374,0.2325625323187152,0.35952556591234,-2.815527212532194,0.004101523932168875,0.10657340079363353,0.6027302289009094,-0.17772522538900376,0.18496999989151955,0.39,7.147477601501702,0.047976719042330584,-0.9487314424508322,-0.5756590366363525,-0.9350064396858215,-0.23000000417232513,0.0,8.85,baseline
163.2572922258616,136.7427077741384,-3.829133466115023,304.7968000828196,8.054403846830937,0.14530805587527187,8.052838457510749,0.15255527544670944,0.22218158447202135,0.3772927358130279,-2.817354789609733,0.004087615429531027,0.10953615988504944,0.6027132308483124,-0.17803120076656342,0.18496999989151955,0.39,7.114111757629109,0.04870006158550487,-0.9574736114479578,-0.5762256383895874,-0.9437485933303833,-0.23000000417232513,0.0,8.924999999999999,baseline
163.86014224107163,136.13985775892837,-3.817659152669255,304.813077672864,8.028269655543397,0.1453871824321101,8.02671659372149,0.15345752922589076,0.21190398514508163,0.3949253992944755,-2.819111316769082,0.004063355897652469,0.11138251049384752,0.6026971983909607,-0.17830791354179382,0.18496999989151955,0.39,7.0808489275776125,0.04943420737877026,-0.9653796883942621,-0.5767600536346436,-0.9516546726226807,-0.23000000417232513,0.0,9.0,baseline
164.46100827022494,135.53899172977506,-3.80612011249612,304.82858824167806,8.00139244789727,0.14555349307010504,7.999861208028071,0.1542808629424799,0.20172745146378557,0.41237913771142276,-2.8208026478294546,0.004029001395067583,0.11210630811910995,0.6026821315288544,-0.1785554012656212,0.18496999989151955,0.39,7.0476921767410605,0.05017919159667072,-0.9724507670070318,-0.577262282371521,-0.9587257504463196,-0.23000000417232513,0.0,9.075,baseline
165.05983557940183,134.94016442059817,-3.7945223988441046,304.84333929000786,7.973780707951194,0.14580035195121488,7.972280700767383,0.1550218115202593,0.19164968217016554,0.4296116331232373,-2.822434214396358,0.003984823304488587,0.11172101893112381,0.6026680195331573,-0.17877377241849898,0.18496999989151955,0.39,7.014644545137629,0.05093505857400387,-0.9786898999695064,-0.5777326822280884,-0.9649649262428284,-0.23000000417232513,0.0,9.15,baseline
165.65657013712672,134.34342986287328,-3.7828723284831627,304.85733812658054,7.945444709052641,0.14611843220721296,7.943985178089352,0.15567695609767063,0.18166838891129505,0.4465827094517064,-2.8240108959523913,0.003931106495982015,0.11025923668677742,0.6026548677682877,-0.17896319597959517,0.18496999989151955,0.39,6.981709043132899,0.05170185943934429,-0.9841020182093176,-0.5781710743904114,-0.9703770279884338,-0.23000000417232513,0.0,9.225,baseline
166.2511587336119,133.7488412663881,-3.771176434977548,304.8705919234808,7.916396421094891,0.1464960086332239,7.914986361490817,0.15624305226499433,0.17178131279959008,0.4632543490582211,-2.825536911459525,0.0038681482426429787,0.10777187597359605,0.6026426655054092,-0.1791239097714424,0.18496999989151955,0.39,6.94888864245803,0.0524796495332283,-0.9886938536026467,-0.5785778164863586,-0.9749688506126404,-0.23000000417232513,0.0,9.299999999999999,baseline
166.8435490973976,133.1564509026024,-3.759441532435188,304.8831076477536,7.88664941649907,0.14691928994380443,7.885297496744609,0.156717154488455,0.16198623720062993,0.4795906922037323,-2.8270157268935643,0.003796257557263969,0.10432706074730085,0.6026314109563827,-0.1792562100291252,0.18496999989151955,0.39,6.916186269651345,0.05326848475962555,-0.9924738549582598,-0.578952968120575,-0.9787488579750061,-0.23000000417232513,0.0,9.375,baseline
167.4336900042338,132.5663099957662,-3.7476746092918667,304.8948921297897,7.8562187768531295,0.14737278349035662,7.854933264184446,0.15709673344791503,0.15228101174772785,0.4955580167379763,-2.8284499872640865,0.0037157535245385368,0.10000873016266075,0.6026211005449295,-0.17936044931411743,0.18496999989151955,0.39,6.883604799643131,0.05406842210331629,-0.9954521017414109,-0.5792966485023499,-0.981727123260498,-0.23000000417232513,0.0,9.45,baseline
168.02153137039764,131.97846862960236,-3.735882828321423,304.9059520177302,7.825120999986742,0.14783968397322766,7.823909690473693,0.15737978484000942,0.14266355928218344,0.5111246982582753,-2.8298414698258982,0.003626963842707139,0.09491499096044526,0.6026117253303528,-0.17943703234195707,0.18496999989151955,0.39,6.851147049767142,0.054879514696581796,-0.9976402200369109,-0.5796091556549072,-0.9839152097702026,-0.23000000417232513,0.0,9.525,baseline
168.60702438489724,131.39297561510276,-3.724073488408218,304.91629382631527,7.793373906660853,0.1483022795080398,7.792244060905444,0.1575649274996177,0.1331318935181977,0.5262611542946074,-2.831191058355236,0.0035302244514631488,0.08915624761909817,0.6026032835245132,-0.17948642015457153,0.18496999989151955,0.39,6.8188157746281295,0.055701812354231536,-0.9990512976731986,-0.5798905491828918,-0.9853262901306152,-0.23000000417232513,0.0,9.6,baseline
169.19012155613808,130.80987844386192,-3.7122539565665003,304.92592391407743,7.760996551204956,0.14874236599565568,7.759954838241237,0.15765148884889252,0.12368413340403206,0.5409397781637832,-2.8324987427341806,0.0034258787057909216,0.0828531453460604,0.6025957679748535,-0.179509117603302,0.18496999989151955,0.39,6.786613658830651,0.05653535798835822,-0.9996997989272752,-0.5801410675048828,-0.9859747886657715,-0.23000000417232513,0.0,9.674999999999999,baseline
169.77077683375737,130.22922316624263,-3.7004316339608483,304.9348485159012,7.728009126938796,0.1491416614389956,7.727061569931093,0.15763957656601613,0.11431849890198456,0.5551348592920581,-2.833763637862007,0.0033142763805300984,0.07613436491407234,0.6025891661643982,-0.17950567752122878,0.18496999989151955,0.39,6.754543314412405,0.057380186569193255,-0.9996014793809687,-0.5803611278533936,-0.9858765006065369,-0.23000000417232513,0.0,9.75,baseline
170.34894566306934,129.65105433693066,-3.6886138666808463,304.9430737169587,7.6944328896458,0.14948221415674123,7.693584829616184,0.15753013580087882,0.10503332277589435,0.5688224958699322,-2.8349840242719004,0.0031957726578063918,0.0691343082427001,0.6025834727287293,-0.17947669029235838,0.18496999989151955,0.39,6.7226072741433445,0.058236324654726036,-0.9987733000343909,-0.5805509090423584,-0.9850482940673828,-0.23000000417232513,0.0,9.825,baseline
170.92458507579457,129.07541492420543,-3.676807907509019,304.950605495063,7.660290067596238,0.14974679546306163,7.6595461306153645,0.15732498957445407,0.09582705664059303,0.5819804982376169,-2.836157409171047,0.003070727907097756,0.06199071619084269,0.6025786751508713,-0.1794227921962738,0.18496999989151955,0.39,6.690807988531186,0.059103789758132304,-0.9972333557990006,-0.5807108283042908,-0.9835083484649658,-0.23000000417232513,0.0,9.9,baseline
171.4976537470954,128.5023462529046,-3.665020839443114,304.95744972389184,7.625603782989527,0.1499192708154148,7.624967859244232,0.15702686305924152,0.08669828094906576,0.5945882923509633,-2.8372806047967414,0.002939507471560989,0.05484226088950937,0.6025747680664062,-0.17934465289115906,0.18496999989151955,0.39,6.659147820831299,0.05998258835123966,-0.9950007909507433,-0.580841064453125,-0.9812757968902588,-0.23000000417232513,0.0,9.975,baseline
172.068112050019,127.93188794998099,-3.6532595077163155,304.9636121436838,7.590397976679883,0.14998494159710662,7.589873210429544,0.1566393908657864,0.07764569998523013,0.6066268197660786,-2.838349823483643,0.002802480581957446,0.04782615431150692,0.6025717335939408,-0.17924297541379927,0.18496999989151955,0.39,6.627629043909753,0.06087271456935689,-0.9920957241366525,-0.5809422135353088,-0.978370726108551,-0.23000000417232513,0.0,10.049999999999999,baseline
172.63592215141443,127.36407784858557,-3.6415304475728805,304.9690984621716,7.554697335861299,0.14993085316849794,7.554286126363569,0.1561671078551341,0.06866814290417209,0.6180784370817533,-2.8393607832143326,0.0026600201041143113,0.041075813920735164,0.6025695627927781,-0.17911849617958067,0.18496999989151955,0.39,6.5962538372489545,0.061774151691258286,-0.9885391782670137,-0.5810145735740662,-0.9748141765594482,-0.23000000417232513,0.0,10.125,baseline
173.20104802230975,126.79895197769025,-3.629839807785325,304.9739142308458,7.518527225805508,0.1497460634036299,7.518231238959165,0.15561542294429462,0.05976457153770634,0.628926819379908,-2.840308827095547,0.0025125024095164253,0.03471862365123018,0.6025682431459427,-0.1789719808101654,0.18496999989151955,0.39,6.565024281672206,0.06268686898635176,-0.9843530139808644,-0.5810585618019104,-0.970628023147583,-0.23000000417232513,0.0,10.2,baseline
173.76345550790242,126.23654449209758,-3.6181933294165236,304.97806497846295,7.4819136267453565,0.14942186675812982,7.481733817162299,0.1549905772949122,0.05093406765772039,0.6391568686599286,-2.8411890496885,0.0023603068096959656,0.0288738285037015,0.602567754983902,-0.17880421996116638,0.18496999989151955,0.39,6.533942358772964,0.06361082449010061,-0.9795598622135114,-0.5810748338699341,-0.9658348560333252,-0.23000000417232513,0.0,10.275,baseline
174.32311237941434,125.67688762058566,-3.6065962353485634,304.9815561524001,7.444883073901363,0.14895197196589408,7.444819715838895,0.15429958750258066,0.04217583012360256,0.6487546279844156,-2.8419964269290556,0.002203815336456942,0.023650596016358966,0.6025680840015412,-0.17861603140830992,0.18496999989151955,0.39,6.503009947065367,0.06454596252718497,-0.9741830660605976,-0.5810638666152954,-0.9604580402374268,-0.23000000417232513,0.0,10.35,baseline
174.87998834446418,125.12001165553582,-3.5950531962910066,304.98439314797724,7.407462605441085,0.14833263055810622,7.407515335244361,0.1535501745769029,0.03348918030214865,0.6577072055668507,-2.842725951619884,0.0020434127021831706,0.01914627493608381,0.6025692158937455,-0.1784082558751106,0.18496999989151955,0.39,6.472228819132211,0.0654922158131642,-0.9682466240962381,-0.5810261368751526,-0.9545215964317322,-0.23000000417232513,0.0,10.424999999999999,baseline
175.43405513520463,124.56594486479537,-3.5835682925485455,304.98658130845797,7.369679705063875,0.14756271386454375,7.369847563799533,0.15275067994061806,0.02487355503836715,0.6660027081413371,-2.8433727673097637,0.0018794859430821037,0.015444879153937255,0.602571130990982,-0.17818175494670868,0.18496999989151955,0.39,6.44160064105447,0.06644950392442486,-0.9617751389822481,-0.5809623003005981,-0.9480501413345337,-0.23000000417232513,0.0,10.5,baseline
175.9852865031471,124.01471349685289,-3.572144933287377,304.98812594780884,7.331562264738941,0.14664373951581786,7.33184375520729,0.15190997103187853,0.0163285048644657,0.6736301859974695,-2.8439322990599196,0.0017124237104879244,0.012615819329927037,0.6025738149881363,-0.17793740689754486,0.18496999989151955,0.39,6.411126967563745,0.0674177341416568,-0.9547937656139661,-0.5808728337287903,-0.9410687685012817,-0.23000000417232513,0.0,10.575,baseline
176.53365827359337,123.46634172640663,-3.5607858862849104,304.9890323409468,7.293138532162871,0.14557984635659138,7.293531670514117,0.15103733657326998,0.007853681580923921,0.6805795870511346,-2.8444003776527476,0.001542616228101283,0.010712900256527217,0.6025772428512574,-0.1776761108636856,0.18496999989151955,0.39,6.380809242326909,0.06839680098199893,-0.9473281749910561,-0.5807585716247559,-0.9336031675338745,-0.23000000417232513,0.0,10.65,baseline
177.07914836897766,122.92085163102234,-3.5494931632063915,304.9893057432764,7.254437079626399,0.14437772142320843,7.254939458261227,0.15014237511658282,-0.000551160852791166,0.6868417279288167,-2.84477335625588,0.0013704554881908515,0.00977359718714781,0.6025814020633697,-0.17739878267049788,0.18496999989151955,0.39,6.350648794952364,0.0693865879818858,-0.9394045047543045,-0.5806199312210083,-0.9256795048713684,-0.23000000417232513,0.0,10.725,baseline
177.6217368295949,122.37826317040509,-3.538268100340222,304.98895140369495,7.2154867585230145,0.14304647915846497,7.216095600423676,0.14923487668060698,-0.008886170175761182,0.6924082767973139,-2.8450482185317014,0.0011963345221345466,0.009818619483370278,0.6025862693786621,-0.1771063506603241,0.18496999989151955,0.39,6.320646839706229,0.07038696700404241,-0.9310493289437883,-0.5804576873779297,-0.9173243045806885,-0.23000000417232513,0.0,10.799999999999999,baseline
178.16140583953492,121.83859416046508,-3.5271112438748737,304.98797455807426,7.176316670597684,0.14159749754457365,7.17702888904096,0.14832470168768383,-0.017151401331919003,0.697271749672358,-2.845222673000919,0.0010206473355347488,0.010851766155197123,0.6025918287038803,-0.1767997619509697,0.18496999989151955,0.39,6.29080447437228,0.07139779831024269,-0.9222896151064657,-0.580272376537323,-0.9085646271705627,-0.23000000417232513,0.0,10.875,baseline
178.69813976555474,121.30186023444526,-3.5160224391344066,304.98638043578694,7.1369561320708845,0.1400442139235847,7.137768384746581,0.1474216574779221,-0.025346823944592367,0.7014255207103586,-2.845295234193396,0.0008437882152095309,0.01286007082589981,0.6025980567932129,-0.17647996991872786,0.18496999989151955,0.39,6.261122678825579,0.07241893141760261,-0.9131526971010353,-0.5800647735595703,-0.8994277119636536,-0.23000000417232513,0.0,10.95,baseline
179.23192516226825,120.76807483773175,-3.5050007838388444,304.9841742727126,7.097434642243889,0.13840188592760466,7.098343382400289,0.1465353756244208,-0.033472330848031126,0.7048638424114525,-2.8452652875938873,0.0006661509879766962,0.015814230519541384,0.6026049339771271,-0.1761479425430298,0.18496999989151955,0.39,6.2316023128944895,0.07345020579974285,-0.903666242745976,-0.5798355340957642,-0.8899412155151367,-0.23000000417232513,0.0,11.025,baseline
179.7627507669579,120.23724923304209,-3.4940446620964765,304.98136132752006,7.057781850845576,0.13668732249199322,7.0587833746148245,0.14567519124149522,-0.041527736448823765,0.7075818796938212,-2.845133139683861,0.0004881295281113848,0.019669306371471892,0.6026124423742294,-0.17580466240644455,0.18496999989151955,0.39,6.202244116075246,0.07449145152038551,-0.8938582241926899,-0.5795852541923523,-0.8801332116127014,-0.23000000417232513,0.0,11.1,baseline
180.2906075617815,119.70939243821849,-3.483151791150844,304.97794686212,7.018027519554867,0.13491858999344003,7.019118001842111,0.14485002615659984,-0.04951277416929803,0.7095757569348567,-2.844900051846179,0.0003101168327523978,0.024365681432015156,0.6026205658912659,-0.17545111626386642,0.18496999989151955,0.39,6.1730487078173155,0.075542488548257,-0.8837568839720373,-0.5793144702911377,-0.8700318932533264,-0.23000000417232513,0.0,11.174999999999999,baseline
180.815488740074,119.18451125992601,-3.4723192213770626,304.97393617098305,6.978201497628725,0.1331146987379254,6.979377031317944,0.1440682790835864,-0.05742712092372791,0.7108426122512012,-2.8445682568780626,0.00013250369346951514,0.029830256748050503,0.6026292741298676,-0.17508829921483993,0.18496999989151955,0.39,6.144016584102017,0.07660312703671557,-0.8733907017873448,-0.5790241956710815,-0.8596656918525696,-0.23000000417232513,0.0,11.25,baseline
181.33738973485382,118.66261026514618,-3.4615434042706634,304.96933456157967,6.938333677216562,0.13129527837036303,6.939590298948704,0.1433377230276445,-0.06527038389219139,0.7113806582675478,-2.844140954499332,-4.432122080097101e-05,0.03597786100388004,0.6026385617256165,-0.174717218875885,0.18496999989151955,0.39,6.115148119295931,0.0776731693813558,-0.8627883709458553,-0.5787146091461182,-0.8490633964538574,-0.23000000417232513,0.0,11.325,baseline
181.85630821622715,118.14369178377285,-3.4508202264401855,304.9641473934689,6.898453962844387,0.12948024520802554,6.899787680576912,0.1426654119594585,-0.07304210765328085,0.7111892533236881,-2.84362229794607,-0.0002199725269743296,0.04271284711764452,0.6026484000682831,-0.174338880777359,0.18496999989151955,0.39,6.08644356458304,0.07875240921967283,-0.851978755075124,-0.578386664390564,-0.8382537364959717,-0.23000000417232513,0.0,11.4,baseline
182.3722440991567,117.62775590084331,-3.440145077593751,304.9583800326973,6.858592218994144,0.12768946962015112,6.859999024008987,0.14205759847140664,-0.08074177845267466,0.7102689726302424,-2.8430173561060395,-0.00039406859582248095,0.049930848046230596,0.6026587784290314,-0.17395430505275725,0.18496999989151955,0.39,6.057903048107507,0.07984063111432611,-0.840990859790829,-0.5780407190322876,-0.8272658586502075,-0.23000000417232513,0.0,11.475,baseline
182.88519952530842,117.11480047469158,-3.429512927021037,304.9520379169221,6.818778235903343,0.1259424487467364,6.820254120741385,0.14151966350812753,-0.08836882469005447,0.7086216880920828,-2.842332066766685,-0.0005662323618436572,0.05752065770986603,0.6026696753501892,-0.17356450766324996,0.18496999989151955,0.39,6.029526574546382,0.08093761243340264,-0.8298537816394076,-0.5776774883270264,-0.8161287903785706,-0.23000000417232513,0.0,11.549999999999999,baseline
183.39517887860114,116.60482112139886,-3.4189183533387304,304.94512651959803,6.779041675385594,0.12425799049069639,6.780582641322209,0.1410560589545938,-0.09592261848141787,0.7062506435687724,-2.841573172012006,-0.0007360929647824305,0.06536620530484837,0.6026810783147812,-0.17317050874233245,0.18496999989151955,0.39,6.001314026108036,0.08204312145514328,-0.818596674518994,-0.5772973895072937,-0.804871678352356,-0.23000000417232513,0.0,11.625,baseline
183.90218875927454,116.09781124072546,-3.4083556422171895,304.93765135972626,6.73941202006355,0.12265391383431068,6.74101408340691,0.14067026403890584,-0.10340248006741327,0.7031605296652571,-2.8407481425304915,-0.0009032861656693399,0.0733485872668807,0.6026929676532745,-0.17277333050966262,0.18496999989151955,0.39,5.973265161676937,0.08315691862982913,-0.8072486996382217,-0.5769010782241821,-0.7935237288475037,-0.23000000417232513,0.0,11.7,baseline
184.40623794758937,115.59376205241063,-3.397818871358644,304.9296179986277,6.699918521670805,0.121146771014876,6.701577721191721,0.14036475642599866,-0.11080768233591395,0.6993575567903251,-2.839865089859656,-0.0010674557266427255,0.08134812202371772,0.6027053290605545,-0.17237398892641068,0.18496999989151955,0.39,5.9453796182399,0.08427875681630179,-0.7958389741549882,-0.5764890313148499,-0.7821139693260193,-0.23000000417232513,0.0,11.775,baseline
184.90733744789028,115.09266255210972,-3.3873019487439846,304.92103207245646,6.660590133007345,0.11975159611908834,6.662302527467958,0.14014099718219142,-0.11813743849693524,0.6948495195488475,-2.8389326698124324,-0.0012282541312555475,0.08924639168606244,0.6027181535959244,-0.17197350412607193,0.18496999989151955,0.39,5.917656912882585,0.08540838192147895,-0.7843965202415054,-0.5760615468025208,-0.770671546459198,-0.23000000417232513,0.0,11.85,baseline
185.40550039527693,114.59449960472307,-3.3767987146011698,304.9118992661961,6.621455458052947,0.11848168265812317,6.623217134796507,0.13999943134458126,-0.12539091672698016,0.689645858666858,-2.837959980688014,-0.0013853439943659293,0.09692823702563105,0.6027314198017121,-0.17157288163900375,0.18496999989151955,0.39,5.890096440366034,0.08654553044593859,-0.7729502009038217,-0.5756193399429321,-0.7592251896858215,-0.23000000417232513,0.0,11.924999999999999,baseline
185.90074206336996,114.09925793663004,-3.3663030391355613,304.9022253429266,6.582542673541944,0.11734839516065881,6.584349743889249,0.13993950241554076,-0.13256723723882952,0.6837577077642693,-2.836956450180845,-0.0015383990229906606,0.10428367196510843,0.6027451205253601,-0.17117312908172608,0.18496999989151955,0.39,5.8626974782597685,0.087689932021355,-0.7615286677819101,-0.5751626491546631,-0.7478036880493164,-0.23000000417232513,0.0,12.0,baseline
186.39307983061144,113.60692016938856,-3.355808835273572,304.8920161112692,6.543879474638716,0.11636101688701564,6.545728082302285,0.1399596814033483,-0.1396654608283602,0.6771979353205538,-2.8359317260199868,-0.0016871052579060988,0.11120968494956475,0.6027592468261719,-0.1707752352952957,0.18496999989151955,0.39,5.835459186514652,0.08884130818086115,-0.7501602850732735,-0.5746917724609375,-0.7364352941513062,-0.23000000417232513,0.0,12.075,baseline
186.88253312581475,113.11746687418525,-3.3453101988772946,304.88127747750514,6.50549299521809,0.11552663373724817,6.507379314568598,0.14005750889801757,-0.1466846063286625,0.669981168431851,-2.834895560265179,-0.001831162358197375,0.11761189986567122,0.6027737790346146,-0.1703801828622818,0.18496999989151955,0.39,5.80838060931637,0.08999937196132766,-0.7388730758381582,-0.5742073655128479,-0.72514808177948,-0.23000000417232513,0.0,12.15,baseline
187.3691233944657,112.6308766055343,-3.3348014129899206,304.8700153999521,6.467409740991929,0.11485005841104995,6.4693299799026445,0.14022965055744205,-0.15362364907166842,0.6621238074114667,-2.833857693078777,-0.001970284178757869,0.12340606829991801,0.6027887117862701,-0.1699889376759529,0.18496999989151955,0.39,5.781460678080189,0.09116382843428539,-0.7276946418542958,-0.5737096071243286,-0.7139696478843689,-0.23000000417232513,0.0,12.225,baseline
187.85287404168392,112.14712595831608,-3.324277054057228,304.8582359280708,6.429655522900165,0.11433379354996626,6.431605930107965,0.14047196373221896,-0.1604815168123278,0.6536440256467562,-2.832827743783024,-0.00210420008551828,0.12851936943398407,0.6028040325641633,-0.1696024489402771,0.18496999989151955,0.39,5.754698213304386,0.09233437589003779,-0.7166520960450589,-0.5731989145278931,-0.7029271125793457,-0.23000000417232513,0.0,12.299999999999999,baseline
188.3338103907424,111.6661896092576,-3.313732047161447,304.84594520567816,6.392255377907013,0.11397803395162107,6.394232242033429,0.140779574250059,-0.1672570840271121,0.6445617524952727,-2.831815102380607,-0.0022326560975074222,0.1328914990652099,0.602819737792015,-0.16922164499759673,0.18496999989151955,0.39,5.728091927707385,0.09351070417535455,-0.7057719953638171,-0.5726754069328308,-0.6920469999313354,-0.23000000417232513,0.0,12.375,baseline
188.81195960789222,111.18804039210778,-3.3031616915077087,304.83314943191135,6.355233502627203,0.11378070630648293,6.357233154934454,0.14114696253517633,-0.17394917685135733,0.6348986413531511,-2.8308288285882877,-0.0023554156642718867,0.13647553141974447,0.6028358149528503,-0.16884743332862853,0.18496999989151955,0.39,5.701640428509168,0.09469249391290856,-0.6950802615928597,-0.5721395015716553,-0.6813552379608154,-0.23000000417232513,0.0,12.45,baseline
189.28735064532643,110.71264935467357,-3.2925617411508625,304.8198549165545,6.318613188942905,0.11373754538486353,6.320632010372574,0.14156805769205402,-0.18055658532153407,0.6246780237493278,-2.8298775558385403,-0.002472259997695682,0.1392385420275397,0.602852253317833,-0.16848069846630095,0.18496999989151955,0.39,5.675342221565928,0.09587941826482232,-0.6846021123898189,-0.5715915560722351,-0.6708770990371704,-0.23000000417232513,0.0,12.525,baseline
189.76001416860086,110.23998583139914,-3.281928396489335,304.8060680572671,6.2824167484599736,0.11384220477410964,6.284451166458562,0.1420363366823132,-0.18707806065763266,0.6139248475337602,-2.8289694040442286,-0.002582989024299454,0.14116198276417294,0.6028690457344055,-0.16812229573726653,0.18496999989151955,0.39,5.649195714507046,0.09707114274194895,-0.6743619944312501,-0.5710318088531494,-0.6606370210647583,-0.23000000417232513,0.0,12.6,baseline
190.2299824788608,109.77001752113921,-3.27125838498969,304.7917953590886,6.2466654538122235,0.11408639913015681,6.248711941975358,0.14254492827101284,-0.19351231636251157,0.6026655986529166,-2.8281119044305068,-0.0026874228403477194,0.1422418067052512,0.6028861832618714,-0.16777304708957672,0.18496999989151955,0.39,5.623199220726953,0.09826732556090256,-0.6643835057816196,-0.5704605579376221,-0.6506584882736206,-0.23000000417232513,0.0,12.674999999999999,baseline
190.69728944285504,109.30271055714496,-3.260548939933443,304.77704339211505,6.211379482112638,0.11446007470602876,6.213434563424323,0.1430867195865941,-0.19985803015485953,0.590928206960781,-2.827311933130373,-0.0027854012649634885,0.14248834410683905,0.602903658747673,-0.1674337515234947,0.18496999989151955,0.39,5.597350963662657,0.0994676171908431,-0.6546893358302621,-0.5698780417442322,-0.6409643292427063,-0.23000000417232513,0.0,12.75,baseline
191.16197039442935,108.83802960557065,-3.2497978471464837,304.7618188664246,6.176577849411377,0.11495160399050675,6.178638088796306,0.143654462639742,-0.2061138468797506,0.5787419422069583,-2.826575655083829,-0.002876784096504014,0.14192593421154834,0.6029214632511138,-0.1671051663160324,0.18496999989151955,0.39,5.571649080642973,0.10067166185513172,-0.6453012039995918,-0.5692845582962036,-0.6315761804580688,-0.23000000417232513,0.0,12.825,baseline
191.62406205157836,108.37593794842164,-3.2390034364918074,304.7461285668942,6.142278364059276,0.11554800153683828,6.144340364480257,0.14424088063263701,-0.21227837941881883,0.5661372954538638,-2.8259084811329287,-0.0029614518141222886,0.14059232288926632,0.6029395914077759,-0.16678801745176314,0.18496999989151955,0.39,5.546091628306386,0.1018790956328315,-0.6362397892979986,-0.5686802864074707,-0.6225147843360901,-0.23000000417232513,0.0,12.9,baseline
192.0836024179439,107.9163975820561,-3.2281645818587426,304.729979392328,6.108497578095388,0.11623515533168191,6.1105579739977145,0.1448387712652002,-0.21835022490306655,0.5531458491879321,-2.825315035788354,-0.003039305589555472,0.13853783923485527,0.6029580271244049,-0.16648298919200896,0.18496999989151955,0.39,5.52067658716319,0.10308954852343269,-0.6275246805243307,-0.5680657625198364,-0.6137996912002563,-0.23000000417232513,0.0,12.975,baseline
192.54063070505285,107.45936929494715,-3.2172806799089186,304.7133783489012,6.07525074521387,0.11699807124646541,6.077306194628138,0.1454411060633851,-0.22432796815926304,0.5398001362975344,-2.8247991351772854,-0.0031102676050020254,0.1358243678413449,0.6029767650365829,-0.1661907261610031,0.18496999989151955,0.39,5.4954018670130855,0.10430264521852783,-0.6191743222614137,-0.5674411654472351,-0.6054493188858032,-0.23000000417232513,0.0,13.049999999999999,baseline
192.99518720530176,107.00481279469824,-3.2063516500623885,304.69633255343797,6.04255178328124,0.11782112519036786,6.044598958916273,0.14604112333317107,-0.23021017523307089,0.5261334903663345,-2.8243637800920953,-0.0031742805956736174,0.13252413641861877,0.6029957979917526,-0.16591183334589005,0.18496999989151955,0.39,5.470265311222094,0.10551800571207595,-0.61120596920178,-0.5668067336082458,-0.5974809527397156,-0.23000000417232513,0.0,13.125,baseline
193.44731321419468,106.55268678580532,-3.195377913243588,304.67884921387486,6.010413242935447,0.11868831808730335,6.012448822910121,0.14663241399277696,-0.23599539660766106,0.5121798907617638,-2.8240111595081823,-0.003231307447407552,0.12871834325366613,0.6030151188373566,-0.1656468719244003,0.18496999989151955,0.39,5.445264703708403,0.10673524442482944,-0.6036356407641841,-0.5661627054214478,-0.589910626411438,-0.23000000417232513,0.0,13.2,baseline
193.89705091110784,106.10294908889216,-3.1843603578754447,304.6609356650674,5.978846282832844,0.1195835292125598,5.980866941789947,0.14720899902663,-0.24168218335794647,0.4979738020616893,-2.8237426635725154,-0.0032813311842472877,0.12449564988154774,0.6030347132682801,-0.16539635717868803,0.18496999989151955,0.39,5.4203977732192925,0.10795397117667369,-0.5964780846109693,-0.565509557723999,-0.58275306224823,-0.23000000417232513,0.0,13.275,baseline
194.34444326338576,105.65555673661424,-3.1733002888795965,304.64259934274105,5.947860650441066,0.12049076456706548,5.949863051693819,0.1477653975395221,-0.24726910152172318,0.48355000902305006,-2.8235589054251404,-0.0033243544662834128,0.11995056589825631,0.6030545687675476,-0.16516076058149337,0.18496999989151955,0.39,5.395662199889069,0.10917379205093075,-0.5897467453122701,-0.5648477077484131,-0.5760217308998108,-0.23000000417232513,0.0,13.35,baseline
194.78953390192075,105.21046609807925,-3.1621994021681497,304.6238477932734,5.917464668932038,0.12139439687614503,5.919445458144964,0.14829668392102358,-0.25275472272916794,0.4689434505490628,-2.8234597550238694,-0.003360399110066487,0.11518175409627994,0.6030746817588806,-0.16494050562381743,0.18496999989151955,0.39,5.371055620513784,0.11039431190037527,-0.5834537388598491,-0.5641772747039795,-0.5697287321090698,-0.23000000417232513,0.0,13.424999999999999,baseline
195.23236704598287,104.76763295401713,-3.1510597633899224,304.6046886671643,5.8876652305156485,0.12227939117403608,5.8896210318212034,0.14879853363137255,-0.25813764063749767,0.4541890530709394,-2.82344438265964,-0.003389505441517247,0.11029028726387698,0.6030950325727463,-0.16473596990108488,0.18496999989151955,0.39,5.346575635394359,0.1116151329292982,-0.5776098317578116,-0.5634989142417908,-0.5638848543167114,-0.23000000417232513,0.0,13.5,baseline
195.672987352886,104.327012647114,-3.1398837101845296,304.5851297060294,5.858467796266526,0.12313151476034012,5.860395211372572,0.1492672576529832,-0.26341648161116044,0.43932156657151084,-2.823511305769491,-0.0034117317056385306,0.1053778869190546,0.6031156122684479,-0.16454748094081878,0.18496999989151955,0.39,5.322219812470943,0.11283585686157124,-0.5722244289277404,-0.5628129243850708,-0.5584994554519653,-0.23000000417232513,0.0,13.575,baseline
196.11143985836912,103.88856014163088,-3.1286738436776496,304.5651787914353,5.829876401843967,0.12393752810820602,5.831772012504791,0.14969982419885927,-0.26858989808034595,0.42437540306500354,-2.8236584464226513,-0.003427153346559581,0.10054517295783706,0.6031364119052887,-0.16437532037496566,0.18496999989151955,0.39,5.2979856955912705,0.11405608661245666,-0.5673055640865322,-0.5621196031570435,-0.5535805821418762,-0.23000000417232513,0.0,13.65,baseline
196.5477698236656,103.45223017633441,-3.1174329732259083,304.54484385372916,5.801893669269616,0.1246853531080751,5.803754043624364,0.15009386824780055,-0.27365657609417243,0.40938448157874335,-2.82388319416707,-0.0034358618783186692,0.09588995541831952,0.6031574189662934,-0.16421972185373307,0.18496999989151955,0.39,5.273870807789698,0.11527542402658249,-0.5628599007473879,-0.5614193677902222,-0.5491349101066589,-0.23000000417232513,0.0,13.725,baseline
196.98202266811415,103.01797733188585,-3.10616405267289,304.5241329534351,5.774520825292443,0.1253642168754508,5.776342528353901,0.15044768908544107,-0.2786152517503201,0.3943820807488165,-2.8241824714766617,-0.003437964028876748,0.09150559662696188,0.6031786173582077,-0.16408087104558944,0.18496999989151955,0.39,5.249872659698393,0.11649347351942585,-0.558892733327861,-0.5607127547264099,-0.5451677441596985,-0.23000000417232513,0.0,13.799999999999999,baseline
197.41424384733162,102.58575615266838,-3.0948701463429624,304.5030542454606,5.747757725766443,0.12596477019608845,5.749537334032833,0.15076023596309965,-0.28346471855884775,0.3794006994504069,-2.8245528028396145,-0.003433581013416841,0.08747946987950089,0.6031999945640564,-0.16395890563726423,0.18496999989151955,0.39,5.225988753253722,0.11770984160698456,-0.555408000096475,-0.5600001811981201,-0.54168301820755,-0.23000000417232513,0.0,13.875,baseline
197.84447875990276,102.15552124009724,-3.0835543610453424,304.4816159660577,5.721602885822644,0.12647917873168757,5.723337005880941,0.151031082192828,-0.2882038350729912,0.36447192628558156,-2.8249903878067926,-0.0034228478080809764,0.08389153961607398,0.6032215344905854,-0.16385391533374785,0.18496999989151955,0.39,5.202216588396761,0.11892413886324407,-0.5524082993965165,-0.5592821836471558,-0.538683295249939,-0.23000000417232513,0.0,13.95,baseline
198.27277263592035,101.72722736407965,-3.0722198248163832,304.4598264165511,5.696053514863747,0.1269011867056512,5.697738805642109,0.15126038853873944,-0.2928315262348089,0.34962631980726955,-2.8254911746721683,-0.003405911927777898,0.08081308596614745,0.6032432264089584,-0.16376594603061675,0.18496999989151955,0.39,5.178553668205349,0.12013598122702829,-0.5498949132334576,-0.5585591197013855,-0.5361698865890503,-0.23000000417232513,0.0,14.025,baseline
198.69917046441128,101.30082953558872,-3.060869627424122,304.4376940024131,5.671105556481042,0.12722615231036657,5.672738754684666,0.15144885639556702,-0.2973467804733433,0.33489330264077516,-2.8260509359439188,-0.003382932030729628,0.07830559330604937,0.6032650595903397,-0.16369499981403351,0.18496999989151955,0.39,5.154997505024381,0.1213449906516442,-0.5478678336949218,-0.557831346988678,-0.5341428518295288,-0.23000000417232513,0.0,14.1,baseline
199.12371689224514,100.87628310775486,-3.049506799111696,304.41522718441956,5.646753734794643,0.12745105447959965,5.648331683021857,0.15159767222246628,-0.30174866139590456,0.3203010686541264,-2.8266653424303665,-0.0033540776831845554,0.07641982036088439,0.6032870179414749,-0.16364102870225905,0.18496999989151955,0.39,5.131545624457379,0.12255079358440876,-0.5463257960851226,-0.5570994019508362,-0.5326008200645447,-0.23000000417232513,0.0,14.174999999999999,baseline
199.5464561126785,100.4535438873215,-3.038134246848542,304.39243450797994,5.622991604095619,0.12757447231126487,5.624511280923261,0.15170844450235887,-0.3060363244867723,0.305876500318182,-2.827330033258341,-0.003319528321604391,0.07519506494586096,0.6033090835809708,-0.16360394716262816,0.18496999989151955,0.39,5.108195570926517,0.12375302383492162,-0.5452663192344954,-0.5563638806343079,-0.5315413475036621,-0.23000000417232513,0.0,14.25,baseline
199.9674318420264,100.0325681579736,-3.026754750078733,304.3693245575196,5.599811601935344,0.12759653886372835,5.601270153099073,0.15178313397534984,-0.3102090159631632,0.29164510289817386,-2.8280406845339874,-0.003279471878527299,0.0746586321179578,0.6033312457799912,-0.16358362585306166,0.18496999989151955,0.39,5.0849449138026825,0.12495132369901442,-0.5446857469361449,-0.5556251406669617,-0.530960738658905,-0.23000000417232513,0.0,14.325,baseline
200.3866871745038,99.6133128254962,-3.0153709394595816,304.3459060021087,5.577205105582808,0.12751887009195098,5.578599875397131,0.15182397836924907,-0.31426606350480835,0.27763095298270407,-2.8287930775623997,-0.0032341036906242187,0.07482551275036536,0.6033534955978394,-0.16357989996671676,0.18496999989151955,0.39,5.061791248688548,0.1261453451899923,-0.5445792970038503,-0.5548834800720215,-0.5308542847633362,-0.23000000417232513,0.0,14.399999999999999,baseline
200.80426454334733,99.19573545665267,-3.003985262864525,304.3221875107788,5.555162492013055,0.12734446958955106,5.556491054326167,0.15183341350585616,-0.31820688911554534,0.26385666274961755,-2.829583161331997,-0.003183625718583514,0.07569827644203937,0.603375815153122,-0.16359256297349928,0.18496999989151955,0.39,5.038732205402291,0.12733474755731672,-0.5449411075617648,-0.5541394948959351,-0.5312160849571228,-0.23000000417232513,0.0,14.475,baseline
201.22020564045945,98.77979435954055,-2.992599976876125,304.29817783067847,5.533673199957544,0.12707761280355637,5.534933387794147,0.15181399242625154,-0.3220310179935495,0.25034335664786617,-2.8304071070776455,-0.0031282458564741663,0.077267177344144,0.6033981919288636,-0.16362137496471404,0.18496999989151955,0.39,5.015765450115897,0.12851920137050132,-0.5457642933343257,-0.5533936023712158,-0.5320392847061157,-0.23000000417232513,0.0,14.549999999999999,baseline
201.63455136197382,98.36544863802618,-2.9812171425310185,304.27388572848895,5.512725793190574,0.12672371272732766,5.513915726306016,0.15176830341190523,-0.325738080302039,0.23711066255044566,-2.8312613594088716,-0.003068176997482565,0.0795104674592422,0.6034206116199493,-0.16366606056690214,0.18496999989151955,0.39,4.99288868977473,0.12969838723887187,-0.547041001895762,-0.552646279335022,-0.5333160161972046,-0.23000000417232513,0.0,14.625,baseline
202.04734172271245,97.95265827728755,-2.969838642306999,304.24932000016133,5.492308025144929,0.12628917016808083,5.493426134782957,0.15169888865663128,-0.32932780124300354,0.22417671561468056,-2.8321426816170407,-0.003003636592178637,0.08239491021624865,0.6034430688619614,-0.1637263110280037,0.18496999989151955,0.39,4.97009967509144,0.1308719977815762,-0.5487624720940995,-0.5518977046012878,-0.5350374579429626,-0.23000000417232513,0.0,14.7,baseline
202.45861583285753,97.54138416714247,-2.9584661673731447,304.2244894481705,5.472406902894823,0.12578120964773085,5.4734519532876815,0.15160816494283055,-0.3328000127276254,0.21155817448637076,-2.8330481942127683,-0.002934845274832552,0.08587648365025684,0.6034655439853668,-0.1638017925620079,0.18496999989151955,0.39,4.947396205250816,0.13203973614432044,-0.5509190930784706,-0.551148533821106,-0.5371940732002258,-0.23000000417232513,0.0,14.774999999999999,baseline
202.8684118201874,97.13158817981261,-2.947101217581325,304.19940289125,5.453008751049679,0.1252077064820716,5.4539798571586235,0.15149834810184462,-0.3361546435546446,0.19927025293216682,-2.8339754036493146,-0.0028620258634450796,0.089901258528344,0.6034880369901657,-0.16389214217662812,0.18496999989151955,0.39,4.924776129192836,0.13320131808219957,-0.5535004642516528,-0.5503987669944763,-0.5397754907608032,-0.23000000417232513,0.0,14.85,baseline
203.27676677563525,96.72323322436475,-2.9357451524495475,304.17406913836294,5.434099276607757,0.12457700563594418,5.434995917841554,0.15137138182263812,-0.33939172346078206,0.18732676014995261,-2.834922227903994,-0.0027854038584335184,0.09440643419544421,0.6035105299949646,-0.1639969655871391,0.18496999989151955,0.39,4.902237349889694,0.13435647048905813,-0.5564954528868755,-0.5496490001678467,-0.5427704453468323,-0.23000000417232513,0.0,14.924999999999999,baseline
203.68371675847197,96.31628324152803,-2.9243992081589636,304.14849701802495,5.4156636301030545,0.12389773738906237,5.4164856598000615,0.15122887324590462,-0.3425113867561966,0.17574014769817403,-2.835887008594891,-0.0027052062108578875,0.09932151383215135,0.6035330176353455,-0.1641158539056778,0.18496999989151955,0.39,4.879777827340061,0.1355049326644057,-0.5598922569845628,-0.5488994121551514,-0.546167254447937,-0.23000000417232513,0.0,15.0,baseline
204.08929669002836,95.91070330997164,-2.9130644932931444,304.1226953131559,5.397686465325306,0.12317863209487365,5.398434115936943,0.15107203509520487,-0.3455138678147337,0.16452156963119177,-2.8368685186739473,-0.002621660422691344,0.10456959551412685,0.6035554891824723,-0.16424837112426757,0.18496999989151955,0.39,4.8573955782840414,0.13664645586999494,-0.5636784642407289,-0.548150360584259,-0.5499534606933594,-0.23000000417232513,0.0,15.075,baseline
204.4935403666478,95.5064596333522,-2.9017420610743394,304.0966728034532,5.380151997453064,0.12242833743585,5.380825881469109,0.15090163632233947,-0.34839950105608875,0.15368094757015005,-2.8378659614200825,-0.002534994543223661,0.11006875734155135,0.6035779374837875,-0.1643940645456314,0.18496999989151955,0.39,4.83508868204844,0.13778080474309184,-0.5678411041222485,-0.5474020838737488,-0.5541161298751831,-0.23000000417232513,0.0,15.149999999999999,baseline
204.89648042339877,95.10351957660123,-2.8904328881139714,304.07043824255834,5.363044058216062,0.12165524116246126,5.363645164945779,0.15071796156381156,-0.3511687166691692,0.14322704079499096,-2.8388789613234744,-0.0024454369571338015,0.1157335113652466,0.603600355386734,-0.16455246061086654,0.18496999989151955,0.39,4.812855279834371,0.13890775602313457,-0.5723667067051404,-0.5466548204421997,-0.5586417317390442,-0.23000000417232513,0.0,15.225,baseline
205.29814828221802,94.70185171778198,-2.87913799763111,304.04400034833316,5.346346148537661,0.12086730258108191,5.346875837984231,0.15052078025503607,-0.35382202720601513,0.13316751901268545,-2.8399075474669604,-0.002353215950756009,0.12147630109713412,0.6036227428913117,-0.16472307324409485,0.18496999989151955,0.39,4.790693576713068,0.14002709872355013,-0.5772413554172616,-0.5459085702896118,-0.56351637840271,-0.23000000417232513,0.0,15.299999999999999,baseline
205.69857414154563,94.30142585845437,-2.867858429707584,304.0173677670218,5.330041481530767,0.12007189366857549,5.330501469298318,0.1503093254968577,-0.35636003731890886,0.12350903921717152,-2.8409521288102173,-0.002258559002050909,0.12720901690660652,0.6036450856924057,-0.1649054017663002,0.18496999989151955,0.39,4.768601844478009,0.14113863281472713,-0.5824507359611641,-0.5451638102531433,-0.5687257647514343,-0.23000000417232513,0.0,15.375,baseline
206.09778698150376,93.90221301849624,-2.8565952880287413,303.99054915141596,5.314113039243977,0.11927565555610373,5.314505389133239,0.150082284640981,-0.35878343330941215,0.11425732400859695,-2.842013462233199,-0.0021616930098883017,0.1328445030112782,0.6036673891544342,-0.1650989308953285,0.18496999989151955,0.39,4.7465784222149905,0.14224217146761436,-0.5879801773198782,-0.5444203615188599,-0.5742551684379578,-0.23000000417232513,0.0,15.45,baseline
206.4958145068628,93.50418549313719,-2.8453498036138356,303.9635530533901,5.298543601851797,0.11848436913239921,5.29887070327303,0.14983779858855167,-0.361092981468922,0.1054172369237025,-2.8430926151850944,-0.0020628438208720816,0.13829802992647947,0.6036896407604218,-0.165303139090538,0.18496999989151955,0.39,4.724621716017293,0.1433375374546506,-0.59381470924646,-0.5436786413192749,-0.5800896883010864,-0.23000000417232513,0.0,15.524999999999999,baseline
206.89268315481138,93.10731684518862,-2.8341233900552902,303.9363879760258,5.283315791502761,0.11770284429675493,5.283580339825435,0.1495734732384127,-0.36328952995867675,0.09699285879820771,-2.8441909204354268,-0.0019622359515633855,0.1434887089057336,0.6037118405103683,-0.1655174922943115,0.18496999989151955,0.39,4.702730202122545,0.14442456617456723,-0.5999390873709962,-0.5429386496543884,-0.5862140655517578,-0.23000000417232513,0.0,15.6,baseline
207.28841807162888,92.71158192837112,-2.822917630768824,303.90906237358604,5.268412109896799,0.11693482909727645,5.268617087030286,0.14928640038164628,-0.3653739859479132,0.08898755888550008,-2.845309929297189,-0.0018600928467390689,0.14834082337488866,0.6037339919805527,-0.16574145019054412,0.18496999989151955,0.39,4.680902426485374,0.14550310431426725,-0.606337836920514,-0.5422002673149109,-0.5926128625869751,-0.23000000417232513,0.0,15.674999999999999,baseline
207.68304311267607,92.31695688732393,-2.8117343597265076,303.8815846059624,5.253814965105321,0.11618293740104846,5.25396361241601,0.1489731883245591,-0.3673473350712476,0.08140406048045688,-2.846451358138009,-0.0017566371969510242,0.15278505761580952,0.6037560790777207,-0.16597445994615553,0.18496999989151955,0.39,4.659137006060411,0.14657300710616844,-0.6129952895298658,-0.5414640307426453,-0.5992702841758728,-0.23000000417232513,0.0,15.75,baseline
208.07658083202557,91.92341916797443,-2.8005756742029555,303.85396297772695,5.239506700786084,0.11544860088052189,5.239602491867198,0.14863000246105537,-0.3692106162240771,0.07424449959695532,-2.8476170286442835,-0.0016520903512017842,0.15675960163423155,0.6037781178951264,-0.16621597081422806,0.18496999989151955,0.39,4.637432628802816,0.14763414202967723,-0.6198956106964076,-0.5407294034957886,-0.6061705946922302,-0.23000000417232513,0.0,15.825,baseline
208.46905245653642,91.53094754346358,-2.789443968765361,303.8262056860658,5.225469621986165,0.11473204098575748,5.225516234556084,0.14825261325268754,-0.3709649171492391,0.06751048095054811,-2.8488088137334393,-0.0015466717857046618,0.16021111435036536,0.6038000977039337,-0.16646542370319367,0.18496999989151955,0.39,4.615788054238593,0.1486863846150807,-0.627022827249894,-0.5399967432022095,-0.6132978200912476,-0.23000000417232513,0.0,15.899999999999999,baseline
208.86047792991363,91.13952207008637,-2.778341999014939,303.798320879353,5.2116860194578996,0.11403226364071412,5.211687306464624,0.14783645305098017,-0.37261138347413025,0.06120312575358562,-2.8500285745105116,-0.0014405996015383238,0.16309553277193017,0.6038220202922822,-0.16672225534915924,0.18496999989151955,0.39,4.594202114890497,0.14972961947593455,-0.6343608506670773,-0.5392659902572632,-0.6206358671188354,-0.23000000417232513,0.0,15.975,baseline
209.2508758660547,90.74912413394529,-2.767272834841629,303.7703165985631,5.1981381892752925,0.11334707630465354,5.1980981475046715,0.14737667875647883,-0.3741512096017781,0.055323109493554894,-2.851278099559862,-0.0013340907656954086,0.16537871226637513,0.6038438838720321,-0.16698589831590652,0.18496999989151955,0.39,4.57267371385475,0.1507637396363052,-0.6418935048062258,-0.5385372042655945,-0.628168523311615,-0.23000000417232513,0.0,16.05,baseline
209.64026355163298,90.35973644836702,-2.7562399411574434,303.74220078380904,5.184808453007104,0.11267312673460758,5.184731192314903,0.14686824026786183,-0.3755856300733767,0.049870690686788226,-2.852559045609239,-0.0012273609894632848,0.16703689042109104,0.6038656920194626,-0.16725578308105468,0.18496999989151955,0.39,4.551201827366991,0.15178864719531998,-0.6496045434396925,-0.5378102660179138,-0.6358795166015625,-0.23000000417232513,0.0,16.125,baseline
210.02865696942862,89.97134303057138,-2.7452471609025806,303.71398130360285,5.17167917069577,0.11200596165491544,5.171568879550748,0.1463059527921447,-0.3769159186819804,0.04484573250216632,-2.853872879497529,-0.001120623702871458,0.1680569685205401,0.6038874411582946,-0.16753134429454802,0.18496999989151955,0.39,4.529785504660186,0.15280425209453402,-0.6574776703258447,-0.5370852947235107,-0.6437526941299438,-0.23000000417232513,0.0,16.2,baseline
210.4160707905502,89.58392920944979,-2.734298736290117,303.68566591255467,5.158732761071256,0.11134010551390017,5.158593674787505,0.14568457263608037,-0.37814337844928786,0.04024771827818081,-2.855220823093858,-0.0010140909382288985,0.16843660802036747,0.6039091384410858,-0.16781200408935545,0.18496999989151955,0.39,4.508423866681426,0.15381047113375215,-0.6654965514200868,-0.5363620519638062,-0.6517715454101562,-0.23000000417232513,0.0,16.275,baseline
210.80251835629255,89.19748164370745,-2.723399279060266,303.6572622741701,5.145951716625113,0.11066915592480606,5.14578808578933,0.14499887441987275,-0.3792693495565186,0.03607575224507479,-2.8566038026838334,-0.0009079730997299653,0.16818414284238445,0.6039307749271393,-0.1680971950292587,0.18496999989151955,0.39,4.487116106519738,0.15480722803727448,-0.6736448364279759,-0.5356408357620239,-0.6599198579788208,-0.23000000417232513,0.0,16.349999999999998,baseline
211.18801170923766,88.81198829076234,-2.71255381722397,303.6287779543245,5.133318613521084,0.10998589630801733,5.1331346684417,0.14424372860723295,-0.38029519357187463,0.03232855688495676,-2.8580223996504954,-0.0008024784782587426,0.1673183106944893,0.6039523631334305,-0.16838634133338928,0.18496999989151955,0.39,4.46586149040391,0.15579445372167983,-0.6819061724206633,-0.5349212288856506,-0.6681811809539795,-0.23000000417232513,0.0,16.425,baseline
211.57256158807547,88.42743841192453,-2.701767748322138,303.6002204147603,5.120816132550027,0.10928242106943581,5.120616054826544,0.1434141781597138,-0.3812222994889153,0.02900445961191716,-2.8594768129898083,-0.0006978132597396774,0.16586781033269726,0.6039738923311233,-0.1686788734793663,0.18496999989151955,0.39,4.444659355991929,0.1567720845988898,-0.6902642144856723,-0.5342035889625549,-0.6765392422676086,-0.23000000417232513,0.0,16.5,baseline
211.95617743019866,88.04382256980134,-2.6910468139312833,303.57159699355225,5.108427070820538,0.1085502729291401,5.108214963153616,0.14250551314960558,-0.38205208624318393,0.026101374232736604,-2.860966821121447,-0.0005941812253871597,0.16387069511154867,0.6039953678846359,-0.1689742177724838,0.18496999989151955,0.39,4.423509112655849,0.15774006349586037,-0.6987026464136575,-0.5334877371788025,-0.684977650642395,-0.23000000417232513,0.0,16.575,baseline
212.33886738206778,87.66113261793222,-2.680397133657521,303.5429149409342,5.096134353118699,0.10778058939621854,5.09591420735419,0.1415133410893479,-0.38278598952585824,0.023616773963664763,-2.8624917553387195,-0.0004917835023962601,0.16137361354627403,0.6040167897939682,-0.1692718067765236,0.18496999989151955,0.39,4.402410241339074,0.15869834054261464,-0.7072051919322383,-0.5327736735343933,-0.6934801936149597,-0.23000000417232513,0.0,16.65,baseline
212.72063829922166,87.27936170077834,-2.6698251074070782,303.51418139972975,5.083921054203252,0.10696425553411937,5.083696728071866,0.14043365338018712,-0.383425461330432,0.021547660654378017,-2.8640504809298095,-0.00039081820029844046,0.15843091353847308,0.6040381598472595,-0.16957107096910476,0.18496999989151955,0.39,4.381362293986272,0.15964687051507626,-0.7157556261372194,-0.5320613384246826,-0.702030599117279,-0.23000000417232513,0.0,16.724999999999998,baseline
213.1014957696038,86.89850423039621,-2.659337445132598,303.4854033956308,5.07177041207132,0.10609206017186598,5.071545605195074,0.13926288537888687,-0.38397196898361846,0.01989052797985847,-2.8656413842954933,-0.0002914800559685725,0.15510362660778565,0.6040594780445099,-0.16987144708633423,0.18496999989151955,0.39,4.360364893542808,0.16058561336775934,-0.7243377970610404,-0.5313507318496704,-0.7106127738952637,-0.23000000417232513,0.0,16.8,baseline
213.48144411616258,86.51855588383742,-2.648941090349476,303.4565878404205,5.059665842797081,0.10515485269076033,5.059444072580146,0.13799796988603943,-0.3844270065837083,0.018641322453113705,-2.8672623675813433,-0.00019395997754758772,0.1514583510023558,0.6040807372331619,-0.17017237186431883,0.18496999989151955,0.39,4.339417732671792,0.16151453440911073,-0.7329356395114655,-0.5306420922279358,-0.7192106246948242,-0.23000000417232513,0.0,16.875,baseline
213.86048642277538,86.13951357722462,-2.638643198893149,303.4277415384968,5.047590966433818,0.10414369968200538,5.04737555382341,0.13663638353978283,-0.38479208199456105,0.01779540064456793,-2.8689108530959637,-9.844501327680706e-05,0.1475660533738905,0.6041019463539123,-0.17047328621149063,0.18496999989151955,0.39,4.318520573611059,0.16243360557742925,-0.7415331891411174,-0.5299351215362549,-0.7278081774711609,-0.23000000417232513,0.0,16.95,baseline
214.23862451610833,85.76137548389167,-2.6284510921769204,303.3988711836255,5.035529623790273,0.10305003575646746,5.035323679263954,0.13517618392973194,-0.38506872039571327,0.017347484728261565,-2.870583797789659,-5.1175292042434646e-06,0.14350081082146515,0.6041230964660644,-0.17077363729476927,0.18496999989151955,0.39,4.297673246747354,0.16334280368444407,-0.7501146097130178,-0.5292301177978516,-0.7363896369934082,-0.23000000417232513,0.0,17.025,baseline
214.61585902523882,85.38414097476118,-2.618372231703828,303.36998335241015,5.023465896369378,0.10186580816927393,5.02327230697222,0.13361603848160666,-0.38525846623882587,0.01729161935447416,-2.8722777113453395,8.584492612681833e-05,0.13933851630182773,0.6041441911458969,-0.1710728722810745,0.18496999989151955,0.39,4.276875651614042,0.16424211093872096,-0.7586642072346393,-0.5285269618034363,-0.7449392080307007,-0.23000000417232513,0.0,17.099999999999998,baseline
214.99218937129558,85.00781062870442,-2.608414138332448,303.3410845010608,5.011384136173207,0.10058361210748815,5.011205562967623,0.13195524407585735,-0.38536288334855495,0.01762112750443648,-2.8739886865149926,0.00017427044053401172,0.13515556869706352,0.6041652250289917,-0.17137045085430144,0.18496999989151955,0.39,4.256127753611865,0.16513151537635476,-0.7671664529052593,-0.5278258323669434,-0.7534414529800415,-0.23000000417232513,0.0,17.175,baseline
215.36761378819912,84.63238621180088,-2.598584362535404,303.31218096537305,4.999268986840525,0.0991968142692301,4.999107862030088,0.13019373688529143,-0.38538355953045683,0.018328572107148312,-2.8757124338543436,0.00025999348023573326,0.13102757073833127,0.6041861963272095,-0.17166583478450775,0.18496999989151955,0.39,4.2354295845787435,0.16601101097000326,-0.7756060107133959,-0.5271267890930176,-0.7618809938430786,-0.23000000417232513,0.0,17.25,baseline
215.7421293667326,84.2578706332674,-2.5888904461622104,303.28327897051304,4.987105412472255,0.0976996636036078,4.986963941824506,0.1283320926736747,-0.38532209742189066,0.019405719310402744,-2.8774443255881477,0.0003428550737974327,0.12702805633766992,0.6042071068286896,-0.17195849627256393,0.18496999989151955,0.39,4.214781241649049,0.16688059818246348,-0.7839677582310045,-0.5264297723770142,-0.7702427506446838,-0.23000000417232513,0.0,17.325,baseline
216.11573205973482,83.88426794026518,-2.579339841706773,303.25438461146723,4.974878726644859,0.09608738593971194,4.974758895645738,0.12637151754090592,-0.3851801221915038,0.020843506500658037,-2.8791794454264474,0.0004227033656573601,0.123227269348331,0.6042279493808747,-0.17224791377782822,0.18496999989151955,0.39,4.194182884829707,0.16774028257523574,-0.7922368174949533,-0.5257350206375122,-0.7785118222236633,-0.23000000417232513,0.0,17.4,baseline
216.48841671579686,83.51158328420314,-2.569939925058406,303.22550386933835,4.9625746240409985,0.09435626227273056,4.962478208484166,0.12431382978964267,-0.38495928935965185,0.022632015356704765,-2.8809126413281323,0.0004993940878811588,0.11969101372054876,0.604248720407486,-0.17253357619047163,0.18496999989151955,0.39,4.173634736714584,0.16859007631896356,-0.8003985831989603,-0.5250426530838013,-0.7866736054420471,-0.23000000417232513,0.0,17.474999999999998,baseline
216.86017711038164,83.13982288961836,-2.560697868031969,303.1966425950591,4.950179208564009,0.09250368960367594,4.950107784247437,0.12216143236616545,-0.3846612762450221,0.024760451436833617,-2.882638584224184,0.0005727909280916802,0.11647959268968705,0.6042694199085236,-0.17281498074531554,0.18496999989151955,0.39,4.153137080631173,0.16942999864300762,-0.8084387552340633,-0.5243526697158813,-0.7947137355804443,-0.23000000417232513,0.0,17.55,baseline
217.23100598988475,82.76899401011525,-2.5516206936111008,303.1678065126457,4.937679031506522,0.09052822281384443,4.9376339925009995,0.11991727742822415,-0.3842877818963511,0.02721713114392355,-2.884351832523771,0.0006427667806904767,0.11364685493806795,0.6042900443077087,-0.17309164345264433,0.18496999989151955,0.39,4.13269025892901,0.1702600752976304,-0.8163433677788157,-0.523665189743042,-0.8026183843612671,-0.23000000417232513,0.0,17.625,baseline
217.60089507683475,82.39910492316525,-2.542715127229986,303.13900121920506,4.925061123232717,0.08842959692304284,4.925043699048464,0.11758482295094626,-0.38384053136512863,0.029989480123876845,-2.88604689645332,0.0007092038448357662,0.11123936251466776,0.6043105900287629,-0.1733630844950676,0.18496999989151955,0.39,4.112294670556339,0.1710803384481908,-0.8240988273888022,-0.5229803323745728,-0.810373842716217,-0.23000000417232513,0.0,17.7,baseline
217.96983514765037,82.03016485234963,-2.53398766476759,303.11023218493665,4.912313025287583,0.08620872989202003,4.912324296185598,0.11516798263567482,-0.3833212829738596,0.033064035695252,-2.887718303341646,0.0007719936192032241,0.10929569303129234,0.6043310499191284,-0.17362884283065794,0.18496999989151955,0.39,4.091950770774089,0.17189082718766377,-0.8316919447689566,-0.5222983360290527,-0.8179669380187988,-0.23000000417232513,0.0,17.775,baseline
218.33781605598185,81.66218394401815,-2.525444462073389,303.08150474010245,4.8994228305654115,0.08386770712585337,4.899463749673779,0.11267107015784622,-0.3827318175641911,0.03642646042997327,-2.889360664693962,0.0008310381439927569,0.10784588571580042,0.6043514275550842,-0.17388847410678862,0.18496999989151955,0.39,4.07165906687923,0.1726915884087637,-0.8391099711699468,-0.5216190814971924,-0.8253849744796753,-0.23000000417232513,0.0,17.849999999999998,baseline
218.7048267612206,81.2951732387794,-2.5170913732124616,303.0528240782951,4.886379215597552,0.08140974586168578,4.886450627666065,0.11009873779215376,-0.3820739431219696,0.040061566446205836,-2.8909687435915585,0.000886250003933541,0.10691103936322431,0.6043717139959335,-0.17414154648780822,0.18496999989151955,0.39,4.0514201169209985,0.17348267590462957,-0.8463406373564275,-0.5209428668022156,-0.8326156139373779,-0.23000000417232513,0.0,17.925,baseline
219.07085540109117,80.92914459890883,-2.5089338399965997,303.02419526294534,4.8731714720972175,0.0788391417583024,4.873274128683521,0.10745591175314181,-0.3813495053083813,0.04395334733706078,-2.8925375160350395,0.0009375528600260902,0.1065030678048027,0.6043919038772583,-0.17438765108585358,0.18496999989151955,0.39,4.031234528132867,0.1742641508257837,-0.8533721874568182,-0.5202698707580566,-0.8396471738815308,-0.23000000417232513,0.0,18.0,baseline
219.43588931497072,80.56411068502928,-2.500976985467243,302.99562322080556,4.859789546533555,0.0761611994849451,4.8599241257265575,0.10474772467316518,-0.3805603747533528,0.04808502155102811,-2.894062232862124,0.0009848816631215852,0.10662461341093864,0.6044119989871979,-0.17462639361619947,0.18496999989151955,0.39,4.011102952939986,0.17503608274864554,-0.8601934134371795,-0.5196000337600708,-0.8464683890342712,-0.23000000417232513,0.0,18.075,baseline
219.799915124259,80.200084875741,-2.493225490680117,302.9671127289348,4.84622406827934,0.07338214677099589,4.84639118848316,0.10197944591510914,-0.37970844583086877,0.05243908304814427,-2.8955384778363453,0.0010281829330094406,0.10726911941902306,0.6044319939613342,-0.17485740482807158,0.18496999989151955,0.39,3.99102608767661,0.17579854834623568,-0.8667936955307021,-0.5189335346221924,-0.8530687093734741,-0.23000000417232513,0.0,18.15,baseline
220.16291877125124,79.83708122874876,-2.4856836796916455,302.9386684244605,4.832466381596728,0.07050903441222645,4.832666614124292,0.09915641196187894,-0.3787956449454771,0.056997362686409446,-2.896962218251681,0.0010674149096035596,0.10842105820815458,0.6044518834352494,-0.17508033215999602,0.18496999989151955,0.39,3.971004668165755,0.17655163163166004,-0.873163034247566,-0.5182705521583557,-0.8594380617141724,-0.23000000417232513,0.0,18.224999999999998,baseline
220.5248855606201,79.4751144393799,-2.4783554515777513,302.910294804597,4.818508573878876,0.0675496250403691,4.8187424525685065,0.09628395720297463,-0.37782391732527315,0.06174109587103705,-2.8983298504142696,0.0011025473904374675,0.11005630868785508,0.6044716709852218,-0.17529484808444976,0.18496999989151955,0.39,3.9510394675811815,0.17729542465964215,-0.8792920841963391,-0.5176109671592712,-0.8655670881271362,-0.23000000417232513,0.0,18.3,baseline
220.88580023717654,79.11419976282346,-2.471244314435219,302.8819962168536,4.804343500767825,0.06451227044928942,4.8046115289410425,0.09336734642388482,-0.37679523841068424,0.06665099924574108,-2.8996382399029645,0.001133562629763915,0.11214267524653172,0.6044913440942764,-0.1755006521940231,0.18496999989151955,0.39,3.931131294165894,0.17803002594112233,-0.8851721849321075,-0.5169551968574524,-0.8714472055435181,-0.23000000417232513,0.0,18.375,baseline
221.24564704548857,78.75435295451143,-2.464353389637314,302.8537768492847,4.789964809275336,0.06140578234046282,4.7902674635060984,0.0904117104934559,-0.37571160659414693,0.07170735667534336,-2.9008847515415472,0.0011604548203041265,0.11464053751256502,0.6045109081268311,-0.17569746285676954,0.18496999989151955,0.39,3.9112809869552905,0.17875554210367342,-0.8907953885530064,-0.5163030624389648,-0.8770703673362732,-0.23000000417232513,0.0,18.45,baseline
221.6044097687643,78.3955902312357,-2.457685407588926,302.8256407532899,4.775366956965014,0.05823929705788039,4.775704688213548,0.08742198527629495,-0.3745750325746523,0.07689010767350798,-2.9020672760687427,0.0011832301081757266,0.11750361781121238,0.604530359506607,-0.17588503181934356,0.18496999989151955,0.39,3.891489412498129,0.1794720873127562,-0.8961544871365987,-0.5156546831130981,-0.8824294805526733,-0.23000000417232513,0.0,18.525,baseline
221.96207181179474,78.03792818820526,-2.4512427587249297,302.79759182079624,4.760545225978741,0.05502213663969438,4.760918456454159,0.084402855732225,-0.373387545717908,0.08217894400083478,-2.9031842450649052,0.0012019066178702246,0.12067985328265059,0.6045496946573258,-0.17606313169002533,0.18496999989151955,0.39,3.8717574627179636,0.18017978131026074,-0.9012430340306988,-0.5150101780891418,-0.887518048286438,-0.23000000417232513,0.0,18.599999999999998,baseline
222.31861625798402,77.68138374201598,-2.4450274722708745,302.7696337973034,4.74549573974524,0.0517636696045326,4.745904861641464,0.08135870580891601,-0.37215119260169743,0.08755340752751097,-2.9042346382176047,0.0012165134923086197,0.12411235554371713,0.6045689117908478,-0.1762315621972084,0.18496999989151955,0.39,3.8520860503512893,0.18087875086226168,-0.9060553623917114,-0.5143696069717407,-0.8923303484916687,-0.23000000417232513,0.0,18.675,baseline
222.67402592377795,77.32597407622205,-2.439041271487339,302.7417702688522,4.73021546260072,0.048473173551653065,4.730660828178509,0.07829357410906593,-0.37086802471979,0.09299299020643574,-2.905217981564066,0.0012270913980459107,0.12774044038531307,0.6045880126953125,-0.17639015644788741,0.18496999989151955,0.39,3.832476105810879,0.1815691291931013,-0.910586606949744,-0.51373291015625,-0.8968616127967834,-0.23000000417232513,0.0,18.75,baseline
223.02828342605795,76.97171657394205,-2.4332855949228382,302.7140046652962,4.714702205925514,0.04515970132116509,4.71518411909318,0.07521111678185345,-0.3695400962205711,0.09847723912357424,-2.906134339680846,0.0012336921326841707,0.13150070968380143,0.6046069955825806,-0.17653877049684524,0.18496999989151955,0.39,3.8129285741922128,0.18225105490080945,-0.9148327056124153,-0.5131001472473145,-0.9011077284812927,-0.23000000417232513,0.0,18.825,baseline
223.38137125212634,76.61862874787366,-2.427761621916118,302.68634027654844,4.698954628889468,0.04183195345582702,4.699473337314781,0.07211457805821322,-0.36816946477292123,0.1039858588420386,-2.9069842978382527,0.0012363775867467628,0.13532816686181276,0.6046258586645127,-0.17667728960514067,0.18496999989151955,0.39,3.7934444115668127,0.18292467158758208,-0.918790410093333,-0.5124713778495789,-0.9050654172897339,-0.23000000417232513,0.0,18.9,baseline
223.73327180636238,76.26672819363762,-2.4224702938467955,302.65878021354774,4.682972228965344,0.03849815940536769,4.683527912972716,0.06900676827064708,-0.36675818075715455,0.10949881230098298,-2.907768935851165,0.0012352197516706188,0.13915734572417326,0.6046446055173874,-0.17680563032627106,0.18496999989151955,0.39,3.7740245811330513,0.1835901274762975,-0.9224572925829233,-0.5118464827537537,-0.9087322950363159,-0.23000000417232513,0.0,18.974999999999998,baseline
224.0839674957586,75.9160325042414,-2.417412360884897,302.63132746684005,4.666755328230336,0.03516596855133908,4.667348086809467,0.06589004976379403,-0.36530828340017535,0.11499642144113953,-2.9084897962517497,0.0012303003435296814,0.14292343364145324,0.6046632343530655,-0.17692373633384703,0.18496999989151955,0.39,3.754670050650069,0.18424757528442626,-0.9258317388119337,-0.5112255215644836,-0.9121067523956299,-0.23000000417232513,0.0,19.05,baseline
224.4334407662072,75.56655923379279,-2.412588411738581,302.6039848447281,4.6503050647837885,0.031842353308015325,4.65093490808164,0.06276633144805098,-0.3638218048032273,0.1204594636747163,-2.909148845421959,0.0012217098182543272,0.1465633705247615,0.6046817433834076,-0.1770315784215927,0.18496999989151955,0.39,3.735381787733277,0.1848971700028196,-0.9289129398099991,-0.5106085538864136,-0.9151879549026489,-0.23000000417232513,0.0,19.125,baseline
224.7816741724822,75.21832582751779,-2.4079989331492992,302.57675502209577,4.63362336553176,0.02853352659029454,4.63429020061396,0.05963707072556621,-0.3623007495738599,0.12586926194661263,-2.9097484275880747,0.0012095466927726506,0.150016904125214,0.6047001415491104,-0.17712915658950806,0.18496999989151955,0.39,3.7161607578586033,0.18553907123454505,-0.9317008872886765,-0.5099952816963196,-0.917975902557373,-0.23000000417232513,0.0,19.2,baseline
225.12865043267607,74.87134956732393,-2.403644288652206,302.5496405013637,4.61671292958271,0.025244872690373205,4.61741655455506,0.056503283546361166,-0.3607471033103952,0.13120776991461705,-2.9102912176478384,0.0011939171268939828,0.15322758529384273,0.6047184199094773,-0.17721649795770644,0.18496999989151955,0.39,3.6970079205134785,0.18617343928599014,-0.9341963516327358,-0.5093860030174255,-0.9204713702201843,-0.23000000417232513,0.0,19.275,baseline
225.47435249818048,74.52564750181952,-2.3995247950677525,302.5226436743169,4.599577193720619,0.0219808950471653,4.600317286004968,0.05336556204759852,-0.3591628238942549,0.13645765042840285,-2.910780163771924,0.0011749340145667318,0.15614368662331599,0.6047365874052048,-0.17729365468025207,0.18496999989151955,0.39,3.6779242262028164,0.18680043735633695,-0.9364008691261057,-0.5087804198265076,-0.9226758480072021,-0.23000000417232513,0.0,19.349999999999998,baseline
225.8187635847901,74.1812364152099,-2.395640731003302,302.49576675374465,4.582220304083044,0.018745179950275748,4.5829964137599495,0.05022409882808743,-0.3575498323313855,0.14160234580547126,-2.911218433489124,0.0011527167219337023,0.15871902893234935,0.6047546422481537,-0.1773607102036476,0.18496999989151955,0.39,3.6589106126000734,0.18742022863780372,-0.9383167130914122,-0.5081785917282104,-0.9245917201042175,-0.23000000417232513,0.0,19.425,baseline
226.16186724009341,73.83813275990659,-2.3919923920989032,302.46901182879856,4.564647085305929,0.015540376969585282,4.565458632849594,0.04707871812059302,-0.35591001199726396,0.14662614189178025,-2.911609355120143,0.0011273898712917277,0.16091370399289112,0.6047725880146027,-0.1774177646636963,0.18496999989151955,0.39,3.6399680028365444,0.18803297726742685,-0.9399468678026318,-0.5075803995132446,-0.9262218475341797,-0.23000000417232513,0.0,19.5,baseline
226.50364739531602,73.49635260468398,-2.3885800825347347,302.4423808421884,4.546862997400867,0.012368196538066853,4.547709267289269,0.0439289123125279,-0.3542451943065565,0.1515142187288751,-2.9119563578034273,0.0010990825647095243,0.1626946814771533,0.6047904300689697,-0.17746494948863983,0.18496999989151955,0.39,3.6210973017948622,0.18863884657571495,-0.9412950037684836,-0.5069856643676758,-0.9275699853897095,-0.23000000417232513,0.0,19.575,baseline
226.8440883886452,73.15591161135481,-2.385404161773848,302.41587559343407,4.528874100443853,0.00922942326363986,4.529754240994657,0.04077388377984806,-0.3525571629812832,0.15625269527116145,-2.9122629133543367,0.0010679281485127421,0.164036291798152,0.6048081666231155,-0.17750241488218307,0.18496999989151955,0.39,3.602299393257619,0.1892379980511344,-0.9423654390138289,-0.5063944458961487,-0.9286404252052307,-0.23000000417232513,0.0,19.65,baseline
227.18317503262296,72.81682496737704,-2.3824650700641814,302.3894977616601,4.510687013756833,0.006123945726286467,4.5116000387844855,0.037612591075875834,-0.35084765242277843,0.16082866345492475,-2.912532477359895,0.0010340632031381797,0.16492057776486072,0.6048258012533188,-0.17753033399581908,0.18496999989151955,0.39,3.5835751386245147,0.189830591754732,-0.9431631055223131,-0.5058066248893738,-0.9294381141662598,-0.23000000417232513,0.0,19.724999999999998,baseline
227.5208926504384,72.47910734956159,-2.3797633071969813,302.36324890234755,4.492308870054888,0.003050801336290418,4.493253658873058,0.034443798149119534,-0.34911834326430524,0.16523021177107872,-2.9127684337322997,0.0009976267878407511,0.16533751008283015,0.6048433339595795,-0.17754889875650404,0.18496999989151955,0.39,3.5649253732057375,0.19041678544093057,-0.943693514144819,-0.5052222013473511,-0.929968535900116,-0.23000000417232513,0.0,19.8,baseline
227.85722709665896,72.14277290334104,-2.3772994877474765,302.3371304245138,4.473747278102041,8.23516620518383e-06,4.474722583140608,0.031266126283400746,-0.34737086481450424,0.16944643863683514,-2.9129740431164803,0.0009587597087530832,0.16528506538576387,0.6048607647418975,-0.17755831986665727,0.18496999989151955,0.39,3.5463509042258874,0.19099673412129012,-0.9439627122533192,-0.5046411752700806,-0.9302377104759216,-0.23000000417232513,0.0,19.875,baseline
228.19216481944156,71.80783518055844,-2.3750743453307837,302.3111436428212,4.455010275278106,-0.0030062276659284792,4.456014728428899,0.028078107019000438,-0.3456067745770012,0.1734674562121203,-2.913152394838262,0.0009176043431153761,0.16476916639167744,0.6048781043291092,-0.17755882889032362,0.18496999989151955,0.39,3.527852509683757,0.19157059104232604,-0.943977249000778,-0.5040631890296936,-0.9302522540092468,-0.23000000417232513,0.0,19.95,baseline
228.5256928657206,71.4743071342794,-2.373088698609609,302.2852897450375,4.436106281688408,-0.005995699664164814,4.437138399864313,0.024878235349243837,-0.3438275573164746,0.17728438640786262,-2.913306365779524,0.0008743039456664102,0.16380348780479062,0.6048953509330749,-0.17755066990852356,0.18496999989151955,0.39,3.5094309349307142,0.19213850366460394,-0.9437441316611608,-0.503488302230835,-0.9300191402435303,-0.23000000417232513,0.0,20.025,baseline
228.8577989174925,71.14220108250751,-2.3713435022875102,302.2595698147784,4.4170440630182455,-0.008963839230878151,4.41810226070335,0.02166502318281472,-0.34203463940553414,0.18088934632028808,-2.9134385815114276,0.0008290017244775685,0.16240913352777592,0.6049125027656556,-0.17753410160541533,0.18496999989151955,0.39,3.491086892385367,0.19270061452685144,-0.9432707814117084,-0.5029165744781494,-0.9295457601547241,-0.23000000417232513,0.0,20.099999999999998,baseline
229.18847132033343,70.81152867966657,-2.3698398088700388,302.23398481524737,4.397832684645898,-0.011914750479248018,4.398915285018899,0.018437050908866957,-0.3402293802279794,0.1842754248318193,-2.9135513835012907,0.0007818408396496741,0.16061419015607778,0.604929565191269,-0.17750939935445786,0.18496999989151955,0.39,3.472821059537913,0.19325706228531248,-0.9425650000313773,-0.5023478269577026,-0.9288399815559387,-0.23000000417232513,0.0,20.175,baseline
229.51769911450538,70.48230088549462,-2.368578768668138,302.2085356413472,4.378481467881752,-0.01485287789745654,4.379586712495774,0.015193016426095019,-0.33841306964023615,0.18743665338020063,-2.913646805762266,0.0007329639074864256,0.1584531666625464,0.6049465364217758,-0.17747684687376022,0.18496999989151955,0.39,3.454634077381661,0.1938079811699365,-0.941634925584938,-0.5017821192741394,-0.9279099106788635,-0.23000000417232513,0.0,20.25,baseline
229.84547202458685,70.15452797541315,-2.367561634046118,302.1832230577793,4.35899995656805,-0.01778289701320125,4.360126022255161,0.011931781246421993,-0.33658692283515784,0.1903679684801364,-2.913726557643363,0.0006825123895555511,0.1559663319765457,0.6049634236097335,-0.17743674039840698,0.18496999989151955,0.39,3.4365265487022043,0.1943534991164116,-0.9404889913645746,-0.5012192130088806,-0.9267640113830566,-0.23000000417232513,0.0,20.325,baseline
230.1717805087265,69.8282194912735,-2.3667897339323885,302.1580477772113,4.339397872585413,-0.020709604398772646,4.34054288210725,0.008652412347115942,-0.3347520884965469,0.19306516732977227,-2.91379201214827,0.0006306259707687356,0.15319896250003262,0.6049802196025849,-0.17738938033580778,0.18496999989151955,0.39,3.418499038647723,0.19489373900684034,-0.9391358931412163,-0.5006593465805054,-0.9254108667373657,-0.23000000417232513,0.0,20.4,baseline
230.4966157456849,69.50338425431511,-2.366264452572497,302.1330104016438,4.3196850859604154,-0.02363780717308786,4.320847126362761,0.005354219791035362,-0.3329096463369626,0.19552485808105377,-2.91384420083287,0.0005774430458519267,0.15020051376923926,0.6049969315528869,-0.17733508378267288,0.18496999989151955,0.39,3.4005520720200426,0.19542881730324596,-0.9375845486238327,-0.5001022815704346,-0.9238595366477966,-0.23000000417232513,0.0,20.474999999999998,baseline
230.81996966594068,69.18003033405932,-2.3659872252834244,302.1081114582462,4.299871574097988,-0.026572216005161256,4.301048708387422,0.0020367884917745476,-0.3310606147713771,0.19774440978845842,-2.9138838172496815,0.0005231006291615373,0.14702373013820905,0.6050135505199432,-0.17727416783571243,0.18496999989151955,0.39,3.382686133987331,0.1959588455111219,-0.9358440658813805,-0.4995483160018921,-0.9221190810203552,-0.23000000417232513,0.0,20.55,baseline
231.14183493873617,68.85816506126383,-2.3659594789646508,302.0833514123615,4.279967398026077,-0.029517341419338566,4.28115768333219,-0.001299995191420278,-0.3292059496224791,0.19972189626226813,-2.9139112261780187,0.00046773306326733046,0.1437237098264792,0.6050300818681716,-0.17720695376396178,0.18496999989151955,0.39,3.3649016683732627,0.1964839300251797,-0.9339237044664025,-0.4989972710609436,-0.9201986789703369,-0.23000000417232513,0.0,20.625,baseline
231.46220500576965,68.53779499423035,-2.36618268734024,302.05873064797834,4.259982669451973,-0.03247739625438588,4.261184172386861,-0.004655923855985931,-0.3273465281175291,0.2014560358071672,-2.9139264807860616,0.000411472831351577,0.14035694048477723,0.6050465300679206,-0.1771337753534317,0.18496999989151955,0.39,3.3471990783695107,0.19700417158385305,-0.9318328535300318,-0.4984489977359772,-0.9181078672409058,-0.23000000417232513,0.0,20.7,baseline
231.7810740552864,68.21892594471359,-2.3666582519809825,302.0342494937677,4.239927522598571,-0.035456207418135405,4.241138331822915,-0.008030455523288925,-0.32548316840319974,0.20294613461832714,-2.913929344206822,0.0003544503392039101,0.1369803238426873,0.6050628852844239,-0.1770549601316452,0.18496999989151955,0.39,3.3295787246826696,0.1975196639347534,-0.9295809991066002,-0.49790382385253906,-0.9158560037612915,-0.23000000417232513,0.0,20.775,baseline
232.09843695986288,67.90156304013712,-2.3673875447886785,302.00990823933853,4.219807708511571,-0.03845709337772285,4.221025948796766,-0.011422724680319699,-0.3236156590418447,0.20419191027561656,-2.913919314405933,0.00029667288115678376,0.13365021092858217,0.6050791475176811,-0.1769708439707756,0.18496999989151955,0.39,3.3120409269592472,0.19803049539535372,-0.9271776949609163,-0.4973617494106293,-0.913452684879303,-0.23000000417232513,0.0,20.849999999999998,baseline
232.41428873465438,67.58571126534562,-2.3683718399512106,301.98570724266074,4.199625584543731,-0.04148277704989044,4.200849419610126,-0.014831506112171813,-0.32174305884432763,0.20519265572562526,-2.913895576749574,0.0002380914428089329,0.13042148918658944,0.6050953185558319,-0.17688161879777908,0.18496999989151955,0.39,3.2945859672075417,0.1985366319048655,-0.9246283955417154,-0.496822714805603,-0.9109033942222595,-0.23000000417232513,0.0,20.925,baseline
232.7286249521379,67.27137504786211,-2.369612326735187,301.96164685517397,4.179391061102258,-0.0445354526462739,4.180618716374331,-0.018255196266660036,-0.31986611121724384,0.20594807093109213,-2.9138570062283318,0.00017895426830371323,0.12734662646918035,0.6051113885641098,-0.17678735971450804,0.18496999989151955,0.39,3.277214119594009,0.1990379497814972,-0.9219352820641038,-0.4962870478630066,-0.908210277557373,-0.23000000417232513,0.0,21.0,baseline
233.0414419261598,66.95855807384021,-2.371110062765855,301.9377273795167,4.159114206633631,-0.04761667916838763,4.160343980433438,-0.021691870092106574,-0.31798553859814516,0.20645862429934073,-2.913802420004003,0.00011943227723157501,0.12447479011293483,0.6051273566484451,-0.17668838798999786,0.18496999989151955,0.39,3.259925627632416,0.19953452769085026,-0.919107524933235,-0.49575477838516235,-0.905382513999939,-0.23000000417232513,0.0,21.075,baseline
233.35273673267866,66.64726326732134,-2.372865923040068,301.9139490662642,4.138805113172452,-0.05072733873722367,4.140035391239677,-0.025139293028983597,-0.3161020174230804,0.20672518775015677,-2.913730589350747,5.9642260304437106e-05,0.12185106661034009,0.6051432210206985,-0.17658503741025924,0.18496999989151955,0.39,3.2427206940612114,0.20002644324627722,-0.9161546480179562,-0.4952259659767151,-0.9024296402931213,-0.23000000417232513,0.0,21.15,baseline
233.66250722013126,66.33749277986874,-2.3748806254220693,301.89031210741496,4.1184738298194565,-0.05386761911873167,4.119703091504424,-0.02859494829717038,-0.3142161780459291,0.20674886219384966,-2.9136401993836096,-3.083811343344775e-07,0.1195157512943256,0.6051589781045914,-0.17647764801979066,0.18496999989151955,0.39,3.2255994797026735,0.2005137701028438,-0.9130863489491701,-0.49470072984695435,-0.8993613719940186,-0.23000000417232513,0.0,21.224999999999998,baseline
233.97075197573832,66.02924802426168,-2.377154692397832,301.8668166526613,4.09813034079645,-0.05703700985646827,4.0993571668019975,-0.03205606908531024,-0.31232860541812196,0.20653094587212856,-2.9135298887861123,-6.0305877554497615e-05,0.11750372127661539,0.6051746279001236,-0.17636655777692795,0.18496999989151955,0.39,3.2085621028927807,0.20099657814306277,-0.9099123436889446,-0.4941790699958801,-0.8961873650550842,-0.23000000417232513,0.0,21.3,baseline
234.27747035920717,65.72252964079283,-2.37968841283677,301.8434628093951,4.077784559281856,-0.06023431073443783,4.079007636753071,-0.035519673616684046,-0.31043985279536296,0.20607293401895402,-2.9133983126752576,-0.00012023175058853509,0.1158439065604146,0.6051901605725288,-0.1762521067261696,0.18496999989151955,0.39,3.1916086413343923,0.20147493307033482,-0.9066423112171668,-0.4936613142490387,-0.8929173350334167,-0.23000000417232513,0.0,21.375,baseline
234.58266248717626,65.41733751282374,-2.3824818632355775,301.8202506557259,4.057446325155912,-0.06345765203198403,4.05866444985666,-0.03898260406029942,-0.3085504395877375,0.20537650875620994,-2.9132441912782268,-0.00017996744096807773,0.11455886888621805,0.6052055788040162,-0.17613463073968888,0.18496999989151955,0.39,3.1747391302436054,0.20194889805359123,-0.9032858925394275,-0.4931473731994629,-0.889560878276825,-0.23000000417232513,0.0,21.45,baseline
234.88632918396837,65.11367081603163,-2.3855348694708733,301.79718021769713,4.0371254043842315,-0.06670452788299411,4.038337483855208,-0.042441569657804275,-0.30666085044839725,0.2044435186626733,-2.9130663525795066,-0.00023939609079527392,0.11366449400263631,0.6052208772301674,-0.17601446986198424,0.18496999989151955,0.39,3.1579535632053055,0.20241853307875193,-0.8998526968325423,-0.49263742566108704,-0.8861277103424072,-0.23000000417232513,0.0,21.525,baseline
235.18847204380305,64.81152795619695,-2.3888470025568918,301.7742514888,4.0168314800520175,-0.06997184140803593,4.018036529580516,-0.04589319201444985,-0.3047715462465591,0.20327596152292882,-2.912863767814894,-0.0002984029324817858,0.11316980156138544,0.6052360504865646,-0.1758919557929039,0.18496999989151955,0.39,3.1412518948817394,0.2028838955228937,-0.8963523016840826,-0.49213165044784546,-0.8826273083686829,-0.23000000417232513,0.0,21.599999999999998,baseline
235.48909338932046,64.51090661067954,-2.3924175913882735,301.75146443976746,3.99657415100744,-0.07325595988531723,3.997771290544659,-0.04933405247799853,-0.30288296312224305,0.20187597133649815,-2.912635586755809,-0.0003568749782276223,0.11307687332964889,0.6052510976791382,-0.17576742440462112,0.18496999989151955,0.39,3.1246340375908326,0.20334504088558653,-0.8927942483261485,-0.49163007736206055,-0.8790692687034607,-0.23000000417232513,0.0,21.675,baseline
235.78819624307158,64.21180375692842,-2.3962456887440857,301.7288189892497,3.97636292687348,-0.0765527794632763,3.9775513749207714,-0.052760740644368975,-0.3009955124521627,0.2002458147647963,-2.9123811708049634,-0.00041470061518007295,0.11338089951416937,0.6052660152316094,-0.17564120531082153,0.18496999989151955,0.39,3.1080998635873747,0.20380202238164535,-0.8891880373765207,-0.49113282561302185,-0.8754630088806152,-0.23000000417232513,0.0,21.75,baseline
236.08578437676442,63.91421562323558,-2.4003301137842854,301.7063150396334,3.956207223414041,-0.07985779790302733,3.957386288856828,-0.05616990294038374,-0.29910958307691593,0.1983878937291491,-2.912100121244059,-0.0004717690368388316,0.11407034159987277,0.6052808013558387,-0.17551363438367842,0.18496999989151955,0.39,3.0916492066310632,0.20425489181676842,-0.885543121472777,-0.49063995480537415,-0.8718181252479553,-0.23000000417232513,0.0,21.825,baseline
236.38186224646222,63.61813775353778,-2.4046694350462063,301.68395247053104,3.9361163590439796,-0.0831661942202513,3.9372854311792236,-0.059558290667563844,-0.2972255477575361,0.1963047567737393,-2.9117923032571706,-0.0005279706654537409,0.1151272071008882,0.6052954506874084,-0.1753850370645523,0.18496999989151955,0.39,3.0752818592779567,0.20470369878022762,-0.881868902209762,-0.49015164375305176,-0.8681439161300659,-0.23000000417232513,0.0,21.9,baseline
236.67643502109635,63.32356497890365,-2.40926197469678,301.6617311224959,3.9160995507756065,-0.08647291318551635,3.917258087779831,-0.06292280639864253,-0.2953437699846438,0.19399911084449611,-2.911457864028927,-0.0005831978367076792,0.11652743056423162,0.60530995875597,-0.17525574088096618,0.18496999989151955,0.39,3.058997576444578,0.20514849161497314,-0.878174723930309,-0.4896680414676666,-0.8644497394561768,-0.23000000417232513,0.0,21.974999999999998,baseline
236.9695085617276,63.030491438272406,-2.414105825526709,301.6396508133171,3.896165907128915,-0.08977275263367122,3.8973134224359622,-0.06626054848311161,-0.2934645918029253,0.19147383870294246,-2.911097246326613,-0.0006373443738731112,0.11824135235982061,0.6053243300318718,-0.17512607127428054,0.18496999989151955,0.39,3.0427960738397006,0.20558931872328046,-0.8744698726093212,-0.4891889989376068,-0.8607448935508728,-0.23000000417232513,0.0,22.05,baseline
237.26108940080582,62.738910599194185,-2.4191988764428456,301.6177113347371,3.8763244250569953,-0.09306045381020303,3.8774604760772187,-0.06956885286308294,-0.29158834065616174,0.18873202142584247,-2.9107111990178587,-0.0006903058736018754,0.12023428696096791,0.6053385564684868,-0.1749963495135307,0.18496999989151955,0.39,3.0266770291049823,0.20602622661683878,-0.870763566771679,-0.4887147843837738,-0.8570385575294495,-0.23000000417232513,0.0,22.125,baseline
237.55118476031166,62.448815239688344,-2.4245388464630424,301.59591245247566,3.856583976181379,-0.09633079162047777,3.857708146999623,-0.07284533049554039,-0.289715341662507,0.18577696360784382,-2.9103007765071873,-0.0007419794726742935,0.12246717010456465,0.6053526344895362,-0.17486689895391463,0.18496999989151955,0.39,3.01064008295568,0.2064592608366257,-0.8670649538485189,-0.48824551701545715,-0.8533399701118469,-0.23000000417232513,0.0,22.2,baseline
237.83980251287727,62.16019748712273,-2.4301232549681493,301.57425391598326,3.836953304731588,-0.0995786630435181,3.83806519508332,-0.07608790143663648,-0.28784590863483517,0.18261222304242244,-2.909867337832932,-0.0007922646965937824,0.12489727153061167,0.6053665658831596,-0.17473803251981734,0.18496999989151955,0.39,2.994684838182859,0.20688846742523107,-0.8633830969438685,-0.4877811372280121,-0.8496580719947815,-0.23000000417232513,0.0,22.275,baseline
238.1269511765956,61.87304882340439,-2.4359494811889593,301.55273543238627,3.8174410099926703,-0.10279917284053172,3.8185402182458095,-0.07929482377304713,-0.2859803417921201,0.17924163782180566,-2.9094125390237426,-0.0008410634036364519,0.12747896167940306,0.6053803479671478,-0.1746100693941116,0.18496999989151955,0.39,2.97881086179175,0.20731389155668234,-0.8597269723330252,-0.48732173442840576,-0.8460019826889038,-0.23000000417232513,0.0,22.349999999999998,baseline
238.4126399305673,61.58736006943269,-2.442014819446316,301.53135672838243,3.798055539944654,-0.10598771530104358,3.7991416524533586,-0.08246471772576734,-0.28411893044677455,0.17566935892418517,-2.9089383204853245,-0.0008882800882737117,0.13016451885790933,0.6053939807415009,-0.17448331624269484,0.18496999989151955,0.39,2.9630176852872414,0.2077355780434663,-0.8561054515127018,-0.4868673086166382,-0.8423804640769958,-0.23000000417232513,0.0,22.425,baseline
238.6968785552854,61.303121444714606,-2.4483164409026292,301.5101174525139,3.7788051757403416,-0.10914005018860602,3.7798777550035774,-0.08559658390218149,-0.2822619570192935,0.17189987851830316,-2.9084468884394146,-0.0009338227092892978,0.13290496240696606,0.60540746062994,-0.1743580797314644,0.18496999989151955,0.39,2.947304803818798,0.20815356980213995,-0.8525272963024033,-0.4864179790019989,-0.8388022780418396,-0.23000000417232513,0.0,22.5,baseline
238.97967746114,61.02032253886,-2.454851474298044,301.48901728917144,3.7596980129523834,-0.11225237127191769,3.760756584870629,-0.0886898157562551,-0.2804096916785641,0.16793805920887211,-2.9079406913437276,-0.0009776021324673873,0.13565089720513002,0.6054207903146743,-0.174234664440155,0.18496999989151955,0.39,2.931671679459303,0.20856791126689836,-0.849001141699617,-0.48597365617752075,-0.8352761268615723,-0.23000000417232513,0.0,22.575,baseline
239.26104764694367,60.738952353056334,-2.4616170101950186,301.4680558511104,3.74074194997746,-0.11532136742645864,3.741785997762414,-0.09174420664137117,-0.2785623912885686,0.16378916406542227,-2.907422395720396,-0.0010195327316071903,0.13835335511620012,0.6054339689016343,-0.17411336660385132,0.18496999989151955,0.39,2.9161177396373,0.2089786443262844,-0.845535477580018,-0.4855343699455261,-0.831810474395752,-0.23000000417232513,0.0,22.65,baseline
239.54100069215073,60.45899930784927,-2.468610139219452,301.4472327771555,3.7219446672259657,-0.118344274592527,3.7229736242763143,-0.0947599502310133,-0.27672030278612414,0.15945888149705045,-2.90689485518464,-0.0010595330970034817,0.14096461975826607,0.6054469954967499,-0.17399447828531264,0.18496999989151955,0.39,2.900642379418098,0.20938581142131563,-0.8421386360225763,-0.4851001501083374,-0.8284136652946472,-0.23000000417232513,0.0,22.724999999999998,baseline
239.81954873611625,60.180451263883754,-2.4758279860512817,301.42654764753297,3.7033136090289283,-0.12131891798192941,3.704326854784768,-0.09773763518984739,-0.27488366334635816,0.1549533465379444,-2.9063610767432944,-0.0010975267217317114,0.1434390202206708,0.6054598701000213,-0.1738782811164856,0.18496999989151955,0.39,2.88524496193171,0.20978945301967059,-0.8388187714882627,-0.4846709966659546,-0.8250937461853027,-0.23000000417232513,0.0,22.8,baseline
240.0967044755015,59.9032955244985,-2.4832677306697453,301.4060000522477,3.684855962300701,-0.12424374353834479,3.6858528206196746,-0.10067823413690943,-0.2730526888555681,0.1502791574731575,-2.905824185432281,-0.0011334415502039891,0.14573368058049901,0.6054725989699363,-0.17376505881547927,0.18496999989151955,0.39,2.8699248195136065,0.21018961017557386,-0.8355838429587852,-0.48424670100212097,-0.821858823299408,-0.23000000417232513,0.0,22.875,baseline
240.37248112020538,59.62751887979462,-2.4909266295941026,301.38558957479245,3.6665786356296786,-0.12711783991092976,3.6675583756908754,-0.10358308705574913,-0.2712275837377562,0.14544339277257542,-2.905287387991106,-0.0011672102159866913,0.14780921341321301,0.6054851758480072,-0.17365508049726486,0.18496999989151955,0.39,2.8546812538474176,0.21058632109523745,-0.8324415915536916,-0.48382747173309326,-0.8187165856361389,-0.23000000417232513,0.0,22.95,baseline
240.64689238558066,59.35310761441934,-2.4988020796194186,301.36531574333094,3.648488238229083,-0.1299409483889317,3.6494500776460956,-0.10645387901269909,-0.26940853539763787,0.140453619648497,-2.9047539325769165,-0.001198771189414159,0.14963034623818852,0.6054976087808609,-0.1735486090183258,0.18496999989151955,0.39,2.839513538388704,0.2109796228047573,-0.829399517672948,-0.48341304063796997,-0.8156745433807373,-0.23000000417232513,0.0,23.025,baseline
240.91995246910813,59.080047530891875,-2.506891588070248,301.3451781120748,3.630591058579925,-0.13271346292116026,3.6315341691055134,-0.10929261344814577,-0.2675957188401749,0.1353178958232459,-2.9042270706579076,-0.0012280692635549706,0.15116647040802775,0.6055098915100098,-0.17344589471817015,0.18496999989151955,0.39,2.824420918793064,0.2113695519477884,-0.8264648618148476,-0.4830036163330078,-0.8127398490905762,-0.23000000417232513,0.0,23.099999999999998,baseline
241.19167602446754,58.80832397553246,-2.515192840783542,301.3251761994334,3.6128930413714544,-0.13543641869273812,3.613816556731873,-0.11210158061308326,-0.26578929468024576,0.13004476580541244,-2.9037100157116593,-0.0012550550012766573,0.15239210474971973,0.6055220302939415,-0.17334718585014341,0.18496999989151955,0.39,2.8094026141990533,0.21175614289857728,-0.8236445829079814,-0.4825989902019501,-0.8099195957183838,-0.23000000417232513,0.0,23.175,baseline
241.46207813302448,58.53792186697552,-2.5237036978564222,301.3053095238092,3.595399766281901,-0.1381114703537002,3.5963027920790442,-0.11488332286161546,-0.26398939263797755,0.12464325495312598,-2.9032059069000935,-0.0012796853122943276,0.15328726589221942,0.6055340313911438,-0.173252711892128,0.18496999989151955,0.39,2.794457818654285,0.21213942937862834,-0.8209453327197225,-0.48219895362854004,-0.8072203397750854,-0.23000000417232513,0.0,23.25,baseline
241.73117428049852,58.26882571950148,-2.532422214889174,301.28557760037165,3.5781164271330987,-0.1407408614985135,3.578998052287743,-0.11764059624217293,-0.2621961225332369,0.11912285331479215,-2.9027177722506066,-0.0013019240436747503,0.15383774220278776,0.605545891225338,-0.17316269606351853,0.18496999989151955,0.39,2.779585702683654,0.21251944140228046,-0.8183734342228358,-0.48180362582206726,-0.8046484589576721,-0.23000000417232513,0.0,23.325,baseline
241.9989803258545,58.00101967414551,-2.5413466727256053,301.265979911725,3.561047812067374,-0.14332738476924475,3.5619071219962906,-0.12037632927135195,-0.26040958405181086,0.11349349498128655,-2.902248490247408,-0.001321742036407379,0.15403526658762193,0.6055576097965241,-0.17307734489440918,0.18496999989151955,0.39,2.7647854145725814,0.21289620669283882,-0.8159348606478668,-0.48141300678253174,-0.8022098541259766,-0.23000000417232513,0.0,23.4,baseline
242.26551246501293,57.73448753498707,-2.5504755689508674,301.2465159665312,3.544198284185219,-0.14587433304646397,3.545034375032013,-0.12309358011680098,-0.25862985757603535,0.10776553029954866,-2.901800756798732,-0.0013391172048352687,0.15387758542165036,0.6055691915750504,-0.17299685657024383,0.18496999989151955,0.39,2.750056082078003,0.21326975273446652,-0.813635214062186,-0.48102694749832153,-0.7999101877212524,-0.23000000417232513,0.0,23.474999999999998,baseline
242.5307872178878,57.46921278211221,-2.559807634886469,301.2271852408794,3.527571762826793,-0.14838544348042276,3.528383755855361,-0.12579549279343352,-0.2568569924134874,0.10194969427820848,-2.901377056736126,-0.001354034350496016,0.15336842451998184,0.6055806428194046,-0.1729214146733284,0.18496999989151955,0.39,2.7353968144242886,0.21364010391318805,-0.811479704170601,-0.48064523935317993,-0.79775470495224,-0.23000000417232513,0.0,23.55,baseline
242.7948213739506,57.20517862604939,-2.569341839833441,301.20798721739993,3.5111717114604737,-0.1508648366144086,3.511958770647946,-0.1284852528714341,-0.2550910223150102,0.09605706866826536,-2.900979637483719,-0.0013664859790888074,0.15251735497513746,0.605591957271099,-0.17285118401050567,0.18496999989151955,0.39,2.7208067030161716,0.21400728186323628,-0.8094731285116133,-0.48026809096336365,-0.7957481145858765,-0.23000000417232513,0.0,23.625,baseline
243.05763197408606,56.942368025913936,-2.57907738682124,301.1889213917266,3.4950011189503707,-0.15331694881424024,3.4957624645914294,-0.1311660427636205,-0.2533319575465862,0.09009903644861227,-2.900610482082917,-0.001376471958740245,0.15133956126303738,0.6056031447649002,-0.17278632104396818,0.18496999989151955,0.39,2.7062848244327165,0.21437130615580327,-0.8076198589859348,-0.4798951745033264,-0.79389488697052,-0.23000000417232513,0.0,23.7,baseline
243.31923626652326,56.68076373347674,-2.589013729599375,301.1699872301933,3.4790624901579945,-0.1557464618524212,3.4797974144863892,-0.13384099905368319,-0.2515797799744999,0.08408723448214346,-2.900271292470489,-0.0013839996642586617,0.14985551621881057,0.6056142053008079,-0.17272695928812026,0.18496999989151955,0.39,2.6918302414252664,0.21473219315379294,-0.8059238214425848,-0.47952648997306824,-0.7921988368034363,-0.23000000417232513,0.0,23.775,baseline
243.57965167573374,56.42034832426626,-2.599150542890242,301.1511842349628,3.4633578383565906,-0.1581582302597633,3.464065722564915,-0.1365131708348246,-0.24983445691853895,0.07803349936264388,-2.8999634732608484,-0.0013890839145890557,0.14809057123392652,0.605625137090683,-0.17267322182655334,0.18496999989151955,0.39,2.6774420053412205,0.21508995669114014,-0.8043884841452914,-0.4791620969772339,-0.790663480758667,-0.23000000417232513,0.0,23.849999999999998,baseline
243.83889576873293,56.161104231267075,-2.60948772238545,301.13251187236074,3.4478886733639023,-0.16055720627554054,3.4485689998270717,-0.13918548018037832,-0.24809593314778966,0.0719498124921122,-2.899688118740822,-0.0013917462353109156,0.14607446769890037,0.605635946393013,-0.17262521505355835,0.18496999989151955,0.39,2.663119157834644,0.21544460778134117,-0.8030168483511246,-0.47880178689956665,-0.7892918586730957,-0.23000000417232513,0.0,23.925,baseline
244.0969862110143,55.9030137889857,-2.620025380491889,301.1139696477944,3.4326559999241866,-0.16294836575662724,3.433308365361837,-0.14186068613062447,-0.24636413512365857,0.06584824231499874,-2.899446008440121,-0.0013920154137571858,0.14384077972988504,0.605646630525589,-0.17258302450180052,0.18496999989151955,0.39,2.648860732719689,0.21579615580691264,-0.8018114331148352,-0.4784456491470337,-0.7880864143371582,-0.23000000417232513,0.0,24.0,baseline
244.35394073285065,55.646059267149354,-2.6307638548262777,301.09555706340734,3.4176603177871296,-0.16533663485371353,3.41828444756624,-0.14454135187175865,-0.2446389726131473,0.05974088206420486,-2.89923760419605,-0.0013899269475309522,0.14142629897408032,0.6056571930646897,-0.1725467252731323,0.18496999989151955,0.39,2.6346657583942137,0.21614460678100644,-0.8007742723574872,-0.47809356451034546,-0.7870492935180664,-0.23000000417232513,0.0,24.075,baseline
244.60977709819815,55.39022290180185,-2.6417036147313695,301.07727361482193,3.402901617752688,-0.1677268188365833,3.4034973734219767,-0.14722981558909656,-0.24292033467938273,0.053639788525160104,-2.899063051894816,-0.0013855230656557025,0.13887037155751372,0.6056676357984543,-0.17251636743545531,0.18496999989151955,0.39,2.6205332596932145,0.21648996481135743,-0.799906911988977,-0.4777454733848572,-0.7861819267272949,-0.23000000417232513,0.0,24.15,baseline
244.86451306321342,55.13548693678658,-2.6528453420044853,301.0591188269718,3.3883793904842356,-0.17012353542821543,3.3889467804784377,-0.14992816616465776,-0.24120810363578332,0.04755691694142094,-2.898922188547112,-0.0013788526243097344,0.13621420031523504,0.6056779533624649,-0.17249198853969572,0.18496999989151955,0.39,2.606462259599102,0.2168322317168679,-0.7992104042848976,-0.4774015545845032,-0.7854853868484497,-0.23000000417232513,0.0,24.224999999999998,baseline
245.11816632182757,54.88183367817243,-2.6641898459093993,301.0410922150022,3.374092629838844,-0.17253115110578204,3.374631816529141,-0.1526382231729976,-0.23950214030075317,0.041504058808911205,-2.8988145514522334,-0.0013699698392194942,0.13350012316137144,0.6056881573796272,-0.1724736115336418,0.18496999989151955,0.39,2.5924517815232617,0.2171714076271392,-0.7986853142095934,-0.4770614206790924,-0.7849603295326233,-0.23000000417232513,0.0,24.3,baseline
245.37075450574514,54.62924549425486,-2.6757380716745542,301.0231933298828,3.3600398409669507,-0.17495372438083695,3.360551143531732,-0.15536152208976153,-0.237802291683252,0.03549278179879147,-2.8987393953484353,-0.0013589347772320925,0.1307708808123899,0.6056982398033142,-0.17246123433113097,0.18496999989151955,0.39,2.5785008522994834,0.21750749038602413,-0.7983317172177994,-0.47672533988952637,-0.7846066951751709,-0.23000000417232513,0.0,24.375,baseline
245.62229512483128,54.37770487516872,-2.6874910409990336,301.0054217062884,3.346219055839515,-0.1773949549161658,3.3467029551363736,-0.1580993043899675,-0.23610839818975612,0.029534367548169325,-2.898695708559067,-0.001345812763777418,0.12806888743384967,0.6057082051038742,-0.1724548465013504,0.18496999989151955,0.39,2.5646085021840173,0.21784047510550578,-0.7981492083373977,-0.4763931632041931,-0.7844241857528687,-0.23000000417232513,0.0,24.45,baseline
245.872805523042,54.12719447695801,-2.6994498817915007,300.9877768984229,3.332627845260383,-0.17985813968834596,3.3330849847341533,-0.16085251295823325,-0.23442029343579418,0.023639755671646473,-2.898682234878623,-0.0013306735033620902,0.1254355143116531,0.6057180505990982,-0.17245441675186157,0.18496999989151955,0.39,2.5507737681342797,0.21817035659411824,-0.79813691323279,-0.4760649800300598,-0.7844119071960449,-0.23000000417232513,0.0,24.525,baseline
246.12230287065162,53.87769712934838,-2.7116157899273796,300.970258499553,3.319263334649433,-0.182346136324522,3.3196945174099497,-0.1636217923225558,-0.232737801173326,0.017819489437209374,-2.8986974979590054,-0.0013135913315806562,0.1229104000951514,0.6057277807593345,-0.17245989710092544,0.18496999989151955,0.39,2.5369956962326907,0.21849712825960807,-0.7982934960344165,-0.4757406413555145,-0.7845684885978699,-0.23000000417232513,0.0,24.599999999999998,baseline
246.37080411500773,53.62919588499227,-2.7239899782541706,300.95286607363596,3.3061222239493167,-0.1848613354147816,3.306528409054929,-0.16640749438986718,-0.23106074421493017,0.012083664050899941,-2.8987398289479454,-0.001294644373061699,0.12053079870394666,0.6057373902201653,-0.17247122704982756,0.18496999989151955,0.39,2.5232733421141607,0.21882078115420964,-0.7986171751984336,-0.4754203259944916,-0.784892201423645,-0.23000000417232513,0.0,24.675,baseline
246.61832594683375,53.38167405316625,-2.7365736723386593,300.9355992334622,3.2932008111770843,-0.18740564058123788,3.29358310983511,-0.1692096888974392,-0.22938894512909436,0.006441881143841647,-2.8988073946025454,-0.001273914367548345,0.11833097544498174,0.6057468825578689,-0.17248832523822782,0.18496999989151955,0.39,2.5096057736745747,0.21914130709671284,-0.7991057390208653,-0.4751039147377014,-0.7853807210922241,-0.23000000417232513,0.0,24.75,baseline
246.86488478726605,53.13511521273395,-2.7493681274619393,300.91845758855607,3.280495010175607,-0.18998045707298553,3.2808546753811454,-0.1720281780846149,-0.2277222282935499,0.0009032060131148824,-2.8988982278585316,-0.0012514857620558836,0.11634166056240731,0.605756254196167,-0.1725111040472984,0.18496999989151955,0.39,2.495992072924144,0.21945869641162535,-0.7997565669880372,-0.4747915267944336,-0.7860315442085266,-0.23000000417232513,0.0,24.825,baseline
247.11049673861442,52.889503261385585,-2.7623745266354254,300.90144075820353,3.2680003772546478,-0.19258668914422877,3.268338793791006,-0.17486251612222706,-0.22606042380317473,-0.004523865549806442,-2.8990102596866283,-0.0012274449703147177,0.11458956931396629,0.605765506029129,-0.1725394570827484,0.18496999989151955,0.39,2.482431336700367,0.219772939738544,-0.8005666449993517,-0.4744831323623657,-0.786841630935669,-0.23000000417232513,0.0,24.9,baseline
247.35517756102524,52.64482243897476,-2.7755940485840407,300.8845483844739,3.2557121392105186,-0.19522474565466066,3.256030813211944,-0.17771203249352321,-0.2244033655878727,-0.009831437336321643,-2.899141352699007,-0.0012018806619157887,0.11309699556274448,0.605774638056755,-0.17257326543331145,0.18496999989151955,0.39,2.4689226793762074,0.22008402811027492,-0.8015325878190699,-0.4741787314414978,-0.7878075838088989,-0.23000000417232513,0.0,24.974999999999998,baseline
247.59894267249035,52.40105732750965,-2.7890277870131577,300.86778011920205,3.2436252162433643,-0.1978945536922031,3.243925759075016,-0.180575858097353,-0.2227508945523893,-0.015012238085491743,-2.8992893327017364,-0.0011748832550828598,0.11188148534814159,0.6057836493849754,-0.17261239767074585,0.18496999989151955,0.39,2.455465234143612,0.22039195233632852,-0.8026506663907383,-0.4738783538341522,-0.7889256477355957,-0.23000000417232513,0.0,25.05,baseline
247.84180708663078,52.15819291336922,-2.802676793092887,300.85113561745675,3.2317342512678624,-0.20059558015890516,3.2320183641009304,-0.18345295492632296,-0.22110285908154012,-0.02005963973793485,-2.899452020915589,-0.0011465439693212516,0.11095559477843576,0.6057925409078598,-0.17265671402215957,0.18496999989151955,0.39,2.4420581530130305,0.22069670377022516,-0.8039168297404995,-0.4735819697380066,-0.7901918292045593,-0.23000000417232513,0.0,25.125,baseline
248.08378542566484,51.91621457433516,-2.8165420074737555,300.8346145571127,3.220033637771611,-0.20332686056991103,3.22030309412715,-0.18634214780490718,-0.21945911726425849,-0.02496766771575105,-2.899627265634968,-0.0011169546245159028,0.11032673521196666,0.6058013117313384,-0.17270606011152267,0.18496999989151955,0.39,2.4287006102353073,0.22099827456608237,-0.8053267289711976,-0.4732896089553833,-0.7916017174720764,-0.23000000417232513,0.0,25.2,baseline
248.32489188411387,51.67510811588613,-2.83062429852472,300.8182166257852,3.2085175480883317,-0.2060870349146145,3.2087741749494407,-0.18924215763047322,-0.21781955310515794,-0.029731006962314246,-2.8998129714037146,-0.0010862072865934784,0.10999710771157746,0.6058099538087844,-0.17276027530431748,0.18496999989151955,0.39,2.4153918015884335,0.22129665735833084,-0.8068757454322093,-0.47300153970718384,-0.7931507229804993,-0.23000000417232513,0.0,25.275,baseline
248.56514020807032,51.43485979192968,-2.8449244155907096,300.80194150133957,3.197179961517981,-0.20887438768220262,3.197425620045187,-0.19215163605636273,-0.21618405433813648,-0.03434500023854145,-2.9000071268142524,-0.0010543935950875652,0.1099637257222752,0.6058184814453125,-0.17281919062137602,0.18496999989151955,0.39,2.4021309463737373,0.22159184759906217,-0.8085590162877814,-0.47271728515625,-0.7948340177536011,-0.23000000417232513,0.0,25.349999999999998,baseline
248.80454370037754,51.195456299622464,-2.8594430272351645,300.7857888974254,3.186014689895007,-0.21168689471520952,3.186251252637839,-0.19506920070368255,-0.21455251969143402,-0.03880564082176296,-2.9002078337390396,-0.0010216048234387278,0.11021852562949956,0.6058268839120865,-0.17288262665271759,0.18496999989151955,0.39,2.3889172885561325,0.22188384148038925,-0.8103714601520237,-0.47243720293045044,-0.7966464757919312,-0.23000000417232513,0.0,25.425,baseline
249.04311518175246,50.956884818247545,-2.874180678744708,300.76975851143334,3.175015409092446,-0.2145222739263704,3.175244740809613,-0.19799347007135132,-0.21292487071003496,-0.04310956096980103,-2.9004133278330997,-0.0009879317004909695,0.1107485633493606,0.6058351647853851,-0.17295039772987364,0.18496999989151955,0.39,2.3757500964792357,0.22217263544021038,-0.8123078030626487,-0.4721611738204956,-0.7985827922821045,-0.23000000417232513,0.0,25.5,baseline
249.28086700114946,50.71913299885054,-2.8891378346213608,300.7538500570108,3.1641756823194624,-0.21737803875321499,3.16439961857573,-0.20092309772739178,-0.211301046755831,-0.04725401433290587,-2.9006219991598146,-0.0009534635123318328,0.11153628996649927,0.605843322277069,-0.1730223160982132,0.18496999989151955,0.39,2.362628665003615,0.2224582291422041,-0.814362607489813,-0.4718892574310303,-0.8006376028060913,-0.23000000417232513,0.0,25.575,baseline
249.51781101502726,50.48218898497274,-2.9043148403382997,300.7380632445679,3.153488983454424,-0.220251553850224,3.1537093075408813,-0.20385680492359606,-0.20968100350562258,-0.05123685094112422,-2.9008324098172356,-0.000918287937756518,0.11255990243296234,0.6058513590693474,-0.1730981856584549,0.18496999989151955,0.39,2.34955231493678,0.22274062390037505,-0.8165302944073463,-0.4716213643550873,-0.8028053045272827,-0.23000000417232513,0.0,25.65,baseline
249.75395858734626,50.24604141265374,-2.91971194783451,300.7223977909889,3.1429487253532846,-0.2231400927391728,3.1431671496703966,-0.20679341209953245,-0.20806471663337622,-0.05505649023097355,-2.9010433092746215,-0.0008824913865826088,0.11379376251246803,0.605859272480011,-0.1731778061389923,0.18496999989151955,0.39,2.3365203941735007,0.22301982308363738,-0.8188051651564363,-0.4713575839996338,-0.8050801753997803,-0.23000000417232513,0.0,25.724999999999998,baseline
249.98932056882708,50.01067943117292,-2.9353293537544918,300.7068534197142,3.1325482800119566,-0.2260408950177499,3.132766426543281,-0.2097318671396562,-0.20645218029477183,-0.05871189076019507,-2.901253643222571,-0.0008461586149023279,0.11520887595712566,0.6058670660853386,-0.1732609751820564,0.18496999989151955,0.39,2.3235322776959557,0.22329583226633792,-0.8211814304304941,-0.47109779715538025,-0.8074564337730408,-0.23000000417232513,0.0,25.8,baseline
250.22390732547018,49.77609267452982,-2.9511671442129686,300.691429854146,3.122280996839299,-0.22895122296934914,3.1225003768959163,-0.21267127091975171,-0.20484340365837309,-0.062202515369608885,-2.9014625604564115,-0.0008093723179882439,0.11677342280813677,0.6058747398853302,-0.17334748834371566,0.18496999989151955,0.39,2.3105873687145104,0.2235686590439464,-0.8236532285272509,-0.47084200382232666,-0.8099282383918762,-0.23000000417232513,0.0,25.875,baseline
250.45772868929637,49.542271310703626,-2.9672253755225646,300.67612679816875,3.1121402265254234,-0.23186841701257163,3.1123622267232465,-0.2156109002501124,-0.20323841205059193,-0.06552829348781962,-2.9016694167194097,-0.000772213325728986,0.11845332988210136,0.6058822965621948,-0.17343713700771332,0.18496999989151955,0.39,2.2976850970991403,0.22383831281462452,-0.8262146443761352,-0.47059011459350586,-0.8124896287918091,-0.23000000417232513,0.0,25.95,baseline
250.69079401019445,49.30920598980555,-2.983504031708386,300.66094397520146,3.102119332819454,-0.23478994808201412,3.102345197909863,-0.21855022584287845,-0.20163725127472212,-0.06868958255285539,-2.9018737723650254,-0.0007347603778920783,0.12021287486705057,0.6058897334337234,-0.17352971464395522,0.18496999989151955,0.39,2.2848249220886996,0.22410480550100845,-0.8288597310881818,-0.470342218875885,-0.8151347041130066,-0.23000000417232513,0.0,26.025,baseline
250.92311211703162,49.07688788296838,-3.0000030882403967,300.64588109237866,3.092211712582288,-0.2377134666536091,3.092442535647346,-0.22148892769616504,-0.2000399808185473,-0.07168712660134594,-2.9020753883328183,-0.0006970899598124237,0.1220153113125862,0.6058970576524735,-0.17362501263618468,0.18496999989151955,0.39,2.2720063294393054,0.2243681508969228,-0.8315825241359326,-0.470098078250885,-0.8178575038909912,-0.23000000417232513,0.0,26.099999999999998,baseline
251.1546913332097,48.84530866679029,-3.016722486540468,300.6309378666151,3.082410804292908,-0.24063684727526435,3.0826475144108088,-0.22442690512644736,-0.19844667104490607,-0.07452201501147257,-2.902274218432711,-0.0006592765862676066,0.1238235037101137,0.6059042683243752,-0.17372282236814499,0.18496999989151955,0.39,2.259228833563261,0.22462836492686591,-0.8343770589386521,-0.46985772252082825,-0.8206520676612854,-0.23000000417232513,0.0,26.175,baseline
251.38553947666014,48.61446052333986,-3.0336621764734613,300.61611398226614,3.0727101049119656,-0.24355822889449075,3.0729534625535813,-0.22736428351811797,-0.19685740849758063,-0.07719564230827895,-2.9024703977156467,-0.000621393106710047,0.12560056262335356,0.6059113681316376,-0.17382293313741684,0.18496999989151955,0.39,2.246491976673466,0.22488546452693534,-0.8372373807919775,-0.46962106227874756,-0.8235123753547668,-0.23000000417232513,0.0,26.25,baseline
251.6156638728039,48.38433612719609,-3.050822124846862,300.6014091367033,3.0631031743779698,-0.24647604861708233,3.063353765309379,-0.2303014155318704,-0.19527229110855365,-0.07970966907148287,-2.9026642263085303,-0.0005835102177220952,0.12731046797545903,0.6059183588624001,-0.17392514050006866,0.18496999989151955,0.39,2.233795328783692,0.2251394695517254,-0.8401575623416937,-0.46938803791999817,-0.8264325857162476,-0.23000000417232513,0.0,26.325,baseline
251.84507135454928,48.154928645450724,-3.068202336656321,300.58682301103227,3.0535836458701127,-0.2493890700601162,3.0538418798900646,-0.23323887879050895,-0.1936914285972149,-0.08206598171471564,-2.9028561524830585,-0.0005456968501469871,0.12891867047704697,0.6059252431988716,-0.17402923375368118,0.18496999989151955,0.39,2.2211384869957853,0.22539040083192757,-0.8431317078176286,-0.4691585600376129,-0.8294066786766052,-0.23000000417232513,0.0,26.4,baseline
252.0737682648834,47.9262317351166,-3.085802859335044,300.57235528961655,3.0441452330829177,-0.2522964052525846,3.0444113475940484,-0.2361774692122843,-0.19211494484890831,-0.08426665681602524,-2.903046752875344,-0.0005080197177200136,0.1303926614336628,0.6059320211410523,-0.1741350147128105,0.18496999989151955,0.39,2.2085210754997897,0.2256382811006978,-0.8461539640706169,-0.4689326286315918,-0.8324289917945862,-0.23000000417232513,0.0,26.474999999999998,baseline
252.30176046464456,47.69823953535544,-3.1036238209966207,300.558005640547,3.034781732211296,-0.2551975286652559,3.0350557950669304,-0.23911818948546626,-0.1905429643238761,-0.08631392388725162,-2.9032367095117873,-0.0004705441345511755,0.13170250105784603,0.6059387016296387,-0.1742422726750374,0.18496999989151955,0.39,2.195942745431413,0.2258831346933724,-0.8492185270869447,-0.46870994567871094,-0.8354935050010681,-0.23000000417232513,0.0,26.55,baseline
252.5290533454845,47.4709466545155,-3.121665417689109,300.54377371889404,3.025487027243953,-0.25809228562541475,3.025768944931926,-0.24206223459389298,-0.18897561473528776,-0.08821013753393427,-2.90342678755921,-0.0004333338601430082,0.13282129780233354,0.6059452837705612,-0.17435081362724303,0.18496999989151955,0.39,2.1834031744445492,0.22612498650245572,-0.8523196460358493,-0.4684905409812927,-0.8385946750640869,-0.23000000417232513,0.0,26.625,baseline
252.75565181949537,47.24434818050463,-3.139927951635884,300.52965916669973,3.016255092050996,-0.26098089338945457,3.016544619987047,-0.24501097297716226,-0.1874130322406099,-0.08995774687573682,-2.9036178081387733,-0.00039645122826069987,0.13372563076568433,0.6059517702460289,-0.17446043103933334,0.18496999989151955,0.39,2.1709020659983524,0.2263638622014132,-0.8554516289658864,-0.46827432513237,-0.8417266011238098,-0.23000000417232513,0.0,26.7,baseline
252.98156035809274,47.018439641907264,-3.158411826990774,300.5156616292884,3.0070799911641615,-0.26386393503441513,3.0073767465092547,-0.24796592459709038,-0.18585535935516173,-0.09155927360109686,-2.9038106220725255,-0.0003599570727027259,0.13439590810674776,0.605958162844181,-0.17457093507051466,0.18496999989151955,0.39,2.1584391499277547,0.2265997888678813,-0.8586088445797626,-0.468061238527298,-0.8448838591575623,-0.23000000417232513,0.0,26.775,baseline
253.20678296609057,46.79321703390943,-3.177117579578988,300.50178072266317,2.997955880488234,-0.26674234631049787,2.9982593572757765,-0.2509287363451406,-0.18430273257313876,-0.09301728868259054,-2.904006084277141,-0.00032391088572347027,0.13481665604914855,0.6059644705057144,-0.1746821254491806,0.18496999989151955,0.39,2.1460141803048995,0.22683279424396777,-0.8617857250046673,-0.4678509831428528,-0.8480607271194458,-0.23000000417232513,0.0,26.849999999999998,baseline
253.43132320762427,46.568676792375726,-3.1960458641526204,300.48801606935876,2.988877007033934,-0.2696173966463693,2.9891865926825902,-0.25390115490539666,-0.18275528233068522,-0.09433439856226095,-2.9042050286845136,-0.0002883713740276504,0.13497673540253405,0.6059706941246986,-0.1747938123345375,0.18496999989151955,0.39,2.1336269368650185,0.22706290622888156,-0.8649767653946625,-0.46764352917671204,-0.8512517809867859,-0.23000000417232513,0.0,26.925,baseline
253.65518422429585,46.34481577570415,-3.215197454392638,300.4743672788859,2.9798377106129914,-0.272490664718849,2.980152706507387,-0.2568849978591898,-0.18121314555093268,-0.0955132326429799,-2.9044082409643917,-0.0002533959531859795,0.13486948263495743,0.6059768319129943,-0.1749058037996292,0.18496999989151955,0.39,2.1212772235806647,0.2272901517989193,-0.8681765262013245,-0.4674389362335205,-0.8544515371322632,-0.23000000417232513,0.0,27.0,baseline
253.87836870406227,46.12163129593773,-3.234573293894777,300.4608339509923,2.970832419980335,-0.2753640072798647,2.9711520597526997,-0.2598821224348615,-0.1796764627465327,-0.09655643542140249,-2.9046164320215837,-0.00021904108351036668,0.13449277263990309,0.60598288834095,-0.17501791208982467,0.18496999989151955,0.39,2.1089648676637283,0.22751455909953514,-0.8713796348556351,-0.46723705530166626,-0.8576546311378479,-0.23000000417232513,0.0,27.075,baseline
254.10087894604627,45.899121053953735,-3.2541744324400006,300.44741565612867,2.961855654529481,-0.27823952327453694,2.962179125732036,-0.262894394772167,-0.17814536193749622,-0.09746666303135476,-2.9048302173947413,-0.0001853622524798544,0.13384900341657238,0.6059888714551925,-0.17512995153665542,0.18496999989151955,0.39,2.0966897212765754,0.22773615699981462,-0.8745807808707804,-0.4670376181602478,-0.860855758190155,-0.23000000417232513,0.0,27.15,baseline
254.32271682164782,45.677283178352184,-3.274002085477767,300.4341119907981,2.9529020232295125,-0.2811195144153299,2.953228488966714,-0.26592365827583175,-0.1766199615852769,-0.0982465834558096,-2.905050097032507,-0.00015241377494590961,0.1329450049884921,0.605994781255722,-0.1752417406439781,0.18496999989151955,0.39,2.0844516579674552,0.2279549737486395,-0.8777747210669856,-0.46684062480926514,-0.8640497326850891,-0.23000000417232513,0.0,27.224999999999998,baseline
254.5438838056538,45.45611619434621,-3.2940575958874536,300.4209225059244,2.9439662257806942,-0.28400644211976456,2.9442948465186736,-0.2689717020019014,-0.17510037474356796,-0.09889888022662414,-2.905276434730934,-0.00012024943843205074,0.1317918746858187,0.6060006213188172,-0.17535309374332428,0.18496999989151955,0.39,2.0722505748093702,0.2281710356662902,-0.880956275970034,-0.4666459560394287,-0.8672312498092651,-0.23000000417232513,0.0,27.3,baseline
254.76438097364604,45.23561902635396,-3.314342433978072,300.40784677197144,2.9350430525242057,-0.2869028818759508,2.9353730076816826,-0.27204022989264337,-0.1735867141470421,-0.09942626232389264,-2.90550944121379,-8.892182106662071e-05,0.13040474170877306,0.6060063898563385,-0.17546383768320084,0.18496999989151955,0.39,2.0600863906890416,0.22838436979149587,-0.8841203339685166,-0.4664536714553833,-0.8703953623771667,-0.23000000417232513,0.0,27.375,baseline
254.9842090279228,45.01579097207721,-3.334858197491102,300.39488433335555,2.9261273866734556,-0.28981147503012783,2.9264578956557163,-0.27513083135773714,-0.17207908194228363,-0.09983147288196927,-2.9057491607054122,-5.848274211460683e-05,0.12880246556103261,0.6060120958089829,-0.17557378888130187,0.18496999989151955,0.39,2.047959046449468,0.22859500253850198,-0.887261849716871,-0.46626347303390503,-0.8735368251800537,-0.23000000417232513,0.0,27.45,baseline
255.2033682871324,44.796631712867594,-3.355606590353816,300.38203473775957,2.9172142059282975,-0.29273488015792465,2.917544548216294,-0.2782449538209064,-0.17057756722349282,-0.1001173059185758,-2.9059954623816853,-2.8982843959463815e-05,0.12700727500435977,0.6060177391767502,-0.17568278044462204,0.18496999989151955,0.39,2.0358685034642465,0.2288029598324076,-0.8903758486934383,-0.4660753607749939,-0.876650869846344,-0.23000000417232513,0.0,27.525,baseline
255.4218586992327,44.5781413007673,-3.3765894354280213,300.36929753286677,2.908298585536324,-0.2956757247206763,2.9086281188961283,-0.281383877051937,-0.16908225908763022,-0.1002866193801603,-2.9062480317019426,-4.714226716492368e-07,0.12504435456041255,0.6060233181715011,-0.1757906350493431,0.18496999989151955,0.39,2.023814744207718,0.22900826593403212,-0.8934574274084985,-0.4658893942832947,-0.8797324299812317,-0.23000000417232513,0.0,27.599999999999998,baseline
255.63967986223372,44.36032013776628,-3.397808623523023,300.35667223379505,2.8993757053354106,-0.2986365566863376,2.8997038847805956,-0.2845486907595755,-0.16759323930509012,-0.10034235536078069,-2.9065063666700786,2.7003087523644547e-05,0.12294138531322626,0.6060288390517234,-0.17589718580245972,0.18496999989151955,0.39,2.0117977715422013,0.22921094510451262,-0.8965017568394661,-0.46570536494255066,-0.8827767372131348,-0.23000000417232513,0.0,27.675,baseline
255.85683101123385,44.14316898876615,-3.41926614313797,300.3441583719641,2.8904408504876544,-0.3016197974511561,2.8907672418496055,-0.28774027445100214,-0.1661105740530588,-0.10028755890369895,-2.9067697783804154,5.3394110057026654e-05,0.12072804836513876,0.6060343044996261,-0.17600226789712906,0.18496999989151955,0.39,1.9998176075771454,0.22941102170275923,-0.8995040915832179,-0.4655231833457947,-0.885779082775116,-0.23000000417232513,0.0,27.75,baseline
256.0733110599007,43.926688940099325,-3.4409640209788686,300.331755475524,2.8814894209511666,-0.3046276985218163,2.8818137146333096,-0.29095928137205307,-0.1646343295103609,-0.10012539686965286,-2.907037394591838,7.8656637242186e-05,0.11843550097116551,0.6060397100448608,-0.17610571652650833,0.18496999989151955,0.39,1.9878742943821381,0.22960851772744367,-0.9024597678854023,-0.46534299850463867,-0.888734757900238,-0.23000000417232513,0.0,27.825,baseline
256.28911856158794,43.71088143841206,-3.46290432620344,300.3194630465837,2.8725169382161067,-0.3076622997223941,2.872838960008135,-0.294206125444972,-0.16316456340358285,-0.09985917900561533,-2.9073081647777115,0.00010274733678980752,0.11609583338717823,0.6060450637340545,-0.1762073731422424,0.18496999989151955,0.39,1.9759678917054628,0.22980345527552315,-0.9053642159712193,-0.46516454219818115,-0.891639232635498,-0.23000000417232513,0.0,27.9,baseline
256.5042517845099,43.495748215490096,-3.485089157682011,300.307280610044,2.8635190532996075,-0.31072539204026994,2.863838772058975,-0.29748097234609144,-0.1617013267624388,-0.09949237806145558,-2.9075808717168954,0.00012562469347307382,0.11374151592021942,0.6060503619909287,-0.17630707919597624,0.18496999989151955,0.39,1.9640984791126632,0.2299958562109196,-0.9082129644298638,-0.46498793363571167,-0.8944879770278931,-0.23000000417232513,0.0,27.974999999999998,baseline
256.71870865990064,43.28129134009936,-3.507520618497202,300.2952076745346,2.8544915584172323,-0.31381848470194307,2.854809093362395,-0.3007837346120374,-0.16024466594886916,-0.09902865002770311,-2.9078541436436676,0.00014724926948079799,0.11140484661938056,0.6060556083917618,-0.1764046823978424,0.18496999989151955,0.39,1.9522661518519553,0.23018574091017213,-0.9110016520607062,-0.4648130536079407,-0.8972766399383545,-0.23000000417232513,0.0,28.05,baseline
256.93248683904477,43.06751316095523,-3.530200786206393,300.2832437291404,2.845430393134464,-0.31694277710600116,2.845746014849329,-0.304114069788278,-0.1587946303813396,-0.09847185106371455,-2.908126469261858,0.0001675845507095639,0.10911740775572348,0.6060607975721359,-0.17650003671646117,0.18496999989151955,0.39,1.9404710237054648,0.23037312967782644,-0.913726036172806,-0.4646400809288025,-0.900001049041748,-0.23000000417232513,0.0,28.125,baseline
257.14558366476433,42.85441633523567,-3.553131708589506,300.2713882890125,2.8363316586300185,-0.3200991356244388,2.836645789538402,-0.3074713835813963,-0.1573512621829502,-0.09782605182730798,-2.908396216565394,0.00018659637443978246,0.10690954061476664,0.6060659384727478,-0.1765929940342903,0.18496999989151955,0.39,1.9287132238525377,0.2305580437715489,-0.9163820001805071,-0.46446871757507324,-0.9026569724082947,-0.23000000417232513,0.0,28.2,baseline
257.3579962310409,42.642003768959114,-3.5763153781608668,300.259640856254,2.8271916275453,-0.3232880768362917,2.827504838325683,-0.3108548364331896,-0.15591460238234997,-0.09709555303462471,-2.90866165496866,0.0002042536219036011,0.10480984751869267,0.6060710239410401,-0.1766834208369255,0.18496999989151955,0.39,1.9169928984379618,0.2307405027915784,-0.918965567443177,-0.46429920196533203,-0.9052405953407288,-0.23000000417232513,0.0,28.275,baseline
257.5697213493198,42.43027865068018,-3.5997537109199804,300.2480009264773,2.8180067591128757,-0.32650975640858204,2.81831976454663,-0.31426335412493345,-0.15448469286908542,-0.09628489407829266,-2.908920976320304,0.00022052813656689383,0.10284472947112439,0.606076058447361,-0.17677117735147474,0.18496999989151955,0.39,1.9053102072927512,0.23092052659826173,-0.9214729130087417,-0.4641313850879669,-0.9077479243278503,-0.23000000417232513,0.0,28.349999999999998,baseline
257.7807555899848,42.21924441001522,-3.6234485506051715,300.2364679724983,2.8087737082753392,-0.3297639635890004,2.809087356840997,-0.3176956409993631,-0.15306157564690098,-0.09539886347319113,-2.9091723189613,0.0002353947463826452,0.10103796593832184,0.6060810393095016,-0.17685613840818404,0.18496999989151955,0.39,1.8936653257874099,0.2310981353499716,-0.9239003770523321,-0.46396535634994507,-0.9101753830909729,-0.23000000417232513,0.0,28.425,baseline
257.99109529791536,42.008904702084635,-3.6474016177059863,300.2250415062058,2.799489340043732,-0.33305012216219343,2.7998046031328783,-0.32115019756598473,-0.15164528980835248,-0.09444250220510705,-2.9094137929905424,0.0002488321107331462,0.09941034410281335,0.6060859709978104,-0.17693818092346192,0.18496999989151955,0.39,1.882058442550837,0.231273349902679,-0.9262444762317369,-0.46380096673965454,-0.9125194549560547,-0.23000000417232513,0.0,28.5,baseline
258.20073658211777,41.79926341788223,-3.6716145222093797,300.21372099717064,2.790150741602806,-0.33636729752854344,2.7904686996297356,-0.3246253405876321,-0.15023587383153209,-0.09342110371276502,-2.9096435068930235,0.0002608228693960305,0.0979793430369109,0.6060908508300781,-0.17701719224452972,0.18496999989151955,0.39,1.870489758614655,0.23144618959082836,-0.928501917207611,-0.4636383056640625,-0.9147769212722778,-0.23000000417232513,0.0,28.575,baseline
258.4096753675709,41.59032463242909,-3.6960887338616253,300.2025059344878,2.780755234835515,-0.339714209881491,2.7810770604433905,-0.3281192253729815,-0.14883338052088343,-0.09234020931657204,-2.909859592092434,0.0002713535224217617,0.09675887787652464,0.6060956734418869,-0.1770930618047714,0.18496999989151955,0.39,1.8589594879835227,0.23161667494466465,-0.9306696078804911,-0.46347755193710327,-0.9169446229934692,-0.23000000417232513,0.0,28.65,baseline
258.61790738744776,41.38209261255224,-3.720825599163898,300.19139580399724,2.7713003907569504,-0.34308925226657017,2.771627332182876,-0.3316298710506262,-0.14743787063701905,-0.09120560250515884,-2.910060228416483,0.00028041431817210714,0.0957591066227451,0.6061004424095153,-0.1771656894683838,0.18496999989151955,0.39,1.8474678547835999,0.2317848276278715,-0.9327446730070718,-0.4633185863494873,-0.9190196990966797,-0.23000000417232513,0.0,28.724999999999998,baseline
258.82542820386,41.174571796140015,-3.745826277637915,300.18039006876825,2.7617840373562923,-0.346490513623163,2.762117396648823,-0.3351551866012689,-0.14604940957228468,-0.0900232983132304,-2.910243669869581,0.0002879996113541268,0.09498630241361707,0.6061051550507546,-0.1772349813580513,0.18496999989151955,0.39,1.8360150936903734,0.2319506703565251,-0.9347244684302328,-0.46316149830818176,-0.9209994673728943,-0.23000000417232513,0.0,28.799999999999997,baseline
259.03223323377233,40.96776676622767,-3.771091805565391,300.1694882081297,2.752204271893888,-0.3499158070993983,2.7525453839002245,-0.3386929993196331,-0.14466806535596907,-0.08879952824714474,-2.9104082688575805,0.0002941083851900247,0.09444279353391656,0.6061098149418831,-0.17730085611343382,0.18496999989151955,0.39,1.824601448787701,0.23211422708562673,-0.9366065893458831,-0.4630061686038971,-0.9228816032409668,-0.23000000417232513,0.0,28.875,baseline
259.238317754195,40.76168224580499,-3.796623019504657,300.1586896688764,2.7425594703342338,-0.35336270262487474,2.74290968001549,-0.3422410836584909,-0.14329391024423266,-0.08754071957755029,-2.9105524993632557,0.0002987440957113102,0.09412697080564038,0.606114419400692,-0.17736323654651642,0.18496999989151955,0.39,1.8132271721425217,0.23227552159882595,-0.9383888829809864,-0.46285268664360046,-0.9246639013290405,-0.23000000417232513,0.0,28.95,baseline
259.443676951427,40.556323048573006,-3.8224206285308817,300.1479939270894,2.7328482963360634,-0.3568285631686005,2.733208935341731,-0.34579719019909655,-0.14192702962704187,-0.08625347362422314,-2.9106749765169555,0.00030191430728068665,0.09403336197878831,0.6061189657449723,-0.17742205590009688,0.18496999989151955,0.39,1.8018925235192744,0.2324345791630166,-0.9400694586235367,-0.46270114183425903,-0.9263444542884827,-0.23000000417232513,0.0,29.025,baseline
259.64830589773607,40.351694102263934,-3.8484851292513564,300.1374004230506,2.723069707536369,-0.3603105833859273,2.7234420704685762,-0.3493590747266449,-0.1405675160411166,-0.08494454010258941,-2.910774474568122,0.00030363129459509827,0.09415277003037913,0.6061234566569328,-0.1774772599339485,0.18496999989151955,0.39,1.7905977676715152,0.2325914257425638,-0.9416467000499869,-0.46255144476890564,-0.927921712398529,-0.23000000417232513,0.0,29.099999999999998,baseline
259.8521996057856,40.147800394214414,-3.8748168780462837,300.1269086035513,2.7132229616504517,-0.36380583076601253,2.7136082824445085,-0.3529245269210672,-0.13921546388872197,-0.08362078676408279,-2.9108499444923024,0.0003039116000498646,0.09447247274888779,0.6061278930306434,-0.17752879858016968,0.18496999989151955,0.39,1.7793431756245164,0.23274608923341533,-0.9431192693226622,-0.4624035656452179,-0.9293942451477051,-0.23000000417232513,0.0,29.174999999999997,baseline
260.05535304159883,39.944646958401165,-3.901416061326437,300.116517905622,2.7033076201759263,-0.367311289116257,2.703707048995592,-0.35649139763772014,-0.1378709867412939,-0.08228916867149687,-2.9109005265101127,0.0003027762700036325,0.09497648040685738,0.6061322659254074,-0.1775766384601593,0.18496999989151955,0.39,1.7681290216817929,0.2328985975601068,-0.9444861167685591,-0.4622578024864197,-0.9307610988616943,-0.23000000417232513,0.0,29.25,baseline
260.25776113233366,39.742238867666345,-3.928282712530439,300.10622775327647,2.6933235502870927,-0.3708239012801488,2.6937381314197912,-0.3600576248444865,-0.13653420200335187,-0.08095669176593032,-2.9109255589661562,0.00030025093356732024,0.09564584497796219,0.6061365860700607,-0.17762075245380402,0.18496999989151955,0.39,1.7569555827120642,0.23304898124029513,-0.9457464849238548,-0.46211379766464233,-0.9320214986801147,-0.23000000417232513,0.0,29.325,baseline
260.45941881294186,39.54058118705814,-3.955416703631648,300.0960375737759,2.6832709261652945,-0.3743406130788124,2.6837015773128603,-0.36362125812383445,-0.13520523013083394,-0.07963037727761346,-2.9109245890499156,0.0002963648183952982,0.09645901575050099,0.6061408472061157,-0.1776611217856407,0.18496999989151955,0.39,1.7458231377216489,0.23319727164210807,-0.9468999106983091,-0.4619717597961426,-0.9331749081611633,-0.23000000417232513,0.0,29.4,baseline
260.66032101839016,39.339678981609836,-3.982817770631956,300.0859467618561,2.6731502269516008,-0.3778584164313433,2.673597720311721,-0.36718048020426813,-0.13388420500826975,-0.07831722582689796,-2.9108973741825923,0.00029115115053563974,0.0973922360319012,0.6061450493335724,-0.17769774228334426,0.18496999989151955,0.39,1.7347319652881976,0.233343500402423,-0.9479462312403063,-0.4618316888809204,-0.9342212080955505,-0.23000000417232513,0.0,29.474999999999998,baseline
260.8604627225401,39.13953727745991,-4.010485534811576,300.0759547285061,2.6629622320701314,-0.38137439049157484,2.6634271770822617,-0.3707336263207574,-0.13257126466561198,-0.07702417717189111,-2.91084388276249,0.0002846475059185968,0.0984199715323875,0.6061491951346397,-0.17773062020540237,0.18496999989151955,0.39,1.723682343988541,0.23348770174530872,-0.9488855806619886,-0.46169349551200867,-0.9351605772972107,-0.23000000417232513,0.0,29.549999999999997,baseline
261.0598389666672,38.9401610333328,-4.038419451742864,300.06606085543217,2.6527080188879033,-0.3848857414037284,2.653190849660242,-0.37427920142483695,-0.1312665496291236,-0.07575806982002337,-2.9107642941527696,0.0002768948618036542,0.09951536415369967,0.6061532846093177,-0.17775976806879043,0.18496999989151955,0.39,1.712674550260295,0.23362990990469115,-0.9497183867979992,-0.46155717968940735,-0.9359933733940125,-0.23000000417232513,0.0,29.625,baseline
261.2584448516715,38.74155514832847,-4.066618930264494,300.05626452761044,2.6423889521354957,-0.38838983873470867,2.642889914472148,-0.3778158926032579,-0.12997020878963975,-0.0745256034074868,-2.9106589915415997,0.0002679374484209706,0.10065070344652978,0.6061573150753975,-0.17778521299362182,0.18496999989151955,0.39,1.701708856833304,0.23377016029252973,-0.9504453723309919,-0.4614228308200836,-0.9367203712463379,-0.23000000417232513,0.0,29.7,baseline
261.4562755951135,38.54372440488652,-4.095083256003745,300.0465651006948,2.632006676947479,-0.39188424909010605,2.6325258206098887,-0.3813425798113229,-0.12868239973403645,-0.07333329977969527,-2.9105285530271616,0.0002578225985746795,0.10179790673458905,0.6061612874269485,-0.17780698835849762,0.18496999989151955,0.39,1.6907855331580661,0.23390848922644364,-0.9510675440805877,-0.4612904191017151,-0.9373425245285034,-0.23000000417232513,0.0,29.775,baseline
261.65332652343204,38.34667347656796,-4.123811638115841,300.03696193037695,2.6215631070746475,-0.39536676497278916,2.6221002807975364,-0.3848583427487276,-0.12740327399319212,-0.072187466139575,-2.9103737414038195,0.00024660057556659827,0.1029289996614087,0.6061652079224586,-0.17782514214515685,0.18496999989151955,0.39,1.6799048422687586,0.23404493494724019,-0.9515861894815711,-0.46115973591804504,-0.9378612041473389,-0.23000000417232513,0.0,29.849999999999998,baseline
261.8495931004563,38.150406899543725,-4.1528032305326095,300.0274543755909,2.6110604130914483,-0.3988354304226822,2.6116152630037712,-0.38836246444773226,-0.12613298186901886,-0.07109415865755232,-2.9101954915307617,0.00023432386429799113,0.1040165899297106,0.6061690729856491,-0.17783972442150114,0.18496999989151955,0.39,1.6690670412112376,0.23417953496787464,-0.9520028647122767,-0.46103090047836304,-0.9382778406143188,-0.23000000417232513,0.0,29.924999999999997,baseline
262.04507095591833,37.954929044081666,-4.182057136214699,300.01804175295,2.600501007836315,-0.4022885620747356,2.601072979338883,-0.39185443093469463,-0.12487168867517731,-0.07005915057385156,-2.9099948914687936,0.00022104740303467441,0.10503432631972033,0.6061728772521019,-0.17785080403089523,0.18496999989151955,0.39,1.6582723794749048,0.23431232655655593,-0.9523193858879475,-0.4609040915966034,-0.938594400882721,-0.23000000417232513,0.0,30.0,baseline
262.239755880266,37.76024411973401,-4.211572436894782,300.0087233888544,2.5898875314681935,-0.40572476357782217,2.590475874620444,-0.3953339280514878,-0.12361954831424786,-0.06908789895567956,-2.9097731643374374,0.00020682782035400194,0.10595733339010438,0.6061766350269318,-0.1778584477305412,0.18496999989151955,0.39,1.6475210974244916,0.23444335005252093,-0.9525378156057541,-0.4607788324356079,-0.938812792301178,-0.23000000417232513,0.0,30.075,baseline
262.43364386872963,37.56635613127037,-4.2413481930823576,299.999498583652,2.579222834645959,-0.4091429366567486,2.5798266129490526,-0.3988008352392793,-0.1223767072349678,-0.06818551941779356,-2.9095316520552847,0.00019172319503452822,0.1067626168158228,0.6061803382635117,-0.1778627410531044,0.18496999989151955,0.39,1.6368134265853707,0.2345726441320784,-0.9526604492421148,-0.4606553912162781,-0.9389354586601257,-0.23000000417232513,0.0,30.15,baseline
262.62673111872783,37.37326888127217,-4.271383456810798,299.990366637704,2.5685099612745432,-0.41254228658436326,2.5691280637246456,-0.4022552155066844,-0.12114331489560373,-0.0673567595382615,-2.9092717904918617,0.00017579284201444704,0.10742943314033315,0.6061839896440506,-0.17786376744508742,0.18496999989151955,0.39,1.6261495872198701,0.2347002473586366,-0.95268980103602,-0.46053367853164673,-0.9389647841453552,-0.23000000417232513,0.0,30.224999999999998,baseline
262.8190140480102,37.18098595198978,-4.301677297133988,299.981326835094,2.5577521301935744,-0.41592232175901467,2.558383286420962,-0.40569730308781876,-0.11991951121670269,-0.06660597962412575,-2.9089950878280706,0.00015909671771137954,0.10793961608574308,0.6061875927448273,-0.17786162495613098,0.18496999989151955,0.39,1.6155297884699693,0.2348261986563516,-0.952628587120545,-0.4604135751724243,-0.9389035701751709,-0.23000000417232513,0.0,30.299999999999997,baseline
263.01048931280206,36.989510687197935,-4.332228804377403,299.97237845991185,2.546952715726308,-0.419282849008872,2.5475955139483752,-0.40912748838009144,-0.11870543302461611,-0.06593713447261772,-2.9087031025640533,0.00014169570223390447,0.10827785576983821,0.606191143989563,-0.17785641580820083,0.18496999989151955,0.39,1.6049542273594382,0.2349505362931836,-0.9524797093987135,-0.4602952003479004,-0.9387547373771667,-0.23000000417232513,0.0,30.375,baseline
263.2011538155778,36.79884618442219,-4.363037115633616,299.9635207702081,2.5361152294295413,-0.4226239631367963,2.5367681369203594,-0.412546300438171,-0.11750120760314416,-0.06535375988512673,-2.9083974196890963,0.0001236503984326882,0.1084319263433933,0.6061946496367454,-0.17784824430942536,0.18496999989151955,0.39,1.5944230877958865,0.23507329816559838,-0.9522462365259539,-0.46017834544181824,-0.9385212659835815,-0.23000000417232513,0.0,30.45,baseline
263.39100472320933,36.608995276790665,-4.394101385020525,299.95475302078194,2.525243300607994,-0.42594603232046335,2.5259046863125048,-0.4159543877441054,-0.11630695259832101,-0.0648589665495608,-2.9080796287142836,0.00010502085818547007,0.1083928587118989,0.6061981070041657,-0.17783722311258315,0.18496999989151955,0.39,1.5839365401432204,0.23519452180613412,-0.9519313884894555,-0.460063099861145,-0.9382063746452332,-0.23000000417232513,0.0,30.525,baseline
263.58003946695914,36.419960533040864,-4.425420847417969,299.94607446643386,2.5143406557198054,-0.42924967886623017,2.515008814624561,-0.4193524971566418,-0.11512277435647282,-0.06445543504096063,-2.90775130015328,8.586735901624853e-05,0.10815505633174596,0.6062015205621719,-0.17782347321510314,0.18496999989151955,0.39,1.5734947402234867,0.23531424368834045,-0.9515385186681365,-0.4599493145942688,-0.9378135204315186,-0.23000000417232513,0.0,30.599999999999998,baseline
263.7682557606296,36.231744239370414,-4.4569947759786315,299.9374843424348,2.5034110999798522,-0.43253575617883955,2.5040842788160416,-0.42274145194223717,-0.11394876375695516,-0.0641454126586661,-2.907413965561961,6.62495738410676e-05,0.10771635211304623,0.606204891204834,-0.17780711352825163,0.18496999989151955,0.39,1.5630978293172475,0.23543249892976106,-0.9510710916845254,-0.4598369598388672,-0.9373461008071899,-0.23000000417232513,0.0,30.674999999999997,baseline
263.95565159796666,36.044348402033336,-4.488822528867955,299.92898188731715,2.4924584992700414,-0.4358053224988889,2.493134923080105,-0.42612212864698534,-0.11278500330751368,-0.06393071849070772,-2.9070690971495083,4.622585521948229e-05,0.1070780071724729,0.6062082171440124,-0.17778826922178267,0.18496999989151955,0.39,1.5527459331653728,0.2355493213777906,-0.9505326676667973,-0.45972609519958496,-0.9368076920509338,-0.23000000417232513,0.0,30.75,baseline
264.1422252734006,35.857774726599416,-4.52090350677531,299.9205663298503,2.4814867620408823,-0.4390596110811328,2.4821646611576353,-0.4294954336901728,-0.1116315600230918,-0.06381275201923632,-2.906718088323499,2.5853108121400797e-05,0.10624465113928762,0.6062115037441254,-0.1777670654654503,0.18496999989151955,0.39,1.5424391621118334,0.23566474377738716,-0.949926885447769,-0.4596165418624878,-0.9362018704414368,-0.23000000417232513,0.0,30.825,baseline
264.3279753561196,35.67202464388038,-4.553237203900475,299.9122368825301,2.4704998213543603,-0.442299998796151,2.471177458307396,-0.4328622800782443,-0.11048849179447191,-0.06379250526358415,-2.906362237815181,5.187267025273903e-06,0.10522416603005731,0.6062147456407547,-0.17774363577365876,0.18496999989151955,0.39,1.5321776099629678,0.2357787973072615,-0.9492574458616716,-0.45950847864151,-0.9355324506759644,-0.23000000417232513,0.0,30.9,baseline
264.51290074450986,35.487099255490136,-4.585823161219389,299.9039927871422,2.4595016192674195,-0.4455279723919706,2.4601773151623587,-0.43622356428083114,-0.10935584736949333,-0.06387057526889842,-2.9060027340428998,-1.5717233244750037e-05,0.10402751630467133,0.6062179464101791,-0.17771810740232466,0.18496999989151955,0.39,1.5219613554134208,0.2358915125394329,-0.948528091406889,-0.45940178632736206,-0.9348030686378479,-0.23000000417232513,0.0,30.974999999999998,baseline
264.6970006117171,35.3029993882829,-4.618660996221956,299.89583324316527,2.4484960910589244,-0.4487450932968621,2.449168250485147,-0.43958014412129326,-0.1082336547747083,-0.06404718382431707,-2.9056406442427787,-3.68077398635431e-05,0.10266852821854101,0.6062211096286774,-0.1776906159520149,0.18496999989151955,0.39,1.5117904590519575,0.23600291807007276,-0.9477425946819514,-0.4592963457107544,-0.9340175986289978,-0.23000000417232513,0.0,31.049999999999997,baseline
264.88027443934703,35.11972556065297,-4.651750381670194,299.8877574663529,2.437487153424735,-0.45195296301538235,2.438154289912589,-0.442932818620199,-0.10712192442734361,-0.06432219773064221,-2.905276905782024,-5.803344326991867e-05,0.10116362380169307,0.6062242344021798,-0.17766129076480863,0.18496999989151955,0.39,1.5016649663555595,0.23611304127800686,-0.946904740183092,-0.4591921865940094,-0.9331797361373901,-0.23000000417232513,0.0,31.125,baseline
265.0627220200555,34.9372779799445,-4.685091062594948,299.8797646789608,2.426478689071746,-0.455153187575947,2.427139445758568,-0.4462823074001715,-0.10602065238464776,-0.06469515364381442,-2.904912316838755,-7.934560086536347e-05,0.09953151417383536,0.6062273216247559,-0.17763026535511017,0.18496999989151955,0.39,1.4915849058359132,0.23622190694069353,-0.9460183144753618,-0.4590892791748047,-0.9322932958602905,-0.23000000417232513,0.0,31.2,baseline
265.24434343940754,34.755656560592456,-4.718682818051929,299.87185410000575,2.415474536814336,-0.4583473438108562,2.4161277068796982,-0.44962923381926867,-0.10492982567597933,-0.06516528305376706,-2.9045475320643637,-0.00010069696013259933,0.09779285725713319,0.6062303686141968,-0.17759767323732376,0.18496999989151955,0.39,1.4815502888969474,0.23632953791733424,-0.9450870913765291,-0.4589877128601074,-0.9313620924949646,-0.23000000417232513,0.0,31.275,baseline
265.4251390784683,34.574860921531695,-4.752525473869328,299.86402494198273,2.4044784818416227,-0.46153694604271456,2.4051230259158762,-0.45297410930580295,-0.10384941904317664,-0.06573153811776335,-2.904183060638464,-0.00012204228002689476,0.09596988612071043,0.6062333780527115,-0.1775636437535286,0.18496999989151955,0.39,1.471561110832585,0.23643595608094506,-0.9441148199020164,-0.45888739824295044,-0.9303898215293884,-0.23000000417232513,0.0,31.349999999999998,baseline
265.6051096163962,34.39489038360381,-4.78661889414988,299.8562764173794,2.393494247256794,-0.46472341498059555,2.3941293080011836,-0.4563173203909305,-0.1027793932561942,-0.06639262115540612,-2.9038192679195873,-0.0001433383720858563,0.09408601485890862,0.6062363490462304,-0.1775283083319664,0.18496999989151955,0.39,1.4616173506842431,0.23654118202569918,-0.9431052157174333,-0.45878836512565613,-0.9293802380561829,-0.23000000417232513,0.0,31.424999999999997,baseline
265.78425602785256,34.215743972147436,-4.820962960025041,299.8486077614898,2.382525487020244,-0.46790804896214544,2.383150400642048,-0.45965911824558253,-0.10171969309784806,-0.06714701346314457,-2.9034563784030767,-0.0001645439629183942,0.09216542919667464,0.6062392842769623,-0.17749179422855377,0.18496999989151955,0.39,1.4517189710982095,0.236645234669362,-0.9420619529027564,-0.4586905241012573,-0.9283369779586792,-0.23000000417232513,0.0,31.5,baseline
265.96257956226395,34.037420437736046,-4.855557582400041,299.84101819657053,2.371575780010625,-0.4710919986602384,2.3721900840264856,-0.4629996107083261,-0.10067025939533739,-0.06799300505688366,-2.9030944811637487,-0.00018561963224943156,0.09023266885191814,0.60624217659235,-0.1774542286992073,0.18496999989151955,0.39,1.441865918468109,0.2367481303270477,-0.9409886564779716,-0.45859411358833313,-0.9272636771202087,-0.23000000417232513,0.0,31.575,baseline
266.14008175160365,33.859918248396355,-4.890402646716334,299.8335069611571,2.3606486274557392,-0.4742762443811785,2.3612520669996475,-0.46633875797847846,-0.09963102019108463,-0.06892872321495967,-2.9027335372331438,-0.0002065275823591134,0.08831220837825023,0.6062450331449508,-0.177415736913681,0.18496999989151955,0.39,1.4320581240754826,0.23684988523032455,-0.9398888951996412,-0.45849889516830444,-0.926163911819458,-0.23000000417232513,0.0,31.65,baseline
266.3167644129795,33.68323558702048,-4.925498059692065,299.82607328401673,2.349747447170027,-0.47746157694141783,2.3503399749343994,-0.4696763697349839,-0.09860189108226296,-0.06995216048683763,-2.902373391169151,-0.00022723165165931597,0.08642804353165907,0.6062478494644165,-0.1773764419555664,0.18496999989151955,0.39,1.4222955036617995,0.23695051358821637,-0.938766178958658,-0.4584050178527832,-0.9250411987304688,-0.23000000417232513,0.0,31.724999999999998,baseline
266.4926296279031,33.50737037209689,-4.960843685583187,299.8187164264691,2.3388755741241094,-0.4806485832512027,2.3394573487340224,-0.4730121064950731,-0.0975827825350052,-0.07106120207699755,-2.9020137823130483,-0.00024769743833703053,0.08460329125520094,0.6062506255507469,-0.17733646273612974,0.18496999989151955,0.39,1.4125779572861261,0.23705002840936967,-0.9376239531872196,-0.4583124816417694,-0.9238989353179932,-0.23000000417232513,0.0,31.799999999999997,baseline
266.66767973451056,33.33232026548944,-4.996439375926365,299.8114356172746,2.3280362587627645,-0.48383763541681635,2.328607639208763,-0.4763454831441212,-0.09657359990163794,-0.07225365235540243,-2.901654358010962,-0.0002678918089701377,0.08285980855262376,0.6062533596158027,-0.17729592025279997,0.18496999989151955,0.39,1.4029053704653287,0.23714844111012734,-0.9364655985354547,-0.45822134613990784,-0.9227405786514282,-0.23000000417232513,0.0,31.875,baseline
266.84191733275236,33.15808266724764,-5.032284914301133,299.8042301275186,2.317232666914091,-0.48702888399987543,2.3177942031532557,-0.4796758751916133,-0.09557424218189269,-0.07352725733157517,-2.90129468887653,-0.00028778282649778817,0.08121783687652773,0.6062560525536537,-0.17725492924451827,0.18496999989151955,0.39,1.3932776146019195,0.23724576346995907,-0.9352944277787854,-0.4581315815448761,-0.9215694069862366,-0.23000000417232513,0.0,31.95,baseline
267.015345263651,32.984654736349,-5.068380067316932,299.7970992315272,2.306467882983109,-0.49022225606872144,2.307020305213435,-0.4830025286254337,-0.09458460087898664,-0.07487972709443047,-2.900934286139582,-0.0003073398842482457,0.07969567802857094,0.6062587034702301,-0.17721360445022583,0.18496999989151955,0.39,1.3836945466986201,0.23734200523626847,-0.9341136858684662,-0.4580432176589966,-0.9203886985778809,-0.23000000417232513,0.0,32.025,baseline
267.187966619677,32.81203338032299,-5.104724516628506,299.7900421906129,2.2957449092549473,-0.49341745675775445,2.2962891113393433,-0.4863245701558852,-0.09360456482608447,-0.0763087555761593,-2.9005726171570956,-0.0003265337587382938,0.07830940671943547,0.6062613105773925,-0.1771720543503761,0.18496999989151955,0.39,1.374156010499195,0.2374371751596616,-0.9329265522524104,-0.45795631408691406,-0.9192015528678894,-0.23000000417232513,0.0,32.1,baseline
267.3597847162329,32.64021528376708,-5.141317875929227,299.78305830188947,2.285066669775734,-0.4966139757581797,2.2856036917956226,-0.4896410215773025,-0.09263402194222317,-0.07781203899851406,-2.9002091227186906,-0.0003453362260756312,0.07707262403563732,0.6062638729810714,-0.17713038951158522,0.18496999989151955,0.39,1.3646618359177642,0.2375312820607433,-0.9317361408546597,-0.4578709006309509,-0.9180111289024353,-0.23000000417232513,0.0,32.175,baseline
267.5308030994308,32.469196900569216,-5.1781596867028234,299.77614684944956,2.2744360119603217,-0.4998110973774265,2.2749670198372325,-0.4929508151954743,-0.09167286071380498,-0.07938728858766349,-2.8998432345650436,-0.00036371937626350357,0.07599625522622083,0.6062663888931275,-0.17708871841430662,0.18496999989151955,0.39,1.3552118406071891,0.23762433357638274,-0.9305455016206962,-0.45778703689575195,-0.9168205261230469,-0.23000000417232513,0.0,32.25,baseline
267.7010255383155,32.29897446168451,-5.215249418222545,299.7693071336539,2.2638557107358595,-0.5030079144006674,2.264381973735549,-0.49625281102253166,-0.09072097262280607,-0.08103224069050412,-2.899474393086417,-0.00038165645690580705,0.07508839501691439,0.6062688565254212,-0.17704714119434356,0.18496999989151955,0.39,1.345805829531307,0.23771633780216977,-0.9293576211815419,-0.4577047824859619,-0.9156326055526733,-0.23000000417232513,0.0,32.324999999999996,baseline
267.8704560145012,32.1295439854988,-5.252586420809826,299.7625384744015,2.253328470423237,-0.5062033449034257,2.2538513364751522,-0.4995458151608271,-0.0897782462021017,-0.08274466754506937,-2.899102063987958,-0.00039912142676118504,0.07435420254773271,0.6062712785601616,-0.17700576424598694,0.18496999989151955,0.39,1.336443595392648,0.2378073027051194,-0.9281754282570231,-0.45762404799461365,-0.9144504070281982,-0.23000000417232513,0.0,32.4,baseline
268.0390987066107,31.960901293389327,-5.290169998067442,299.7558401687893,2.24285692902535,-0.5093961534471741,2.2433778005341662,-0.502828600308673,-0.08884457465562538,-0.08452238077257346,-2.8987257554835866,-0.0004160883366226148,0.07379584718123583,0.606273648738861,-0.17696468770503998,0.18496999989151955,0.39,1.327124919202434,0.23789723531220777,-0.9270017940743255,-0.45754504203796387,-0.9132767915725708,-0.23000000417232513,0.0,32.475,baseline
268.20695800324563,31.79304199675437,-5.327999317649629,299.74921155624224,2.232443658920171,-0.5125849733773072,2.2329639649571456,-0.5060999245949349,-0.08791985854979349,-0.08636323308476673,-2.8983450314326715,-0.0004325319256126016,0.07341250555522355,0.6062759679555892,-0.17692400962114332,0.18496999989151955,0.39,1.3178495711364129,0.2379861438949963,-0.9258395345621825,-0.4574677348136902,-0.9121145606040955,-0.23000000417232513,0.0,32.55,baseline
268.37403846668894,31.625961533311056,-5.366073483492988,299.74265195338785,2.2220911713101184,-0.5157683319768489,2.2226123412143663,-0.509358553114786,-0.0870039939988705,-0.08826511951595993,-2.8979595268813485,-0.00044842798370584963,0.07320040878659434,0.6062782397866249,-0.17688382387161256,0.18496999989151955,0.39,1.3086173098214904,0.23807403633870788,-0.9246914129499056,-0.45739200711250305,-0.9109663963317871,-0.23000000417232513,0.0,32.625,baseline
268.54034485882966,31.459655141170344,-5.404391501826422,299.73616072243203,2.211801916366635,-0.5189446779635993,2.21232535291075,-0.5126032782368855,-0.08609688548704879,-0.09022597584476215,-2.897568960412196,-0.00046375225341620295,0.07315293959479856,0.6062804561853409,-0.17684423059225082,0.18496999989151955,0.39,1.299427884332108,0.238160920678229,-0.923560142945422,-0.45731812715530396,-0.909835159778595,-0.23000000417232513,0.0,32.699999999999996,baseline
268.7058821307951,31.29411786920491,-5.442952276920918,299.72973719952734,2.201578284861312,-0.5221124094388725,2.202105337932445,-0.5158329395566961,-0.08519844402495035,-0.09224376968915134,-2.897173143113675,-0.0004784806678244504,0.07326077619852896,0.6062826216220856,-0.17680531948804856,0.18496999989151955,0.39,1.290281032764369,0.2382468045854849,-0.9224483881090983,-0.45724594593048096,-0.9087234139442444,-0.23000000417232513,0.0,32.775,baseline
268.87065537888066,31.129344621119344,-5.481754640828478,299.7233807403645,2.1914226093509095,-0.5252699028967738,2.1919545505980174,-0.5190464433939742,-0.08430858650389302,-0.09431649446147394,-2.896771989214931,-0.0004925900980948138,0.07351207995027947,0.6062847316265106,-0.17676718235015867,0.18496999989151955,0.39,1.2811764828062702,0.238331697297174,-0.9213587633906907,-0.457175612449646,-0.9076337814331055,-0.23000000417232513,0.0,32.85,baseline
269.0346698782491,30.965330121750924,-5.520797344887588,299.7170907006275,2.1813371628300313,-0.5284155419343671,2.1818751612999665,-0.5222427807981824,-0.08342723096892073,-0.09644216048429448,-2.8963655218965534,-0.0005060578702232769,0.07389272375846473,0.606286791563034,-0.17672990888357162,0.18496999989151955,0.39,1.272113954161564,0.23841560816953158,-0.9202938353855351,-0.45710694789886475,-0.9065688252449036,-0.23000000417232513,0.0,32.925,baseline
269.19793107256,30.80206892744002,-5.560079076718517,299.71086643925037,2.1713241590592163,-0.5315477468383559,2.1718692604219725,-0.5254210454803467,-0.08255429986658773,-0.098618783309837,-2.8959538795083253,-0.0005188615404041634,0.07438655653840463,0.6062887960672378,-0.17669358879327773,0.18496999989151955,0.39,1.2630931566963008,0.2384985466974448,-0.919256121874177,-0.45704013109207153,-0.905531108379364,-0.23000000417232513,0.0,33.0,baseline
269.36044454027524,30.63955545972476,-5.599598426226768,299.7047073379672,2.161385748299319,-0.5346650021526211,2.161938853675049,-0.528580447611074,-0.08168972741873996,-0.10084436957962434,-2.8955373159053166,-0.0005309791618762051,0.07497569915474443,0.606290745139122,-0.1766583076119423,0.18496999989151955,0.39,1.254113791009201,0.2385805228064795,-0.9182480911308235,-0.45697516202926636,-0.9045230746269226,-0.23000000417232513,0.0,33.074999999999996,baseline
269.52221602575554,30.47778397424446,-5.639353974837757,299.69861276872734,2.1515240162915505,-0.5377658837515877,2.15208586542277,-0.5317203280422934,-0.08083345789165763,-0.1031169038836092,-2.895116201788022,-0.0005423895521161888,0.07564086568943587,0.6062926369905471,-0.17662415087223052,0.18496999989151955,0.39,1.2451755502848618,0.238661547151233,-0.9172721563382097,-0.456912100315094,-0.9035471677780151,-0.23000000417232513,0.0,33.15,baseline
269.6832514003854,30.316748599614584,-5.679344223257716,299.6925821099999,2.1417409804281755,-0.5408490832709788,2.142312137329362,-0.5348401694130963,-0.07998543547612608,-0.10543433506665045,-2.8946910232942753,-0.0005530727563845862,0.07636170481006026,0.6062944769859314,-0.17659119784832,0.18496999989151955,0.39,1.2362781185834453,0.23874163188517858,-0.9163306768123376,-0.4568507671356201,-0.9026056528091431,-0.23000000417232513,0.0,33.225,baseline
269.84355667552586,30.15644332447414,-5.7195676722081705,299.6866147402475,2.132038583714181,-0.5439134309041394,2.1326194250564128,-0.5379396051018743,-0.0791456014562825,-0.10779456351114532,-2.8942623789920248,-0.0005630094517199807,0.07711715565300763,0.6062962651252747,-0.17655953407287597,0.18496999989151955,0.39,1.227421172978802,0.23882078895713885,-0.9154259529621427,-0.4567911624908447,-0.9017009735107422,-0.23000000417232513,0.0,33.3,baseline
270.0031379973361,29.996862002663875,-5.760022762937858,299.6807100542087,2.122418691824913,-0.546957916767191,2.1230094003839595,-0.5410184265158682,-0.07831390813012754,-0.11019542452150578,-2.893830973464433,-0.0005721813513061367,0.07788581222733619,0.6062979960441589,-0.17652923256158828,0.18496999989151955,0.39,1.2186043828460777,0.23889902996732953,-0.9145602197715433,-0.45673346519470215,-0.9008352160453796,-0.23000000417232513,0.0,33.375,baseline
270.16200162343546,29.837998376564542,-5.800707957953234,299.6748674401101,2.112883084425044,-0.5499817076272991,2.1134836434372444,-0.5440765855497407,-0.07749032205437245,-0.11263467630888387,-2.8933976069683456,-0.0005805714739541378,0.07864628914767118,0.6062996697425842,-0.1765003725886345,0.18496999989151955,0.39,1.2098274101465132,0.23897636734935424,-0.9137356443810122,-0.4566776752471924,-0.9000106453895569,-0.23000000417232513,0.0,33.449999999999996,baseline
270.3201539332752,29.679846066724792,-5.84162171127585,299.66908629594946,2.1034334497135605,-0.5529841606123302,2.1040436425763467,-0.5471141972242697,-0.07667479679068506,-0.11510998618400665,-2.8929631683062054,-0.0005881641409988255,0.07937758193158653,0.6063012987375259,-0.17647302508354187,0.18496999989151955,0.39,1.2010899107110498,0.2390528154432211,-0.9129543166619024,-0.456623375415802,-0.8992292881011963,-0.23000000417232513,0.0,33.525,baseline
270.4776014099914,29.522398590008606,-5.882762489685909,299.6633660164621,2.0940713763277663,-0.5559648351927028,2.0946907889988795,-0.5501315382916079,-0.07586729239692769,-0.11761891967934467,-2.8925286255569973,-0.0005949450652885529,0.08005941798694345,0.606302869617939,-0.17644726306200026,0.18496999989151955,0.39,1.1923915336698636,0.23912838673639855,-0.9122182443256945,-0.4565710127353668,-0.898493230342865,-0.23000000417232513,0.0,33.6,baseline
270.63435064299495,29.365649357005054,-5.924128789718984,299.65770599963616,2.0847983475687677,-0.5589235008179496,2.0854263761780456,-0.553129043986983,-0.07506777695107253,-0.12015892905415278,-2.892095009667803,-0.0006009015960236193,0.08067259162625408,0.6063043904304505,-0.17642315119504928,0.18496999989151955,0.39,1.1837319224504734,0.23920309459376898,-0.91152934400787,-0.45652031898498535,-0.897804319858551,-0.23000000417232513,0.0,33.675,baseline
270.790408309827,29.209591690173,-5.965719133414929,299.6521056499723,2.075615730576639,-0.561860139908449,2.076251589941162,-0.55610730097639,-0.07427621238423501,-0.12272734596074536,-2.8916634025480836,-0.0006060229280729584,0.08119927588838984,0.60630586206913,-0.17640075623989104,0.18496999989151955,0.39,1.175110714635278,0.23927695324504378,-0.910889436125537,-0.4564712643623352,-0.8971644639968872,-0.23000000417232513,0.0,33.75,baseline
270.94578117356,29.05421882643998,-6.007532132054217,299.64656436546557,2.06652477058831,-0.564774949011748,2.0671675076244087,-0.5590670396761934,-0.07349256213537725,-0.12532137492807732,-2.8912349231947547,-0.0006103006583015114,0.08162330859092656,0.6063072836399078,-0.17638013243675232,0.18496999989151955,0.39,1.166527542959515,0.23934997598693838,-0.91030023347327,-0.45642387866973877,-0.8965752124786377,-0.23000000417232513,0.0,33.824999999999996,baseline
271.1004760776227,28.899523922377284,-6.04956640117521,299.6410815603772,2.057526580870336,-0.5676683353878738,2.058175090141111,-0.562009123044189,-0.07271679220666144,-0.1279380915778823,-2.890810710567477,-0.0006137281930974914,0.08193044698392686,0.6063086560368538,-0.1763613423705101,0.18496999989151955,0.39,1.1579820354541988,0.23942217649227832,-0.9097633364507142,-0.45637813210487366,-0.8960383534431458,-0.23000000417232513,0.0,33.9,baseline
271.2544999276446,28.745500072355412,-6.091820654052555,299.63565664896896,2.0486221367925923,-0.5705409107044915,2.0492751804490603,-0.5649345349848011,-0.07194886535463735,-0.13057443792233045,-2.890391909023256,-0.0006163010995921314,0.08210858651149343,0.6063099819421768,-0.17634443193674088,0.18496999989151955,0.39,1.1494738157307507,0.23949356825348372,-0.9092802215257804,-0.4563339352607727,-0.8955551981925964,-0.23000000417232513,0.0,33.975,baseline
271.4078596888645,28.592140311135495,-6.134293697447802,299.6302890357374,2.0398122654164155,-0.5733934802747125,2.0404684929516903,-0.5678443645797269,-0.07118873704444885,-0.13322722512654891,-2.889979652418891,-0.0006180173998553465,0.0821479412806147,0.6063112640380859,-0.1763294532895088,0.18496999989151955,0.39,1.1410025039795477,0.23956416437348765,-0.9088522350122289,-0.45629119873046875,-0.8951272368431091,-0.23000000417232513,0.0,34.05,baseline
271.5605623835412,28.439437616458804,-6.176984406114461,299.62497814146036,2.031097639730166,-0.5762270309516647,2.0317556113807917,-0.5707397910993571,-0.07043636309022797,-0.13589313528180502,-2.8895750485558565,-0.0006188773681011602,0.08204118350133827,0.6063124996423721,-0.1763164460659027,0.18496999989151955,0.39,1.1325677171124522,0.2396339773732117,-0.908480583103674,-0.45625001192092896,-0.8947556018829346,-0.23000000417232513,0.0,34.125,baseline
271.71261505725516,28.287384942744836,-6.219891722794324,299.6197233869084,2.0224787718727733,-0.5790427147284984,2.0231369827407595,-0.573622066242756,-0.06969169492618438,-0.13856872863785655,-2.889179162622247,-0.0006188844227404854,0.0817835397122647,0.6063136941194535,-0.17630544573068618,0.18496999989151955,0.39,1.1241690689052342,0.23970301932701654,-0.9081663255611343,-0.456210196018219,-0.8944413065910339,-0.23000000417232513,0.0,34.199999999999996,baseline
271.8640247918621,28.135975208137893,-6.263014730453723,299.6145241993613,2.0139560075367413,-0.5818418309440647,2.0146129144804803,-0.5764924970848361,-0.06895467858437399,-0.14125045363739783,-2.8887930037199103,-0.0006180442552619386,0.08137284253613615,0.6063148456811905,-0.1762964877486229,0.18496999989151955,0.39,1.115806171850966,0.23977130178389042,-0.9079103688672883,-0.45617181062698364,-0.8941853642463684,-0.23000000417232513,0.0,34.275,baseline
272.0147986925382,27.985201307461807,-6.30635258854549,299.60937999958605,2.0055295186520334,-0.5846258049045892,2.0061835653481186,-0.5793524258659996,-0.06822525216834724,-0.14393465554415305,-2.888417509678767,-0.0006163651476493615,0.080809537853972,0.6063159596920014,-0.17628959506750105,0.18496999989151955,0.39,1.1074786364475842,0.2398388354492855,-0.9077134595996811,-0.4561346769332886,-0.8939884305000305,-0.23000000417232513,0.0,34.35,baseline
272.16494386444833,27.835056135551667,-6.3499045627501625,299.60429022136714,1.9971993004084145,-0.5873961661284383,1.9978489438485718,-0.5822032116529073,-0.06750334902586741,-0.14661759124003487,-2.888053535365181,-0.0006138581634352727,0.08009664782101912,0.6063170334696769,-0.17628479063510893,0.18496999989151955,0.39,1.0991860719103994,0.23990563027262007,-0.9075761770369327,-0.45609888434410095,-0.8938511610031128,-0.23000000417232513,0.0,34.425,baseline
272.3144674101558,27.685532589844172,-6.393670003730164,299.5992543050115,1.9889651691839827,-0.5901545250443767,1.9896089071058236,-0.585046211773821,-0.06678890240139942,-0.1492954441917819,-2.8877018401576433,-0.000610536999283764,0.07923969084511572,0.606318067908287,-0.17628208696842193,0.18496999989151955,0.39,1.0909280874553418,0.23997169524209,-0.9074989292799434,-0.4560644030570984,-0.8937739133834839,-0.23000000417232513,0.0,34.5,baseline
272.46337641147215,27.536623588527846,-6.437648398117118,299.5942717038265,1.9808267581461538,-0.5929025472321344,1.981463153291516,-0.5878827616101024,-0.06608183857409121,-0.15196434287791452,-2.887363077239697,-0.0006064182559028842,0.07824655972376408,0.6063190656900406,-0.1762814924120903,0.18496999989151955,0.39,1.0827042924414294,0.24003703913782212,-0.9074819507411208,-0.4560311436653137,-0.8937569260597229,-0.23000000417232513,0.0,34.574999999999996,baseline
272.611677916504,27.388322083496007,-6.481839292026481,299.5893418483424,1.9727835167951473,-0.5956419282100905,1.9734112212506534,-0.5907141572257549,-0.06538206872958861,-0.15462038052501026,-2.8870377864258026,-0.0006015208955527602,0.07712736111906782,0.6063200321793556,-0.17628301113843917,0.18496999989151955,0.39,1.0745142973690316,0.24010166951409573,-0.9075252972889281,-0.4559989273548126,-0.8938003182411194,-0.23000000417232513,0.0,34.65,baseline
272.759378957792,27.240621042207977,-6.526242354796152,299.584464208147,1.9648347133519541,-0.5983743690543757,1.9654524924947505,-0.5935416387714418,-0.0646895021335709,-0.15725963543124322,-2.8867263879830816,-0.0005958666920385712,0.07589421997725666,0.6063209611177445,-0.17628663480281828,0.18496999989151955,0.39,1.0663577145922805,0.24016559279727778,-0.9076288439939724,-0.4559679627418518,-0.8939038515090942,-0.23000000417232513,0.0,34.725,baseline
272.9064864823264,27.093513517673614,-6.570857340736854,299.57963824305807,1.956979433600453,-0.6011015502071566,1.9575861856328929,-0.5963663725532997,-0.06400404544572313,-0.1598781949578237,-2.8864291742664996,-0.0005894799752544483,0.07456105201383957,0.6063218569755554,-0.1762923550605774,0.18496999989151955,0.39,1.0582341573214387,0.240228814011619,-0.9077922894145927,-0.45593810081481934,-0.8940672874450684,-0.23000000417232513,0.0,34.8,baseline
273.05300739561403,26.94699260438597,-6.6156840848878335,299.5748634226584,1.9492165843745517,-0.6038251073197833,1.9498113587950288,-0.5991894372270931,-0.06332559679556884,-0.16247217768913103,-2.8861463085113863,-0.0005823870329270857,0.07314330761437488,0.6063227206468582,-0.17630015522241593,0.18496999989151955,0.39,1.0501432434720488,0.24029133816174464,-0.908015150078913,-0.4559093117713928,-0.8942901492118835,-0.23000000417232513,0.0,34.875,baseline
273.19894850983775,26.80105149016225,-6.660722486014767,299.5701392262981,1.9415448992567002,-0.6065466084007494,1.94212691386486,-0.6020118113376828,-0.06265404913872852,-0.16503775649858468,-2.8858778245540373,-0.0005746163159558519,0.07165769326243335,0.6063235521316528,-0.17631001234054566,0.18496999989151955,0.39,1.0420845932412284,0.24035316893571682,-0.9082967651991775,-0.45588159561157227,-0.8945717811584473,-0.23000000417232513,0.0,34.949999999999996,baseline
273.34431656977347,26.65568343022653,-6.7059725406054564,299.5654651463342,1.9339629420188111,-0.6092675309869136,1.9345315946957622,-0.6048343605599743,-0.061989285555628104,-0.16757118292266435,-2.8856236262356583,-0.0005661986661530909,0.0701218748482212,0.606324355006218,-0.17632189512252808,0.18496999989151955,0.39,1.0340578319589238,0.24041430910770367,-0.9086362999296881,-0.4558548331260681,-0.8949112892150879,-0.23000000417232513,0.0,35.025,baseline
273.48911820354544,26.510881796454555,-6.7514342918751575,299.5608406686174,1.9264691136198198,-0.6119892428489838,1.9270239921761911,-0.607657829103519,-0.061331186923393566,-0.1700688123641669,-2.8853834903817894,-0.0005571664905195035,0.06855416828628101,0.6063251256942749,-0.17633577227592467,0.18496999989151955,0.39,1.0260625886624593,0.24047475987664965,-0.9090327506886581,-0.4558291435241699,-0.8953077793121338,-0.23000000417232513,0.0,35.1,baseline
273.6333599407729,26.36664005922711,-6.797107812772114,299.5562652985295,1.9190616618125793,-0.6147129841423057,1.9196025518067776,-0.6104828331894887,-0.060679627554561785,-0.1725271259406242,-2.88515707096694,-0.0005475540360645561,0.06697322247838629,0.6063258695602417,-0.17635159790515897,0.18496999989151955,0.39,1.0180984988050006,0.24053452237228518,-0.9094849477958582,-0.45580434799194336,-0.8957599401473999,-0.23000000417232513,0.0,35.175,baseline
273.77704817109,26.222951828910027,-6.842993256962343,299.55173856097736,1.9117386871935707,-0.6174398515213216,1.9122655739880108,-0.6133098545447072,-0.06003448350498572,-0.1749427551921668,-2.8849439051201067,-0.0005373969363773861,0.06539770022879493,0.606326579451561,-0.17636933028697965,0.18496999989151955,0.39,1.010165203257491,0.2405935963506617,-0.9099915666272174,-0.45578068494796753,-0.8962665796279907,-0.23000000417232513,0.0,35.25,baseline
273.9201891622989,26.079810837701075,-6.8890907865967606,299.54725996784055,1.9044981540869201,-0.6201707851994551,1.9050112227345979,-0.6161392382527897,-0.05939562826674729,-0.1773125015910968,-2.884743419937399,-0.0005267318110632367,0.0638459624009968,0.6063272625207901,-0.17638891518115996,0.18496999989151955,0.39,1.0022623505900514,0.24065198119127762,-0.910551130476274,-0.45575791597366333,-0.8968261480331421,-0.23000000417232513,0.0,35.324999999999996,baseline
274.0627890422236,25.937210957776415,-6.935400585056531,299.54282906354956,1.8973379028998874,-0.6229065589954399,1.8978375358382884,-0.6189711932787474,-0.05876292492020049,-0.17963335810888195,-2.884554944571934,-0.0005155966676586001,0.0623357604684541,0.606327918767929,-0.17641029626131058,0.18496999989151955,0.39,0.9943895960735591,0.2407096763567933,-0.9111620216354874,-0.45573604106903076,-0.8974370360374451,-0.23000000417232513,0.0,35.4,baseline
274.20485378834263,25.795146211657368,-6.981922839955508,299.5384453795141,1.890255658763557,-0.6256477728398006,1.89074242781489,-0.6218057925231796,-0.05813624014763402,-0.18190252806279583,-2.8843777187688606,-0.0005040301102978328,0.06088394375337196,0.6063285437226296,-0.17643341302871704,0.18496999989151955,0.39,0.9865466026777028,0.24076667908393723,-0.9118224935575018,-0.45571520924568176,-0.8980975151062012,-0.23000000417232513,0.0,35.475,baseline
274.34638920445866,25.65361079554134,-7.0286577558849945,299.5341084796887,1.883249045417029,-0.6283948488063531,1.8837237021706132,-0.6246429776222524,-0.05751544357064193,-0.18411744115580733,-2.884210903813127,-0.0004920712931060256,0.059506184722012655,0.6063291400671005,-0.1764581987261772,0.18496999989151955,0.39,0.9787330416411553,0.24082298743229347,-0.9125306773429974,-0.45569533109664917,-0.8988056778907776,-0.23000000417232513,0.0,35.55,baseline
274.48740093884675,25.512599061153253,-7.075605524671982,299.52981792151195,1.8763155965966272,-0.6311480292376067,1.8767790590299047,-0.6274825645963232,-0.05690039882095097,-0.18627576829376247,-2.884053596582612,-0.0004797595444901893,0.05821672683586735,0.606329710483551,-0.17648458659648894,0.18496999989151955,0.39,0.9709485937547737,0.24087859883781568,-0.9132845942484673,-0.4556763172149658,-0.8995596170425415,-0.23000000417232513,0.0,35.625,baseline
274.62789446092575,25.372105539074255,-7.122766316878376,299.52557327544764,1.8694527708761548,-0.6339073793665424,1.8699061086856512,-0.6303242527645788,-0.05629097349251755,-0.18837543292819772,-2.8839048439001997,-0.0004671343078680563,0.05702816002464743,0.606330249607563,-0.17651250153779982,0.18496999989151955,0.39,0.963192948363429,0.24093351021315565,-0.9140821673221786,-0.45565834641456604,-0.900357186794281,-0.23000000417232513,0.0,35.699999999999996,baseline
274.76787504829986,25.232124951700143,-7.170140264803152,299.52137413147875,1.8626579625891788,-0.6366727907118588,1.863102377726591,-0.6331676327797946,-0.05568703467316383,-0.19041462164451686,-2.883763654100708,-0.0004542351148355133,0.055951226582528456,0.6063307636976242,-0.17654186844825745,0.18496999989151955,0.39,0.955465804649084,0.24098771855567286,-0.9149212348428069,-0.4556412100791931,-0.9011962413787842,-0.23000000417232513,0.0,35.775,baseline
274.90734780490163,25.092652195098367,-7.2177274752316585,299.51722008609204,1.8559285160045134,-0.6394439893447375,1.8563653225127128,-0.6360121990905824,-0.05508845543823153,-0.19239179131900797,-2.8836290130905464,-0.0004411008631361217,0.05499466023200685,0.6063312456011772,-0.1765726101398468,0.18496999989151955,0.39,0.9477668723435079,0.2410412202164171,-0.915799560475342,-0.45562514662742615,-0.9020745754241943,-0.23000000417232513,0.0,35.85,baseline
275.0463176350706,24.95368236492942,-7.265528033681893,299.5131107325342,1.849261737962494,-0.6422205453546682,1.8496923391960103,-0.6388573618548063,-0.054495116402278325,-0.19430567219725908,-2.8834998969790337,-0.0004277698406729191,0.05416506117474062,0.6063316988945008,-0.17660464525222777,0.18496999989151955,0.39,0.9400958707304102,0.2410940120698266,-0.9167148470003754,-0.4556100368499756,-0.9029898643493652,-0.23000000417232513,0.0,35.925,baseline
275.18478924096735,24.815210759032652,-7.313541944916709,299.50904568681835,1.842654912578317,-0.6450018856182845,1.8430807784282346,-0.6417024618933919,-0.053906903355651195,-0.19615527049324072,-2.883375288023405,-0.000414279915984688,0.05346680811679616,0.6063321208953857,-0.1766378903388977,0.18496999989151955,0.39,0.9324525300711182,0.2411460919922478,-0.9176647475727218,-0.4555959701538086,-0.9039397239685059,-0.23000000417232513,0.0,36.0,baseline
275.32276713552847,24.677232864471534,-7.361769183934526,299.5050245747216,1.836105310400265,-0.6477873067811158,1.8365279512637853,-0.6445467838930146,-0.05332369342994412,-0.19793986759505675,-2.8832541875769273,-0.00040066767005391064,0.052902009090657356,0.6063325214385986,-0.17667226612567902,0.18496999989151955,0.39,0.9248365917467959,0.24119745779812754,-0.9186468806634904,-0.4555826187133789,-0.9049218893051147,-0.23000000417232513,0.0,36.074999999999996,baseline
275.46025561395726,24.53974438604274,-7.410209661973348,299.50104701552027,1.8296102026026593,-0.6505759933339186,1.8300311441093051,-0.6473895728543508,-0.052745378481375484,-0.19965901438969788,-2.883135631045848,-0.0003869685374753382,0.05247049165853194,0.606332885324955,-0.1767076849937439,0.18496999989151955,0.39,0.9172478075459344,0.24124810596994606,-0.9196588381944384,-0.4555704891681671,-0.9059338569641113,-0.23000000417232513,0.0,36.15,baseline
275.5972587822354,24.40274121776463,-7.458863239261203,299.4971126447481,1.8231668725261096,-0.6533670344800858,1.8235876296970275,-0.6502300489980516,-0.05217185856819699,-0.20131252639771513,-2.883018696451144,-0.00037321727641125073,0.052169831907611056,0.6063332241773606,-0.1767440614104271,0.18496999989151955,0.39,0.9096859412323508,0.24129803495215693,-0.9206981984452591,-0.4555591940879822,-0.9069731831550598,-0.23000000417232513,0.0,36.225,baseline
275.7337805312039,24.266219468796123,-7.507729703767779,299.4932211174778,1.8167726250436034,-0.6561594433238905,1.8171946766776466,-0.6530674239393324,-0.05160303685183085,-0.2029004759919346,-2.882902518990286,-0.00035944692325754943,0.05199542001219148,0.6063335317373276,-0.1767813140153885,0.18496999989151955,0.39,0.9021507669770545,0.24134724368574106,-0.9217625401018776,-0.4555489420890808,-0.908037543296814,-0.23000000417232513,0.0,36.3,baseline
275.86982455470553,24.13017544529447,-7.556808796701035,299.4893720757527,1.8104247968775344,-0.6589521767194605,1.8108495605837611,-0.6559009159943066,-0.05103882278984006,-0.20442317898634663,-2.8827863002763663,-0.0003456890188821673,0.05194056301816004,0.6063338124752045,-0.17681935518980024,0.18496999989151955,0.39,0.8946420707837868,0.24139573089788607,-0.9228494481063317,-0.4555395841598511,-0.9091244339942932,-0.23000000417232513,0.0,36.375,baseline
276.0053943418084,23.994605658191574,-7.606100212506378,299.4855651778921,1.8041207655362461,-0.6617441559750226,1.8045495738269157,-0.6587297653214654,-0.05047913637284525,-0.2058811826920255,-2.882669317690204,-0.00033197368537309595,0.051996621405172305,0.6063340610265732,-0.1768581035733223,0.18496999989151955,0.39,0.8871596494911959,0.241443496462199,-0.9239565254241029,-0.4555312991142273,-0.9102315306663513,-0.23000000417232513,0.0,36.449999999999996,baseline
276.1404931768108,23.85950682318918,-7.655603552126451,299.4818000919745,1.7978579572300268,-0.66453428711536,1.7982920351113083,-0.661553248155445,-0.049923904088094384,-0.2072752502005534,-2.882550930869984,-0.00031832956140621644,0.052153177051414534,0.6063342827558518,-0.17689747363328934,0.18496999989151955,0.39,0.8797033112005366,0.24149054102797804,-0.9250814017064557,-0.45552390813827515,-0.9113563895225525,-0.23000000417232513,0.0,36.525,baseline
276.2751241392329,23.7248758607671,-7.705318399485093,299.47807648283924,1.7916338531070632,-0.6673214810606674,1.7920742971899533,-0.664370690142175,-0.04937305349913972,-0.20860634486971022,-2.8824305890899056,-0.0003047837150434283,0.05239822916798538,0.6063344776630402,-0.17693738609552384,0.18496999989151955,0.39,0.8722728752754049,0.24153686573133656,-0.9262217410774344,-0.45551741123199463,-0.9124967455863953,-0.23000000417232513,0.0,36.6,baseline
276.40929011678156,23.590709883218437,-7.755244287495883,299.4743940283188,1.7854459964672866,-0.6701046744572238,1.7858937577021863,-0.6671814795192974,-0.04882652416206555,-0.2098756113964477,-2.8823078355015004,-0.00029136142377185665,0.05271841543469526,0.6063346421718597,-0.17697775959968565,0.18496999989151955,0.39,0.8648681723421905,0.2415824719347195,-0.9273752481949596,-0.4555119276046753,-0.9136502742767334,-0.23000000417232513,0.0,36.675,baseline
276.5429938105365,23.457006189463527,-7.805380676817171,299.47075239975175,1.7792919960996791,-0.6728828475923966,1.779747862877706,-0.6699850762459423,-0.048284264925936585,-0.2110843570934758,-2.8821823079431437,-0.0002780868563781297,0.05309925333284583,0.6063347789645195,-0.1770185127854347,0.18496999989151955,0.39,0.857489043577014,0.24162736204988436,-0.9285396757378163,-0.45550736784935,-0.9148146510124207,-0.23000000417232513,0.0,36.75,baseline
276.6762377142053,23.323762285794714,-7.855727028084646,299.4671512782311,1.77316952999852,-0.6756550423878493,1.7736341155223967,-0.6727810225535226,-0.04774622442442886,-0.2122340335607055,-2.8820537416474865,-0.0002649821537488896,0.05352539742004387,0.6063348916172981,-0.1770595747232437,0.18496999989151955,0.39,0.850135340420494,0.24167153979856001,-0.9297128293919414,-0.4555036127567291,-0.9159878492355347,-0.23000000417232513,0.0,36.824999999999996,baseline
276.80902416078914,23.190975839210864,-7.906282742428925,299.46359036438616,1.7670763487044034,-0.6784203792595445,1.7675500809626663,-0.6755689503073606,-0.047212364681910333,-0.21332621363568016,-2.8819219689253295,-0.000252068061395896,0.05398090879277318,0.6063349729776383,-0.1771008640527725,0.18496999989151955,0.39,0.8428069257187093,0.2417150085839989,-0.9308925685873084,-0.45550090074539185,-0.9171675443649292,-0.23000000417232513,0.0,36.9,baseline
276.94135528110274,23.058644718897256,-7.957047203962097,299.4600693230359,1.7610102764528976,-0.6811780709913801,1.7614933914064086,-0.6783485866364584,-0.04668265154329111,-0.21436257357521799,-2.881786915065669,-0.00023936392241107946,0.05444953160498916,0.6063350319862366,-0.17714231401681899,0.18496999989151955,0.39,0.8355036711565975,0.24175777283024433,-0.9320768136705977,-0.45549893379211426,-0.9183518290519714,-0.23000000417232513,0.0,36.975,baseline
277.07323304783927,22.926766952160733,-8.008019805277197,299.456587864569,1.7549692118595943,-0.6839274354981084,1.7554617499259084,-0.6811197582614271,-0.046157051004937874,-0.21534487109593,-2.881648596854843,-0.00022688766141997608,0.054914971281210936,0.606335065960884,-0.17718384951353072,0.18496999989151955,0.39,0.8282254595393491,0.24179983849411807,-0.9332635447583707,-0.4554978013038635,-0.9195385575294495,-0.23000000417232513,0.0,37.05,baseline
277.20465924965487,22.795340750345133,-8.059199883708743,299.4531456635609,1.7489511281118713,-0.6866679065721873,1.7494529339516995,-0.6838823932386594,-0.045635540990787406,-0.2162749275149526,-2.8815071158010612,-0.00021465619805907692,0.055361171400218095,0.6063350731134415,-0.17722540378570556,0.18496999989151955,0.39,0.8209721823688403,0.24184121018352334,-0.934450804813594,-0.4554975628852844,-0.9207258224487305,-0.23000000417232513,0.0,37.125,baseline
277.3356355144892,22.664364485510816,-8.11058680631745,299.44974242065155,1.7429540713527687,-0.6893990415614408,1.7434647970245074,-0.6866365211212577,-0.0451181015263098,-0.21715460845697013,-2.8813626507355115,-0.0002026850843926829,0.055772582634688615,0.6063350588083267,-0.17726691007614134,0.18496999989151955,0.39,0.8137437412689823,0.24188189501206697,-0.9356366992390072,-0.4554980397224426,-0.9219117164611816,-0.23000000417232513,0.0,37.199999999999996,baseline
277.46616333030545,22.53383666969455,-8.162179944397847,299.4463778494696,1.7369761592327564,-0.6921205270725519,1.7374952706261046,-0.6893822713168484,-0.04460471152515439,-0.21798580594973946,-2.8812154517193407,-0.00019098890237029303,0.05613442017509161,0.6063350230455399,-0.17730830371379852,0.18496999989151955,0.39,0.8065400467030949,0.2419218995636108,-0.9368193948184592,-0.45549923181533813,-0.9230943918228149,-0.23000000417232513,0.0,37.275,baseline
277.5962440062068,22.403755993793197,-8.213978681972248,299.44305161809234,1.731015578286773,-0.6948321823693194,1.7315423646875754,-0.6921198693169973,-0.04409535412082045,-0.2187704219464258,-2.8810658302692507,-0.00017958109280882633,0.056432905966813066,0.6063349658250808,-0.1773495241999626,0.18496999989151955,0.39,0.7993610168332004,0.24196122989892974,-0.9379971202042966,-0.45550113916397095,-0.9242721199989319,-0.23000000417232513,0.0,37.35,baseline
277.72587871909695,22.274121280903046,-8.265982403048524,299.439763443409,1.7250705812109406,-0.6975339600730467,1.7256041678377476,-0.6948496312441838,-0.0435900164894519,-0.2195103521826899,-2.8809141489789494,-0.00016847414425593196,0.056655490919634094,0.6063348880410194,-0.17739051103591919,0.18496999989151955,0.39,0.7922065796586258,0.24199989395172825,-0.9391681608137649,-0.4555037319660187,-0.925443172454834,-0.23000000417232513,0.0,37.425,baseline
277.855068505897,22.14493149410299,-8.31819055110677,299.4365130162828,1.71913948392016,-0.7002259441811965,1.7196788472183193,-0.6975719567635339,-0.04308868533297748,-0.2202074731215196,-2.88076081137351,-0.0001576800219520956,0.05679105375880854,0.6063347923755645,-0.17743120580911637,0.18496999989151955,0.39,0.7850766704496676,0.24203789867646447,-0.9403308590497849,-0.45550692081451416,-0.9266058802604675,-0.23000000417232513,0.0,37.5,baseline
277.98381427132773,22.01618572867227,-8.370602573861746,299.43330003732626,1.7132206619751695,-0.7029083461114627,1.7137646473587616,-0.7002873204368396,-0.04259135186835623,-0.22086363108447438,-2.880606250810882,-0.00014721013965151184,0.05683007372745192,0.6063346761465073,-0.17747155219316482,0.18496999989151955,0.39,0.7779712321756646,0.24207525175147365,-0.9414836117883996,-0.45551079511642456,-0.9277586340904236,-0.23000000417232513,0.0,37.574999999999996,baseline
278.1121167853113,21.887883214688713,-8.423217982750103,299.4301242104216,1.7073125467603938,-0.7055814979119261,1.7078598885192822,-0.7029962616682323,-0.04209800759496287,-0.2214806325059692,-2.8804509181444535,-0.0001370753220616817,0.05676477421369899,0.6063345438241958,-0.17751149594783783,0.18496999989151955,0.39,0.7708902150769749,0.24211196110441488,-0.9426248671774977,-0.45551520586013794,-0.928899884223938,-0.23000000417232513,0.0,37.65,baseline
278.2399766881607,21.76002331183929,-8.476036301941663,299.42698523292984,1.7014136216868856,-0.7082458434333119,1.7019629647115528,-0.7056993737241775,-0.04160863802595773,-0.2220602359098616,-2.8802952714576886,-0.00012728586154114153,0.05658923506642,0.6063343971967697,-0.17755098491907118,0.18496999989151955,0.39,0.7638335768078792,0.2421480345987481,-0.943753120596638,-0.4555200934410095,-0.9300281405448914,-0.23000000417232513,0.0,37.725,baseline
278.36739451649447,21.63260548350553,-8.529057136327982,299.4238828152352,1.695522418904929,-0.7109019278912656,1.6960723418081272,-0.7083972915634129,-0.04112322818806492,-0.2226041459101629,-2.880139764463395,-0.00011785175986443295,0.05629947283560266,0.6063342353701592,-0.17758996695280074,0.18496999989151955,0.39,0.756801282151161,0.2421834795752198,-0.9448669112588068,-0.4555254876613617,-0.9311419129371643,-0.23000000417232513,0.0,37.8,baseline
278.4943706850988,21.505629314901228,-8.582280099285509,299.42081665144633,1.6896375156456904,-0.7135503851609228,1.690186554913098,-0.7110906789412423,-0.040641758154789515,-0.22311400985071148,-2.879984834588098,-0.00010878265118865534,0.05589348726236737,0.6063340628147125,-0.17762839406728745,0.18496999989151955,0.39,0.7497933015928041,0.24221830292551255,-0.9459648208318537,-0.4555312395095825,-0.932239830493927,-0.23000000417232513,0.0,37.875,baseline
278.6209055050643,21.379094494935714,-8.63570489341065,299.4177864519429,1.683757531414026,-0.7161919241614593,1.684304206120972,-0.7137802150712641,-0.04016420971049777,-0.2235914154893891,-2.879830892877632,-0.00010008797884085393,0.05537127364351342,0.6063338750600815,-0.17766621619462966,0.18496999989151955,0.39,0.7428096123195675,0.24225251143518484,-0.9470454686285001,-0.45553749799728394,-0.9333204627037048,-0.23000000417232513,0.0,37.949999999999996,baseline
278.7469991863854,21.25300081361462,-8.689331242534305,299.41479192386396,1.6778811252740404,-0.7188273134908918,1.6784239619579313,-0.7164665807489096,-0.039690568756435875,-0.22403789187263876,-2.879678312580134,-9.17770435420252e-05,0.05473480140936368,0.6063336738944054,-0.17770338743925093,0.18496999989151955,0.39,0.7358501972214643,0.24228611160697267,-0.9481075101502435,-0.45554420351982117,-0.9343824982643127,-0.23000000417232513,0.0,38.025,baseline
278.8726518431383,21.12734815686167,-8.743158946960842,299.41183277106757,1.6720069933090809,-0.7214573645906832,1.6725445506314172,-0.7191504448596079,-0.039220810195979,-0.22445491102298032,-2.8795274211320665,-8.385892868873317e-05,0.05398795884480821,0.6063334655761718,-0.17773986190557478,0.18496999989151955,0.39,0.7289150447488041,0.24231911053485353,-0.9491496346123204,-0.4555511474609375,-0.9354246258735657,-0.23000000417232513,0.0,38.1,baseline
278.99786348830264,21.00213651169736,-8.797187836727344,299.40890870394196,1.666133867259356,-0.7240829148661132,1.666664759994143,-0.7218324510453947,-0.038754896206132074,-0.22484389204177668,-2.8793784935236726,-7.634281449380127e-05,0.05313646663701907,0.6063332509994507,-0.17777559369802476,0.18496999989151955,0.39,0.7220041486273919,0.2423515140914905,-0.9501705625390664,-0.45555830001831055,-0.9364455342292786,-0.23000000417232513,0.0,38.175,baseline
279.12263404931,20.877365950689978,-8.851417801349065,299.40601943937827,1.660260513154101,-0.7267048112483492,1.6607834350124884,-0.7245132043958517,-0.038292798705484764,-0.2252062069355999,-2.8792317432358665,-6.923752063802774e-05,0.05218776217648895,0.606333021223545,-0.17781054109334946,0.18496999989151955,0.39,0.7151175081433547,0.24238332642647703,-0.9511690447449889,-0.4555659592151642,-0.9374440312385559,-0.23000000417232513,0.0,38.25,baseline
279.2469633784173,20.75303662158268,-8.905848755827698,299.40316469101026,1.6543857309337402,-0.7293238921181574,1.6548994759546247,-0.727193258864857,-0.03783448991648502,-0.22554318578233057,-2.8790873145716085,-6.255162163978532e-05,0.05115085508496566,0.6063327842950821,-0.177844660282135,0.18496999989151955,0.39,0.7082551272879488,0.2424145526633101,-0.9521438609074283,-0.4555738568305969,-0.9384188652038574,-0.23000000417232513,0.0,38.324999999999996,baseline
279.3708512319651,20.629148768034895,-8.96048067464197,299.40034416921435,1.6485083548486228,-0.731940969604863,1.649011837021561,-0.7298731060992576,-0.03737992537204585,-0.22585612554253812,-2.8789452818415127,-5.629385329913729e-05,0.05003615718213381,0.6063325437903404,-0.17787790954113006,0.18496999989151955,0.39,0.7014170141870474,0.24244519805967038,-0.9530938199899723,-0.4555818736553192,-0.9393688440322876,-0.23000000417232513,0.0,38.4,baseline
279.494297301487,20.505702698513005,-9.015313562007282,299.3975576104126,1.6426272543329696,-0.7345568134657935,1.6431195250350366,-0.7325531648756783,-0.03692905596931853,-0.2261462998401,-2.8788056460194325,-5.047288422703697e-05,0.04885529204969963,0.6063322961330414,-0.17791024714708328,0.18496999989151955,0.39,0.6946031822419192,0.242475265968215,-0.9540177603133019,-0.4555901288986206,-0.9402927756309509,-0.23000000417232513,0.0,38.475,baseline
279.61730119815854,20.382698801841457,-9.070347434877595,299.3948047282388,1.6367413351922977,-0.7371721355615447,1.637221597816456,-0.7352337712742072,-0.03648184249549408,-0.22641496867990396,-2.878668330133474,-4.509702724621295e-05,0.04762088623286147,0.6063320368528367,-0.17794163346290587,0.18496999989151955,0.39,0.6878136484182152,0.24250475840394006,-0.9549145516832085,-0.45559877157211304,-0.9411895275115967,-0.23000000417232513,0.0,38.55,baseline
279.73986246834613,20.260137531653868,-9.125582361189073,299.39208524282503,1.630849542396985,-0.7397875747104763,1.6313171657002548,-0.7379151720289217,-0.036038235722593376,-0.22666338758221147,-2.878533179932893,-4.017380677971446e-05,0.046346344651674906,0.6063317757844925,-0.17797203302383421,0.18496999989151955,0.39,0.6810484341012801,0.2425336792522954,-0.95578309514551,-0.45560747385025024,-0.9420580863952637,-0.23000000417232513,0.0,38.625,baseline
279.86198059102213,20.13801940897787,-9.181018387624986,299.38939889710446,1.6249508616626462,-0.7424036828348508,1.6254053882495667,-0.740597516626593,-0.03559818097434083,-0.22689281603812245,-2.8783999675700267,-3.5710430486600924e-05,0.04504561554093763,0.6063315066695213,-0.17800140619277954,0.18496999989151955,0.39,0.6743075642409627,0.24256203100196022,-0.9566223257695818,-0.45561644434928894,-0.9428973197937012,-0.23000000417232513,0.0,38.699999999999996,baseline
279.9836549984956,20.01634500150442,-9.236655607603694,299.38674543074876,1.619044324464808,-0.7450209135110367,1.6194854775789735,-0.7432808534076452,-0.035161620772966626,-0.2271045294547054,-2.878268392518729,-3.1713956696140656e-05,0.04373294984181304,0.6063312339782715,-0.17802971750497817,0.18496999989151955,0.39,0.6675910674937827,0.2425898148037872,-0.9574312150298367,-0.4556255340576172,-0.943706214427948,-0.23000000417232513,0.0,38.775,baseline
280.1048850375385,19.89511496246149,-9.292494076292234,299.38412456714104,1.6131290114099879,-0.7476396120460508,1.6135566982702514,-0.7459651262526351,-0.03472850040760644,-0.22729982968845527,-2.878138085497034,-2.819087753355361e-05,0.042422657521724964,0.6063309514522552,-0.17805693149566648,0.18496999989151955,0.39,0.6608989750827431,0.24261703157029318,-0.9582087772954573,-0.4556349515914917,-0.944483757019043,-0.23000000417232513,0.0,38.85,baseline
280.2256700289995,19.774329971000498,-9.348533865851252,299.3815360687381,1.6072040562367917,-0.7502600065955206,1.6076183682699428,-0.7486501730607714,-0.034298757648813,-0.22748005430036072,-2.8780086131348805,-2.514680236847545e-05,0.04112886557987008,0.6063306680321693,-0.178083016872406,0.18496999989151955,0.39,0.654231322935382,0.24264368303468148,-0.9589540702296729,-0.4556443989276886,-0.9452290534973145,-0.23000000417232513,0.0,38.925,baseline
280.3460092263337,19.653990773666294,-9.404775027188474,299.37897967520803,1.6012686506840725,-0.7528822024769761,1.6016698605984856,-0.751335726280986,-0.03387232917267247,-0.22764658418165734,-2.877879486604228,-2.258634848628784e-05,0.03986528172691618,0.6063303756713867,-0.17810794234275817,0.18496999989151955,0.39,0.6475881484050273,0.24266976885571415,-0.9596662014365014,-0.4556541442871094,-0.9459412097930908,-0.23000000417232513,0.0,39.0,baseline
280.46590185189325,19.53409814810675,-9.461217585713596,299.37645513596954,1.5953220502343317,-0.755506178015707,1.5957106060095363,-0.7540214145937052,-0.03344915601261672,-0.2278008512227282,-2.8777501668988417,-2.051351517903529e-05,0.03864496841068863,0.6063300770521164,-0.1781316766142845,0.18496999989151955,0.39,0.6409694925516461,0.24269528924447983,-0.960344330829399,-0.45566409826278687,-0.9466193318367004,-0.23000000417232513,0.0,39.074999999999996,baseline
280.5853470787843,19.41465292121569,-9.517861520090726,299.3739622232465,1.589363578829328,-0.7581317823268133,1.5897400947811418,-0.7567067667544672,-0.03302917489191046,-0.2279443462270928,-2.877620074111151,-1.893126130365981e-05,0.03748012943130641,0.6063297730684281,-0.1781541946530342,0.18496999989151955,0.39,0.6343753981458713,0.24272024464242792,-0.9609876791188184,-0.4556742310523987,-0.947262704372406,-0.23000000417232513,0.0,39.15,baseline
280.704344041231,19.295655958768975,-9.574706808979734,299.3715006832067,1.5833926344274794,-0.7607587360264324,1.58375787944352,-0.7593912167920509,-0.03261232867313247,-0.22807862322418762,-2.8774885968556054,-1.784135563213075e-05,0.03638191390016281,0.6063294583559036,-0.1781754693388939,0.18496999989151955,0.39,0.627805910666863,0.242744634289634,-0.9615955306850724,-0.45568472146987915,-0.9478705525398254,-0.23000000417232513,0.0,39.225,baseline
280.8228918579142,19.177108142085785,-9.631753341807508,299.36907029782606,1.5774086946178907,-0.763386633050033,1.577763577851307,-0.7620741106694469,-0.03219855644160173,-0.22820530407553305,-2.8773551011883503,-1.724461339470661e-05,0.035360240038239295,0.6063291400671005,-0.17819547772407532,0.18496999989151955,0.39,0.6212610777322937,0.24276845894457474,-0.96216723940645,-0.45569533109664917,-0.9484422206878662,-0.23000000417232513,0.0,39.3,baseline
280.9409896034516,19.059010396548388,-9.689000978252373,299.366670829545,1.5714113210470821,-0.7660149456130999,1.5717568752589919,-0.7647547145761331,-0.031787799067119725,-0.22832608085043202,-2.877218942379969,-1.714007547816375e-05,0.03442364166271535,0.6063288110494613,-0.17821420311927794,0.18496999989151955,0.39,0.6147409478147182,0.24279171783821055,-0.9627022360299619,-0.45570629835128784,-0.9489772319793701,-0.23000000417232513,0.0,39.375,baseline
281.0586363395056,18.941363660494403,-9.746449527001928,299.36430205383067,1.5654001649101636,-0.7686430306123977,1.565737527771726,-0.767432224044349,-0.03138000110915029,-0.228442714029856,-2.8770794739074743,-1.7525226563498657e-05,0.03357914012330823,0.6063284748792648,-0.1782316267490387,0.18496999989151955,0.39,0.6082455718101614,0.24281441100170434,-0.9632000293878771,-0.4557175040245056,-0.9494750499725342,-0.23000000417232513,0.0,39.449999999999996,baseline
281.17583111219443,18.82416888780557,-9.804098716009022,299.3619637526508,1.5593749726169037,-0.7712701380572646,1.5597053662978817,-0.770105774416926,-0.03097511026403322,-0.22855703291375404,-2.8769360590601267,-1.8396764636601602e-05,0.03283214278990864,0.6063281279802323,-0.178247731924057,0.18496999989151955,0.39,0.6017750013271922,0.24283653851817794,-0.9636602140360985,-0.45572906732559204,-0.9499351978302002,-0.23000000417232513,0.0,39.525,baseline
281.29257296764337,18.707427032356634,-9.861948209489874,299.3596557177475,1.5533355887602753,-0.7738954209219994,1.5536602981702923,-0.7727744520111207,-0.030573074367854988,-0.22867093454253043,-2.8767880804893813,-1.974950703033766e-05,0.03218637024029506,0.6063277739286422,-0.17826251238584517,0.18496999989151955,0.39,0.5953292888293064,0.24285810065215974,-0.9640824773168706,-0.45574086904525757,-0.9503574967384338,-0.23000000417232513,0.0,39.6,baseline
281.40886092347074,18.59113907652926,-9.919997612170073,299.3573777245706,1.5472819602802796,-0.7765179471423974,1.5476023099787746,-0.7754373058311762,-0.030173850266105036,-0.2287863767192317,-2.876634950918254,-2.1576670596869404e-05,0.031643812510560934,0.6063274055719375,-0.17827595561742782,0.18496999989151955,0.39,0.5889084867796148,0.2428790973917176,-0.9644666009947211,-0.4557531476020813,-0.9507415890693665,-0.23000000417232513,0.0,39.675,baseline
281.5246940128561,18.475305987143884,-9.978246448043855,299.3551295713755,1.5412141407010367,-0.7791367126589844,1.5415314724780145,-0.7780933610093966,-0.02977739795750825,-0.22890537358134325,-2.876476122179065,-2.386988841697216e-05,0.031204715263823738,0.6063270282745361,-0.17828806161880492,0.18496999989151955,0.39,0.5825126492091093,0.2428995302948147,-0.9648124644123641,-0.4557657241821289,-0.951087474822998,-0.23000000417232513,0.0,39.75,baseline
281.6400712897243,18.35992871027571,-10.036694173121973,299.35291104663384,1.5351322908935412,-0.7817506548113904,1.5354479392778524,-0.780741629843508,-0.02938368269800022,-0.2290299862867967,-2.876311094940344,-2.661915505605961e-05,0.030867595044445167,0.6063266366720199,-0.17829882621765136,0.18496999989151955,0.39,0.5761418292929136,0.24291940061363515,-0.965120051184957,-0.4557787775993347,-0.9513950347900391,-0.23000000417232513,0.0,39.824999999999996,baseline
281.75499180282327,18.24500819717673,-10.095340171179787,299.350721951841,1.529036681932566,-0.7843586674400669,1.5293519511713107,-0.7833811256283826,-0.028992670734167596,-0.22916231507034976,-2.8761394267033853,-2.981285444828302e-05,0.030629284150975888,0.6063262361288071,-0.17830825567245484,0.18496999989151955,0.39,0.569796079065164,0.24293871052474497,-0.9653894501384893,-0.4557921290397644,-0.9516644477844238,-0.23000000417232513,0.0,39.9,baseline
281.8694546346087,18.1305453653913,-10.154183736765061,299.3485620754773,1.5229276958559206,-0.786959616501417,1.523243837174848,-0.7860108751212401,-0.02860433271998354,-0.22930448758968885,-2.875960740044913,-3.3437742556485605e-05,0.030485003171122287,0.6063258212804794,-0.17831635415554045,0.18496999989151955,0.39,0.5634754508447202,0.2429574619328694,-0.9656208567967425,-0.4558059573173523,-0.9518958330154419,-0.23000000417232513,0.0,39.975,baseline
281.9834588908719,18.016541109128127,-10.213224109189696,299.3464312353176,1.5168058257752746,-0.7895523555979588,1.5171240156391512,-0.7886299305927962,-0.028218643407896538,-0.22945864790412043,-2.875774727743923,-3.74790531970679e-05,0.030428460359627825,0.6063253957033158,-0.17832313418388365,0.18496999989151955,0.39,0.5571799950965215,0.2429756576620798,-0.9658145762445121,-0.45582014322280884,-0.9520895481109619,-0.23000000417232513,0.0,40.05,baseline
282.0970037085167,17.902996291483305,-10.272460464032363,299.3443292133229,1.5106716748500655,-0.7921357421778684,1.5109929945587366,-0.7912373816046002,-0.027835588615603583,-0.22962694274312626,-2.87558115858631,-4.192022895049984e-05,0.030451975018044877,0.6063249522447586,-0.1783286103606224,0.18496999989151955,0.39,0.550909761002047,0.24299330014941972,-0.9659710228796217,-0.45583492517471313,-0.9522460103034973,-0.23000000417232513,0.0,40.125,baseline
282.2100882763017,17.78991172369831,-10.331891870649704,299.34225582726776,1.5045259551315993,-0.7947086525247874,1.5048513721584003,-0.793832365835617,-0.02745515691318646,-0.22981150741995326,-2.875379880638914,-4.674351108203598e-05,0.030546622958064706,0.6063244980573654,-0.17833279937505722,0.18496999989151955,0.39,0.5446647960315818,0.2430103942341852,-0.9660907192763847,-0.4558500647544861,-0.9523656964302063,-0.23000000417232513,0.0,40.199999999999996,baseline
282.3227118218687,17.677288178131278,-10.391517389904378,299.34021088190184,1.498369484411302,-0.7972699968594905,1.4986998357795538,-0.7964140793960802,-0.027077335581231002,-0.23001445258322745,-2.875170825980917,-5.192965486177009e-05,0.03070240116000371,0.6063240304589271,-0.17833572626113892,0.18496999989151955,0.39,0.5384451448034071,0.24302694401154948,-0.9661742973503562,-0.45586565136909485,-0.9524493217468262,-0.23000000417232513,0.0,40.275,baseline
282.43487362989754,17.565126370102462,-10.451335984935788,299.3381941591847,1.4922031835015683,-0.7998187340681081,1.4925391614292953,-0.7989817856533025,-0.02670212181941631,-0.230237848359374,-2.87495401089951,-5.7458385206298335e-05,0.030908409589211806,0.6063235467672348,-0.17833741188049315,0.18496999989151955,0.39,0.5322508497972203,0.24304295381269253,-0.9662224939238053,-0.4558817744255066,-0.9524974822998047,-0.23000000417232513,0.0,40.35,baseline
282.54657304469146,17.453426955308544,-10.511346580647874,299.3362054931731,1.4860280714097835,-0.8023538848526095,1.4863702115100186,-0.8015348229628548,-0.026329520145058485,-0.23048371128100084,-2.874729535099801,-6.330822196967884e-05,0.03115304570057854,0.606323047876358,-0.17833788961172103,0.18496999989151955,0.39,0.5260819503556354,0.2430584298427891,-0.9662361499163455,-0.4558984041213989,-0.9525111317634583,-0.23000000417232513,0.0,40.425,baseline
282.6578094857308,17.34219051426919,-10.571548059461712,299.33424466908036,1.4798452595797122,-0.8048745439790232,1.4801939317986128,-0.8040726112820161,-0.02595954170684753,-0.23075398685240206,-2.874497581486369,-6.945602922939268e-05,0.03142420820952164,0.6063225319981574,-0.1783371928334236,0.18496999989151955,0.39,0.51993848254197,0.24307337762221368,-0.966216205311753,-0.4559156000614166,-0.9524912238121033,-0.23000000417232513,0.0,40.5,baseline
282.7685824476739,17.231417552326093,-10.631939252817283,299.3323115014241,1.4736559471264687,-0.8073798906566494,1.4740113496008578,-0.8065946573062435,-0.02559219520708106,-0.23105053410272244,-2.8742584144765884,-7.587824180507093e-05,0.031709507194009584,0.6063220044970512,-0.17833535492420197,0.18496999989151955,0.39,0.5138204782848055,0.24308780493241083,-0.9661636933533656,-0.45593318343162537,-0.9524387121200562,-0.23000000417232513,0.0,40.574999999999996,baseline
282.8788914899849,17.12110851001512,-10.692518975165225,299.3304057786859,1.4674614141006255,-0.8098691980692626,1.4678235699867725,-0.8091005582175376,-0.025227489922460333,-0.23137511399369415,-2.8740123769039676,-8.255091776679217e-05,0.0319964771756953,0.6063214617967606,-0.17833241552114487,0.18496999989151955,0.39,0.5077279653779351,0.24310171838212669,-0.9660797382321438,-0.4559512734413147,-0.9523547291755676,-0.23000000417232513,0.0,40.65,baseline
282.9887362732265,17.011263726773507,-10.753285994227017,299.3285273121178,1.4612630134072195,-0.8123418411659519,1.461631770716126,-0.8115900037004764,-0.024865441717085567,-0.2317293755621377,-2.8737598833185234,-8.944906889528519e-05,0.032272789366141474,0.6063209038972854,-0.17832841843366623,0.18496999989151955,0.39,0.5016609680508316,0.2431151254301191,-0.9659655478853274,-0.4559698700904846,-0.952240526676178,-0.23000000417232513,0.0,40.725,baseline
283.0981165331359,16.901883466864092,-10.814239060735927,299.326675896717,1.455062163021511,-0.8147973024264958,1.4554371974766436,-0.8140627766471371,-0.024506070319897866,-0.2321148411337749,-2.8735014146530373,-9.654688038646465e-05,0.03252645856790748,0.6063203307986259,-0.17832340955734252,0.18496999989151955,0.39,0.49561950497254287,0.24312803364251673,-0.9658224065724672,-0.45598897337913513,-0.9520974159240723,-0.23000000417232513,0.0,40.8,baseline
283.2070321246883,16.792967875311717,-10.875376933936463,299.32485132746206,1.4488603387568468,-0.817235175730247,1.4492411596107904,-0.8165187522975352,-0.024149396849326123,-0.2325328945030395,-2.8732375122696827,-0.00010381875812320804,0.03274604205012994,0.6063197433948517,-0.17831743270158767,0.18496999989151955,0.39,0.48960359067752507,0.24314045153687755,-0.9656516661047588,-0.45600855350494385,-0.9519266486167908,-0.23000000417232513,0.0,40.875,baseline
283.3154829780339,16.684517021966087,-10.936698347586704,299.3230534123686,1.44265906512154,-0.8196551686254949,1.4430450237946713,-0.8189578958826422,-0.023795447633239944,-0.23298477309966006,-2.872968769868412,-0.00011123907759051989,0.03292082731910757,0.6063191390037537,-0.17831054002046584,0.18496999989151955,0.39,0.48361323314214444,0.24315238779805742,-0.9654547431309488,-0.45602869987487793,-0.9517297148704529,-0.23000000417232513,0.0,40.949999999999996,baseline
283.4234691503374,16.576530849662618,-10.99820204395681,299.3212819464243,1.4364599057136145,-0.8220571020696159,1.4368502071490759,-0.821380258986396,-0.02344424295532698,-0.23347155752952237,-2.872695824820215,-0.00011878178546115034,0.033041005124929294,0.6063185247778893,-0.17830278366804123,0.18496999989151955,0.39,0.4776484362081348,0.24316385134493054,-0.9652331070685863,-0.4560491740703583,-0.951508104801178,-0.23000000417232513,0.0,41.025,baseline
283.53099078948884,16.46900921051116,-11.059886765326866,299.3195367181056,1.4302644547606909,-0.8244409091985184,1.4306581717162041,-0.8237859738987989,-0.023095800469037794,-0.23399416198996872,-2.8724193511254805,-0.0001264213817208648,0.033097859294178085,0.6063178962469101,-0.17829421371221543,0.18496999989151955,0.39,0.47170919673144396,0.24317485076191087,-0.9649882725530928,-0.4560701251029968,-0.9512632489204407,-0.23000000417232513,0.0,41.1,baseline
283.6380481600232,16.361951839976825,-11.121751270986124,299.3178175158964,1.4240743243548937,-0.8268066349095649,1.4244704168095161,-0.8261752445449739,-0.022750150468663202,-0.23455331975738036,-2.8721400462280378,-0.0001341324939926468,0.03308410798983549,0.6063172489404678,-0.1782848885655403,0.18496999989151955,0.39,0.4657955065781138,0.24318539451311624,-0.9647217909460187,-0.4560917019844055,-0.9509968161582947,-0.23000000417232513,0.0,41.175,baseline
283.7446416405289,16.255358359471074,-11.18379432873452,299.3161241250227,1.417891137514249,-0.8291544283067326,1.4182884719896804,-0.8285483416899612,-0.022407313431770194,-0.23514958505855288,-2.8718586213466213,-0.0001418905209320331,0.03299386987788952,0.6063165944814682,-0.1782748582959175,0.18496999989151955,0.39,0.4599073511987254,0.24319549257934694,-0.9644352381441536,-0.4561135172843933,-0.9507102370262146,-0.23000000417232513,0.0,41.25,baseline
283.8507717288286,16.14922827117141,-11.246014753125209,299.31445634372176,1.4117165208250309,-0.8314845325630476,1.4121138897269534,-0.8309055937305136,-0.022067305597150907,-0.2357833394182704,-2.871575795656359,-0.0001496718009879079,0.03282264682079157,0.6063159248232841,-0.17826418131589888,0.18496999989151955,0.39,0.4540447097709091,0.24320515386113067,-0.964130208785204,-0.4561358392238617,-0.9504051804542542,-0.23000000417232513,0.0,41.324999999999996,baseline
283.95643903679905,16.043560963200946,-11.30841135872381,299.31281395723454,1.4055520949414988,-0.8337972762169295,1.4059482370750012,-0.8332473771478011,-0.021730140841338348,-0.23645478993863894,-2.871292282897212,-0.00015745268217149863,0.032567385512357,0.6063152462244034,-0.17825291603803634,0.18496999989151955,0.39,0.44820755491442754,0.24321438636000536,-0.9638083095125791,-0.45615845918655396,-0.950083315372467,-0.23000000417232513,0.0,41.4,baseline
284.06164429036755,15.938355709632447,-11.370983002599475,299.3111967572886,1.399399467944224,-0.8360930641159899,1.3997930898124378,-0.8355741070452003,-0.021395837273890668,-0.23716396926193994,-2.871008783422782,-0.00016521067721875853,0.03222651321129693,0.6063145506381988,-0.17824111461639403,0.18496999989151955,0.39,0.44239585297605205,0.24322319818392443,-0.9634711473297897,-0.4561816453933716,-0.9497461318969727,-0.23000000417232513,0.0,41.475,baseline
284.1663883346958,15.833611665304204,-11.433728580076371,299.30960451609644,1.3932602275121753,-0.8383723660889473,1.3936500250983457,-0.8378862269006968,-0.021064406889135846,-0.23791074138900634,-2.8707259743634803,-0.0001729245418524291,0.031799948281830887,0.606313847899437,-0.17822883546352386,0.18496999989151955,0.39,0.43660956402978457,0.2432315977542089,-0.963120325268877,-0.4562050700187683,-0.9493952989578247,-0.23000000417232513,0.0,41.55,baseline
284.2706721393668,15.729327860633191,-11.496647003488688,299.3080370286457,1.3871359331803377,-0.8406357057979954,1.3875206137908087,-0.8401841986279273,-0.020735855145782047,-0.23869480614302513,-2.870444503605688,-0.00018057368889908218,0.0312890849622395,0.6063131326436997,-0.17821613490581512,0.18496999989151955,0.39,0.43084864159173125,0.24323959334380305,-0.9627574350041489,-0.45622891187667847,-0.9490324258804321,-0.23000000417232513,0.0,41.625,baseline
284.3744967880129,15.625503211987109,-11.559737236172376,299.3064940671461,1.3810281104848983,-0.8428836487614301,1.3814064142606832,-0.8424684920094447,-0.02041018766853455,-0.23951570464821273,-2.8701649806499954,-0.00018813863470325054,0.030696754193458294,0.6063124066591262,-0.17820306718349455,0.18496999989151955,0.39,0.4251130323348255,0.24324719175812326,-0.9623840482233103,-0.4562531113624573,-0.9486590623855591,-0.23000000417232513,0.0,41.699999999999996,baseline
284.4778634783183,15.522136521681716,-11.622998262721389,299.3049754233407,1.374938245650752,-0.845116789641684,1.3753089664228948,-0.8447395745741428,-0.020087404584894435,-0.24037282836428406,-2.869887970141986,-0.00019560147583384444,0.03002715997981715,0.6063116708397865,-0.17818968445062636,0.18496999989151955,0.39,0.419402676659291,0.24325440050584102,-0.9620017110950138,-0.45627763867378235,-0.948276698589325,-0.23000000417232513,0.0,41.775,baseline
284.5807735297933,15.419226470206695,-11.68642911873229,299.30348088245046,1.3688677797010502,-0.8473357396333269,1.3692297848084716,-0.8469979016613887,-0.01976750278566867,-0.24126542956670183,-2.869613985973531,-0.00020294522037122775,0.02928579350319906,0.6063109242916107,-0.17817604303359985,0.18496999989151955,0.39,0.4137175086924944,0.24326122584996654,-0.9616119399099252,-0.4563025236129761,-0.9478869438171387,-0.23000000417232513,0.0,41.85,baseline
284.68322836304026,15.316771636959743,-11.75002885256002,299.30201022645724,1.3628181043493686,-0.8495411140264199,1.363170353071284,-0.8492439069119909,-0.019450481750586845,-0.2421926296916219,-2.869343485851547,-0.00021015382586436356,0.028479326318665413,0.6063101643323898,-0.1781621930003166,0.18496999989151955,0.39,0.4080574558613682,0.2432676738607665,-0.9612162142804245,-0.4563278555870056,-0.9474912285804749,-0.23000000417232513,0.0,41.925,baseline
284.7852295153013,15.214770484698704,-11.813796576308874,299.30056324383395,1.3567905589520712,-0.8517335192018736,1.3571321193161177,-0.8514779934201632,-0.019136332365744104,-0.24315343144641077,-2.86907686750617,-0.00021721280964378745,0.02761548452115334,0.6063093972206116,-0.17814818441867827,0.18496999989151955,0.39,0.4024224400327859,0.24327375101635318,-0.9608159719683115,-0.45635342597961426,-0.9470909833908081,-0.23000000417232513,0.0,42.0,baseline
284.88677863009843,15.113221369901567,-11.877731389347447,299.29913971330916,1.3507864275853516,-0.8539135408832247,1.351116491225661,-0.8537005257909046,-0.018825038648602712,-0.24414673235818207,-2.8688144670159255,-0.00022410906464739283,0.026702906694677425,0.6063086193799972,-0.17813406527042389,0.18496999989151955,0.39,0.3968123766584287,0.2432794625688708,-0.96041260791293,-0.45637935400009155,-0.9466875791549683,-0.23000000417232513,0.0,42.074999999999996,baseline
284.9878774494496,15.012122550550373,-11.941832442044394,299.2977394201048,1.3448069363985833,-0.8560817329936947,1.3451248312098898,-0.8559118227623292,-0.018516584508987376,-0.24517133754300904,-2.868556555217973,-0.00023083023599112672,0.025750988498723506,0.6063078308105468,-0.17811988562345504,0.18496999989151955,0.39,0.3912271753445862,0.24328481323855752,-0.9600074703700602,-0.4564056396484375,-0.9462824463844299,-0.23000000417232513,0.0,42.15,baseline
285.0885278320173,14.911472167982708,-12.006098906026649,299.2963621559602,1.338853252688966,-0.8582386068606379,1.3391584531305287,-0.8581121511043601,-0.018210945310805773,-0.24622597108386093,-2.8683033375072418,-0.00023736502831407576,0.02476971547625977,0.6063070350885391,-0.17810568928718568,0.18496999989151955,0.39,0.38566674028027054,0.24328980753793478,-0.9596018565902951,-0.45643216371536255,-0.9458768367767334,-0.23000000417232513,0.0,42.225,baseline
285.18873170904305,14.811268290956946,-12.0705299614273,299.29500770936056,1.332926484848418,-0.8603846221970404,1.3332186196679403,-0.8603017204615696,-0.01790809747320541,-0.2473092907107829,-2.8680549548989562,-0.00024370353549161327,0.023769488185924344,0.6063062259554863,-0.17809152007102966,0.18496999989151955,0.39,0.380130969239049,0.24329444875849082,-0.9591970135065452,-0.4564591348171234,-0.945472002029419,-0.23000000417232513,0.0,42.3,baseline
285.2884911310044,14.711508868995622,-12.135124818136216,299.2936758720398,1.3270276819500613,-0.862520178558276,1.327306538977475,-0.8624806788684621,-0.01760802068732025,-0.24841990186331445,-2.867811483241528,-0.00024983689235059925,0.022760942219651976,0.6063054051995277,-0.17807741969823837,0.18496999989151955,0.39,0.37461975600263203,0.2432987404159678,-0.9587941359167691,-0.4564864933490753,-0.9450691342353821,-0.23000000417232513,0.0,42.375,baseline
285.38780821577643,14.612191784223569,-12.199882669054197,299.29236644550474,1.3211578355129983,-0.8646456085185129,1.3214233648457663,-0.86464911159053,-0.01731068427709386,-0.24955637150802168,-2.8675729374916115,-0.00025575728633927625,0.02175476553555636,0.6063045763969421,-0.17806342780590056,0.18496999989151955,0.39,0.3691329877947592,0.2433026863212849,-0.9583943679400032,-0.4565141201019287,-0.9446693658828735,-0.23000000417232513,0.0,42.449999999999996,baseline
285.4866851719559,14.513314828044088,-12.264802741084829,299.2910792117177,1.3153178789233047,-0.8667611713942307,1.3155701918420222,-0.8668070374318821,-0.017016054160604477,-0.2507172407043934,-2.867339274993184,-0.00026145763696115275,0.02076152455848215,0.6063037359714508,-0.17804958403110505,0.18496999989151955,0.39,0.36367054813229627,0.24330628874810906,-0.9579988019533805,-0.45654213428497314,-0.944273829460144,-0.23000000417232513,0.0,42.525,baseline
285.5851242910912,14.414875708908824,-12.329884235646102,299.28981397218786,1.309508689929639,-0.8688670505612431,1.3097480571314877,-0.8689544088546309,-0.016724099058642312,-0.2519010334175797,-2.867110398372088,-0.0002669318780754719,0.019791553093662144,0.606302883028984,-0.17803592175245284,0.18496999989151955,0.39,0.35823231554242485,0.24330955014774108,-0.9576084786548021,-0.456570565700531,-0.94388347864151,-0.23000000417232513,0.0,42.6,baseline
285.6831279399018,14.316872060098206,-12.395126362662435,299.2885705284111,1.3037310926022887,-0.8709633504451256,1.303957939023761,-0.8710911133972176,-0.016434787823715026,-0.2531062713761247,-2.8668861600893556,-0.0002721746396149054,0.01885474869605482,0.6063020175695419,-0.1780224785208702,0.18496999989151955,0.39,0.3528181639899853,0.24331247272140133,-0.9572243896958048,-0.4565994143486023,-0.9434993863105774,-0.23000000417232513,0.0,42.675,baseline
285.7806985525064,14.219301447493592,-12.460528306570973,299.2873486916569,1.2979858602032577,-0.8730500938507407,1.2982007566667073,-0.8732169757526522,-0.01614808165697803,-0.2543314857307325,-2.8666663694514782,-0.0002771808545070358,0.017960368238665498,0.6063011431694031,-0.1780092877149582,0.18496999989151955,0.39,0.3474279633054013,0.24331505868651196,-0.9568474785761172,-0.45662856101989746,-0.9431225061416626,-0.23000000417232513,0.0,42.75,baseline
285.8778386356027,14.1221613643973,-12.52608926031499,299.2861482634157,1.2922737194799967,-0.8751272226765032,1.2924773718915865,-0.8753317610613456,-0.01586394246637325,-0.25557522736292104,-2.8664507993064716,-0.0002819466294605366,0.017116878585249618,0.6063002544641495,-0.17799637645483016,0.18496999989151955,0.39,0.34206157961214756,0.24331730904912988,-0.9564786423001241,-0.45665818452835083,-0.9427536129951477,-0.23000000417232513,0.0,42.824999999999996,baseline
285.97455074773603,14.025449252263968,-12.591808374352349,299.28496903867926,1.2865953527220912,-0.8771945998007836,1.2867885890540947,-0.8774351792647274,-0.015582334834224422,-0.2568360780868915,-2.866239190686272,-0.0002864682766726757,0.01633182274766096,0.6062993532419204,-0.17798378020524977,0.18496999989151955,0.39,0.3367188750418515,0.24331922519349303,-0.9561187376970662,-0.4566882252693176,-0.9423937201499939,-0.23000000417232513,0.0,42.9,baseline
286.0708375148496,13.929162485150414,-12.657684782151852,299.2838108515034,1.2809514008782112,-0.8792520124368642,1.281135156189174,-0.8795268908377919,-0.015303220988011804,-0.2581126552410416,-2.8660312612082124,-0.00029074202515462207,0.015611702269143074,0.6062984395027161,-0.1779715260863304,0.18496999989151955,0.39,0.33139970887451825,0.243320809019729,-0.9557685804009184,-0.45671868324279785,-0.9420436024665833,-0.23000000417232513,0.0,42.975,baseline
286.16670162510053,13.83329837489947,-12.723717595943542,299.282673500119,1.2753424681901473,-0.8812991770675968,1.275517767916643,-0.8816065131587496,-0.015026564820314059,-0.2594036187457269,-2.8658267131162694,-0.0002947650445064586,0.014961879032845727,0.6062975114583969,-0.17795963913202284,0.18496999989151955,0.39,0.32610393668327275,0.2433220609734593,-0.9554289482452477,-0.4567496180534363,-0.9417039752006531,-0.23000000417232513,0.0,43.05,baseline
286.2621457899797,13.737854210020316,-12.78990588546894,299.28155680555665,1.2697691246668055,-0.8833357453589262,1.269937066238336,-0.8836736273333947,-0.014752332859514161,-0.26070767845690257,-2.865625239575669,-0.0002985348976445515,0.014386497429300826,0.606296569108963,-0.17794814646244048,0.18496999989151955,0.39,0.3208314106194709,0.24332298277486716,-0.9551005876596893,-0.4567810297012329,-0.9413756132125854,-0.23000000417232513,0.0,43.125,baseline
286.35717279874433,13.64282720125567,-12.856248707730725,299.2804605888414,1.2642319098268795,-0.8853613121935199,1.2643936441989705,-0.8857277875492587,-0.014480494819354088,-0.26202359743159226,-2.8654265327385984,-0.0003020490273535646,0.013888427646750797,0.606295610666275,-0.17793707311153412,0.18496999989151955,0.39,0.3155819815511174,0.24332357577644229,-0.9547842129109771,-0.4568129777908325,-0.9410592317581177,-0.23000000417232513,0.0,43.199999999999996,baseline
286.4517854562098,13.548214543790209,-12.922745068743987,299.27938467425656,1.258731334486567,-0.8873754225977892,1.2588880453890479,-0.8877685273486237,-0.014211017861288935,-0.26335019327749265,-2.865230290644424,-0.00030530506435789447,0.01346923102989555,0.6062946397066117,-0.17792644202709196,0.18496999989151955,0.39,0.3103554960690619,0.24332384171308113,-0.9544805118125248,-0.45684534311294556,-0.9407554864883423,-0.23000000417232513,0.0,43.275,baseline
286.5459866268147,13.454013373185319,-12.98939394053746,299.27832887956856,1.2532678838987086,-0.8893775819656972,1.2534207676563311,-0.8897953698482185,-0.013943873440611175,-0.26468633942259234,-2.865036225494652,-0.00030830030670129176,0.013129148150446076,0.6062936508655548,-0.17791628032922743,0.18496999989151955,0.39,0.3051517999084615,0.24332378191565782,-0.9541901447068213,-0.45687830448150635,-0.9404651522636414,-0.23000000417232513,0.0,43.35,baseline
286.6397791983294,13.360220801670607,-13.056194273896878,299.27729303557044,1.2478420205320182,-0.8913672656435053,1.2479922655480107,-0.8918078362161723,-0.01367903868795372,-0.2660309626997966,-2.864844068999982,-0.0003110321744211216,0.012867109313005467,0.6062926459312439,-0.17790660679340362,0.18496999989151955,0.39,0.29997073552519254,0.24332339842581646,-0.9539137489869186,-0.4569118022918701,-0.9401887655258179,-0.23000000417232513,0.0,43.425,baseline
286.7331660922282,13.266833907771797,-13.123144964373262,299.2762769665337,1.2424541865028575,-0.8933439287195454,1.242602953072374,-0.8938054548004192,-0.013416483539984585,-0.26738304440822097,-2.8646535796597594,-0.0003134987948884613,0.012680766721824952,0.6062916293740273,-0.17789744228124618,0.18496999989151955,0.39,0.2948121440918834,0.24332269357544134,-0.9536519407889771,-0.4569456875324249,-0.9399269223213196,-0.23000000417232513,0.0,43.5,baseline
286.82615026887146,13.173849731128541,-13.190244873529002,299.27528050650335,1.2371048038057841,-0.8953070176153856,1.2372532044605538,-0.8957877699675825,-0.013156190802600588,-0.2687416184348238,-2.8644645480403215,-0.0003156976687187146,0.012566548548681377,0.6062905895709991,-0.17788881182670593,0.18496999989151955,0.39,0.28967586492744885,0.2433216690287867,-0.9534053191651856,-0.4569803476333618,-0.9396803379058838,-0.23000000417232513,0.0,43.574999999999996,baseline
286.9187346989884,13.081265301011626,-13.257492858678521,299.2743034862756,1.2317942759913016,-0.8972559801791495,1.231943356834807,-0.8977543505403087,-0.01289814662352795,-0.27010576430134137,-2.864276799497304,-0.00031762618999846195,0.012519732526688754,0.606289536356926,-0.1778807321190834,0.18496999989151955,0.39,0.2845617352120698,0.24332032770121156,-0.9531744639311518,-0.4570154547691345,-0.9394494891166687,-0.23000000417232513,0.0,43.65,baseline
287.0109223973824,12.989077602617613,-13.32488770915532,299.273345736628,1.2265229894714178,-0.8991902763601082,1.2266737127924947,-0.8997047982940177,-0.012642334882092085,-0.2714746048170102,-2.8640902015923793,-0.0003192824181104718,0.012534537713550049,0.6062884652614593,-0.1778732219338417,0.18496999989151955,0.39,0.27946959155563944,0.24331867300655582,-0.9529599368156592,-0.457051157951355,-0.9392349123954773,-0.23000000417232513,0.0,43.725,baseline
287.10271638144985,12.897283618550148,-13.392428205794966,299.2724070818381,1.2212913122713387,-0.9011093888725716,1.2214445406746575,-0.9016387553973386,-0.012388745979783101,-0.2728473013260503,-2.86390466539814,-0.00032066387603642456,0.01260423417033914,0.6062873762845993,-0.17786630421876906,0.18496999989151955,0.39,0.2743992681439687,0.24331670808701056,-0.9527622861636701,-0.4570874571800232,-0.9390372633934021,-0.23000000417232513,0.0,43.8,baseline
287.1941196996968,12.805880300303215,-13.460113095443557,299.27148736897607,1.216099593926893,-0.903012833016535,1.2162560762983026,-0.903555911512071,-0.012137370978217515,-0.27422304464445485,-2.863720148061903,-0.00032176785664155997,0.012721266655257052,0.6062862712144852,-0.17785999566316604,0.18496999989151955,0.39,0.26935059902025815,0.2433144370624315,-0.9525820410031534,-0.4571242928504944,-0.9388570189476013,-0.23000000417232513,0.0,43.875,baseline
287.2851354109985,12.714864589001479,-13.527941116450114,299.27058642882866,1.2109481650605796,-0.9049001660295635,1.211108524577097,-0.9054560099834769,-0.011888200724459341,-0.27560104916738243,-2.8635366553208828,-0.00032259199972480153,0.01287739119214632,0.6062851500511169,-0.17785431504249571,0.18496999989151955,0.39,0.26432341651667685,0.24331186344810407,-0.9524197131234994,-0.45716166496276855,-0.9386947154998779,-0.23000000417232513,0.0,43.949999999999996,baseline
287.37576658978725,12.624233410212753,-13.59591097317248,299.2697040889193,1.2058373361746624,-0.9067709959714826,1.2060020605197104,-0.907338853053129,-0.011641232409014268,-0.27698054671865957,-2.8633542412653212,-0.0003231343647321774,0.013063822031989358,0.6062840101122856,-0.17784927695989608,0.18496999989151955,0.39,0.25931755239508136,0.2433089912220752,-0.9522757966649478,-0.45719966292381287,-0.9385507702827454,-0.23000000417232513,0.0,44.025,baseline
287.46601633123174,12.533983668768258,-13.664021374219878,299.2688401865539,1.20076739469313,-0.908624989244244,1.2009368284093804,-0.9092043057272863,-0.011396470679486896,-0.27836078026014627,-2.863173006768876,-0.000323392820723204,0.01327138590100676,0.6062828513979912,-0.1778449022769928,0.18496999989151955,0.39,0.2543328375617014,0.24330582522150276,-0.9521507673424254,-0.4572382867336273,-0.9384257793426514,-0.23000000417232513,0.0,44.1,baseline
287.5558877227271,12.444112277272893,-13.732271002706035,299.26799456553135,1.1957386040116682,-0.9104618777314653,1.1959129443467456,-0.9110523006176003,-0.011153919898823889,-0.2797409946322572,-2.8629930997966992,-0.0003233653918881392,0.013490680580900036,0.6062816765904426,-0.17784120351076127,0.18496999989151955,0.39,0.2493691017822542,0.24330237088492093,-0.9520450785523223,-0.45727744698524475,-0.9383201003074646,-0.23000000417232513,0.0,44.175,baseline
287.64538388017945,12.354616119820548,-13.800658567242438,299.26716705013723,1.1907512000041245,-0.9122814631231702,1.190930493880555,-0.9128828379481011,-0.01091358087452416,-0.2811204311201053,-2.8628147133316952,-0.00032305091846631073,0.01371223607368943,0.6062804865837097,-0.17783819526433944,0.18496999989151955,0.39,0.24442617525000912,0.24329863342191826,-0.9519591595454354,-0.4573171138763428,-0.9382341504096985,-0.23000000417232513,0.0,44.25,baseline
287.73450790135433,12.265492098645666,-13.869182733947506,299.26635747440923,1.185805388066474,-0.9140836224113797,1.1859895325647558,-0.9146959880103411,-0.01067546041727209,-0.28249832155664156,-2.86263808189059,-0.00032244817611122264,0.013926675531088928,0.6062792778015137,-0.1778358942270279,0.18496999989151955,0.39,0.23950388659013014,0.24329461820082593,-0.951893415250927,-0.45735740661621094,-0.9381684064865112,-0.23000000417232513,0.0,44.324999999999996,baseline
287.823262909932,12.176737090068002,-13.937842232679122,299.26556567564285,1.1809013397662853,-0.9158683102646905,1.181090084973982,-0.9164918907249665,-0.01043956119913795,-0.28387387974999584,-2.862463477263167,-0.00032155609969500287,0.014124872353857282,0.6062780573964119,-0.17783431291580198,0.18496999989151955,0.39,0.23460206542551162,0.24329033101779568,-0.9518482189931848,-0.45739808678627014,-0.9381232261657715,-0.23000000417232513,0.0,44.4,baseline
287.9116520140437,12.088347985956318,-14.00663575505149,299.2647914943973,1.1760391902827683,-0.9176355611368058,1.176232144608081,-0.918270754512148,-0.010205887819997032,-0.285246296402823,-2.8622912058423924,-0.0003203745138842396,0.014298101486255132,0.6062768191099167,-0.1778334617614746,0.18496999989151955,0.39,0.22972053995374012,0.24328577707461113,-0.9518239120119352,-0.4574393630027771,-0.9380989074707031,-0.23000000417232513,0.0,44.475,baseline
287.99967831922277,12.000321680777233,-14.075562047916941,299.26403474517474,1.1712190343920377,-0.919385489595061,1.1714156722500857,-0.9200328537421402,-0.009974450350268595,-0.28661473541944454,-2.8621216012810407,-0.0003189037512790724,0.014438182671561047,0.606275565624237,-0.17783335328102112,0.18496999989151955,0.39,0.2248591392275975,0.24328096170648106,-0.9518208000829392,-0.45748114585876465,-0.9380958080291748,-0.23000000417232513,0.0,44.55,baseline
288.087344938779,11.912655061221017,-14.144619858128653,299.26329526854215,1.1664409228461172,-0.9211182891646549,1.1666405946079055,-0.9217785255446233,-0.009745257064423106,-0.28797832900627696,-2.861955019849772,-0.0003171446870615033,0.014537612080828259,0.6062742978334427,-0.1778339958190918,0.18496999989151955,0.39,0.22001769244274783,0.24327589168679,-0.951839149451848,-0.4575234055519104,-0.9381141662597656,-0.23000000417232513,0.0,44.625,baseline
288.1746549756496,11.825345024350383,-14.213807966531544,299.26257290504145,1.1617048593726156,-0.9228342299666951,1.1619068033690478,-0.9235081654432151,-0.009518312764615046,-0.2893361752161855,-2.861791835054793,-0.0003150992388823123,0.014589681536434891,0.6062730175256729,-0.17783539563417433,0.18496999989151955,0.39,0.21519602836715593,0.24327057279146622,-0.9518791838530843,-0.4575660824775696,-0.9381541609764099,-0.23000000417232513,0.0,44.699999999999996,baseline
288.261611517215,11.738388482785012,-14.2831251922108,299.2618674659343,1.1570107963824365,-0.924533655594457,1.1572141526932664,-0.9252222220545223,-0.009293627431924557,-0.29068733644295713,-2.861632430664184,-0.00031276962603765115,0.014588583217801513,0.6062717202305794,-0.1778375631570816,0.18496999989151955,0.39,0.2103939763392711,0.24326501038051027,-0.9519410815111091,-0.4576093256473541,-0.9382160902023315,-0.23000000417232513,0.0,44.775,baseline
288.34821764307475,11.651782356925253,-14.352570392492739,299.2611787917708,1.1523586324593742,-0.9262169779950352,1.1525624583110126,-0.9269211909832897,-0.009071208550480596,-0.29203083604072616,-2.861477193613022,-0.00031015899489522376,0.014529497587112871,0.6062704122066498,-0.17784049838781357,0.18496999989151955,0.39,0.2056113665531757,0.2432592113138019,-0.9520249690813362,-0.4576529264450073,-0.9382999539375305,-0.23000000417232513,0.0,44.85,baseline
288.4344764172752,11.56552358272478,-14.422142428951076,299.26050671985695,1.1477482092616222,-0.927884671604475,1.147951495740214,-0.9286056081814993,-0.008851057047716188,-0.29336566073016473,-2.861326509175853,-0.0003072715414493173,0.014408663689321565,0.6062690925598144,-0.17784420758485794,0.18496999989151955,0.39,0.2008480296308889,0.24325318127293316,-0.9521309208182758,-0.45769691467285156,-0.9384059309959412,-0.23000000417232513,0.0,44.925,baseline
288.5203908908904,11.479609109109617,-14.491840269385836,299.25985108097166,1.1431793087956519,-0.9295372667235327,1.1433809985442374,-0.9302760424987937,-0.008633171789693632,-0.2946907608111312,-2.86118075342791,-0.0003041122952255173,0.014223431320725491,0.606267762184143,-0.17784868866205214,0.18496999989151955,0.39,0.19610379704986286,0.24324692525001748,-0.952258955294658,-0.45774126052856445,-0.9385339617729187,-0.23000000417232513,0.0,45.0,baseline
288.6059640761147,11.394035923885326,-14.561662856098135,299.2592116961423,1.1386516513680855,-0.9311753421999074,1.1388506569359111,-0.9319330877628564,-0.008417557628513435,-0.29600505338682076,-2.861040286143994,-0.00030068730006959016,0.013972293753669509,0.6062664166092873,-0.17785394161939622,0.18496999989151955,0.39,0.19137850100102896,0.24324044818561352,-0.952409032385074,-0.45778611302375793,-0.9386840462684631,-0.23000000417232513,0.0,45.074999999999996,baseline
288.69119898513287,11.308801014867129,-14.631609220620362,299.25858839615967,1.134164893237248,-0.9327995162735951,1.1343601156270304,-0.9335773542262142,-0.00820421361358465,-0.29730742516814695,-2.8609054440856814,-0.00029700347457227785,0.013654900281976225,0.6062650638818741,-0.17785996228456497,0.18496999989151955,0.39,0.18667197581369294,0.24323375603115258,-0.9525810501545318,-0.4578312039375305,-0.9388560652732849,-0.23000000417232513,0.0,45.15,baseline
288.776098580875,11.223901419125013,-14.7016784284724,299.25798100529846,1.1297186264383499,-0.9344104382738314,1.1299089746417847,-0.9352094619248867,-0.00799312643820712,-0.29859673768745876,-2.8607765381485724,-0.0002930689030108902,0.013272049128843378,0.6062637040019035,-0.17786674439907074,0.18496999989151955,0.39,0.1819840558176921,0.24322685374884015,-0.9527748443687004,-0.4578765332698822,-0.9390498399734497,-0.23000000417232513,0.0,45.225,baseline
288.8606658003446,11.139334199655423,-14.771869591911479,299.2573893706194,1.1253123762977346,-0.9360087787919911,1.125496785112129,-0.9368300298061009,-0.0077842873662085435,-0.29987183258672345,-2.8606538455270814,-0.0002888923768192604,0.012825662022736502,0.6062623316049576,-0.17787428170442582,0.18496999989151955,0.39,0.17731457805187575,0.243219745013631,-0.9529901861924959,-0.4579222798347473,-0.9392651915550232,-0.23000000417232513,0.0,45.3,baseline
288.94490354943485,11.055096450565145,-14.842181865682527,299.256813309898,1.1209456024639677,-0.9375952204598033,1.1211230506618448,-0.9384396688152387,-0.0075776866478041716,-0.30113153703391804,-2.8605376039987758,-0.0002844837098029712,0.01231873933182302,0.6062609520554543,-0.1778825616836548,0.18496999989151955,0.39,0.17266338098104825,0.2432124333653624,-0.9532267800703249,-0.45796826481819153,-0.9395017623901367,-0.23000000417232513,0.0,45.375,baseline
289.0288146899671,10.971185310032922,-14.912614451265844,299.2562526669358,1.1166176988827075,-0.9391704481817905,1.1167872262533862,-0.9400389734997383,-0.007373314442619412,-0.3023746719934724,-2.8604280092616814,-0.000279853671010865,0.01175529718483876,0.6062595608830452,-0.17789157390594482,0.18496999989151955,0.39,0.16803030478108297,0.24320492310079628,-0.9534842651024907,-0.4580146372318268,-0.9397592544555664,-0.23000000417232513,0.0,45.449999999999996,baseline
289.1124020474681,10.887597952531905,-14.983166592628843,299.2557072627551,1.1123279946868436,-0.9407351389433445,1.112488717958159,-0.941628514200332,-0.007171150691350249,-0.30360005937727147,-2.86032521075751,-0.0002750139549666528,0.011140288364739027,0.6062581670284272,-0.1779013016819954,0.18496999989151955,0.39,0.1634151920518107,0.24319721772504097,-0.9537622141729184,-0.4580610990524292,-0.940037190914154,-0.23000000417232513,0.0,45.525,baseline
289.195668395615,10.804331604385027,-15.053837593220795,299.25517693790516,1.108075755583938,-0.9422899527496625,1.1082268828929995,-0.9432088299192506,-0.006971169007558252,-0.3048065312994058,-2.860229310317444,-0.0002699770243813939,0.010479508392592962,0.606256765127182,-0.1779117304086685,0.18496999989151955,0.39,0.15881788738925479,0.24318932020030917,-0.9540601352075222,-0.4581078290939331,-0.9403351545333862,-0.23000000417232513,0.0,45.6,baseline
