forward_ft,position_error_ft,cross_track_ft,altitude_ft,forward_speed_fps,lateral_speed_fps,mission_ground_forward_speed_fps,mission_ground_cross_speed_fps,vertical_speed_fps,pitch_deg,roll_deg,pitch_rate_rad_s,heading_error_deg,physical_collective_cmd,physical_elevator_cmd,physical_aileron_cmd,physical_rudder_cmd,time_s,lateral_mode_active,stop_now,lateral_now,hover_now,stop_hold_s,lateral_hold_s,full_hover_hold_s,v_des_fps,collective_correction,elevator_residual,lateral_correction,raw_aileron_action,action0,action1,action2,action3
81.43138133625236,218.56861866374766,-3.4790021976181706,298.6477209252348,10.240412376305338,-0.15537609403198047,10.244839425130776,-0.1813877005546026,0.24561931450978874,-0.8180604085855905,-2.7308923425539615,0.005994312279845888,-0.039949670527997805,0.6122046360373496,-0.1795196256041527,0.18496999989151955,0.39,0.075,False,False,True,False,0.0,0.075,0.0,9.0,0.2337422440384529,-1.0,0.0,-0.23,-0.25984546542167664,-0.9862750172615051,-0.23000000417232513,0.0
82.20021522222247,217.79978477777752,-3.4924961418022042,298.6672309783844,10.25768054158372,-0.15118985049687014,10.262257774410454,-0.17861642394786634,0.2755072887279227,-0.7802837463624667,-2.7361208312718177,0.011709449070594442,-0.04136881837154058,0.612115103006363,-0.1795196256041527,0.18496999989151955,0.39,0.15,False,False,True,False,0.0,0.15,0.0,9.0,0.2310940545017811,-1.0,0.0,-0.23,-0.26282989978790283,-0.9862750172615051,-0.23000000417232513,0.0
82.97042663106407,217.02957336893593,-3.5058035051734078,298.68911915339686,10.277183021095173,-0.14755712312919564,10.28177759169613,-0.1763612948893179,0.3084162319100992,-0.7245508564941566,-2.7464551150440637,0.013858044189348691,-0.04236944945369925,0.612020383477211,-0.1795196256041527,0.18496999989151955,0.39,0.22499999999999998,False,False,True,False,0.0,0.22499999999999998,0.0,9.0,0.22692219600111743,-1.0,0.0,-0.23,-0.26598721742630005,-0.9862750172615051,-0.23000000417232513,0.0
83.74212293143005,216.25787706856994,-3.5189554624233583,298.71351198127377,10.297086647595119,-0.14456689632668365,10.301626319959786,-0.17446452980895058,0.34209240143738096,-0.6649582479579124,-2.757356281998732,0.013585058448390515,-0.04169769622419867,0.611917310655117,-0.1795196256041527,0.18496999989151955,0.39,0.3,False,False,True,False,0.0,0.3,0.0,9.0,0.2223164775688823,-1.0,0.0,-0.23,-0.2694229781627655,-0.9862750172615051,-0.23000000417232513,0.0
84.51524021103067,215.4847597889693,-3.5319778114043565,298.7404300280232,10.315192504251566,-0.14229645759329806,10.319644628466238,-0.1728994954930184,0.37565055829805827,-0.6079682123101495,-2.766519402005896,0.012771443981755663,-0.038832885847565675,0.611800782084465,-0.1795196256041527,0.18496999989151955,0.39,0.375,False,False,True,False,0.0,0.375,0.0,9.0,0.21754355238930123,-1.0,0.0,-0.23,-0.27330726385116577,-0.9862750172615051,-0.23000000417232513,0.0
85.28960419445816,214.71039580554185,-3.5448937629511064,298.7698447414232,10.330721595297842,-0.14072254406928583,10.335056220076165,-0.17161589747471667,0.4086121356181156,-0.5539923612661012,-2.7741357821809567,0.012202757727746726,-0.03374772194375638,0.6116814202070237,-0.1795196256041527,0.18496999989151955,0.39,0.44999999999999996,False,False,True,False,0.0,0.45,0.0,9.0,0.21270903216353748,-1.0,0.0,-0.23,-0.27728599309921265,-0.9862750172615051,-0.23000000417232513,0.0
86.06501992145026,213.93498007854976,-3.5577218898611123,298.80170087872466,10.343764565177324,-0.13976726566127443,10.347943268132276,-0.17054651172504923,0.440728780328659,-0.5018046639561277,-2.7808630944380597,0.011893467414088817,-0.026607489746686603,0.6115636229515076,-0.1795196256041527,0.18496999989151955,0.39,0.525,False,False,True,False,0.0,0.525,0.0,9.0,0.20787120148313054,-1.0,0.0,-0.23,-0.28121256828308105,-0.9862750172615051,-0.23000000417232513,0.0
86.84130790739384,213.15869209260615,-3.5704760926034886,298.8359306589441,10.354574864361869,-0.13934789633873942,10.35855498046012,-0.1696365109439721,0.47190127025166956,-0.45062665887763403,-2.7869864354031075,0.011675944097861803,-0.017622449950562367,0.6114461824297905,-0.1795196256041527,0.18496999989151955,0.39,0.6,False,False,True,False,0.0,0.6,0.0,9.0,0.2030615199988211,-1.0,0.0,-0.23,-0.2851272523403168,-0.9862750172615051,-0.23000000417232513,0.0
87.61830412764898,212.38169587235103,-3.5831667253309645,298.87246211304273,10.363300844329185,-0.13938627093443443,10.367041195907067,-0.16884513951940508,0.502105918284875,-0.40029704036568514,-2.7925275822786397,0.011453456412405728,-0.007015707145167556,0.6113279041647911,-0.1795196256041527,0.18496999989151955,0.39,0.6749999999999999,False,False,True,False,0.0,0.6749999999999999,0.0,9.0,0.19829392780147645,-1.0,0.0,-0.23,-0.28906986117362976,-0.9862750172615051,-0.23000000417232513,0.0
88.39585192736082,211.6041480726392,-3.595801385330133,298.91122268947083,10.369995608748463,-0.1398043499644308,10.3734589108257,-0.16813849880336487,0.5313458881149856,-0.3508999715191656,-2.797459373820707,0.011209494139593358,0.004971122721765519,0.6112087380886078,-0.1795196256041527,0.18496999989151955,0.39,0.75,False,False,True,False,0.0,0.7499999999999999,0.0,9.0,0.19357342641453312,-1.0,0.0,-0.23,-0.29304206371307373,-0.9862750172615051,-0.23000000417232513,0.0
89.1737974721971,210.8262025278029,-3.6083852652004094,298.9521403443591,10.374682689837769,-0.1405223306999671,10.3778354990173,-0.16748595566736246,0.5596292461649172,-0.3025192668918024,-2.801782106662426,0.010956559631383398,0.01807372525629896,0.6110889586806297,-0.1795196256041527,0.18496999989151955,0.39,0.825,False,False,True,False,0.0,0.8249999999999998,0.0,9.0,0.1889018127420768,-1.0,0.0,-0.23,-0.29703471064567566,-0.9862750172615051,-0.23000000417232513,0.0
89.95198905622061,210.0480109437794,-3.62092136523383,298.9951436032784,10.377390588575638,-0.14145969452181573,10.380202582377185,-0.1668597034804063,0.5869628516292374,-0.2551838097673885,-2.8055211362341814,0.010705415665868037,0.032008733677707145,0.6109687438607215,-0.1795196256041527,0.18496999989151955,0.39,0.8999999999999999,False,False,True,False,0.0,0.8999999999999998,0.0,9.0,0.18428028012943626,-1.0,0.0,-0.23,-0.3010418713092804,-0.9862750172615051,-0.23000000417232513,0.0
90.73027769028465,209.26972230971535,-3.6334107016856465,299.04016143113813,10.378157370627228,-0.14253685023551613,10.380600819623874,-0.166235084317527,0.61335219506796,-0.20889194554673485,-2.808711154869848,0.010459326591024849,0.046480772972363915,0.6108481660485268,-0.1795196256041527,0.18496999989151955,0.39,0.975,False,False,True,False,0.0,0.9749999999999998,0.0,9.0,0.17971014970613972,-1.0,0.0,-0.23,-0.30506113171577454,-0.9862750172615051,-0.23000000417232513,0.0
91.50851762043257,208.49148237956743,-3.6458525872721217,299.0871232126251,10.377025475498517,-0.14367653303098657,10.379074989292418,-0.1655908035245784,0.638802218159817,-0.16363724113449396,-2.8113877507807654,0.010217744091858761,0.06118936225982523,0.6107272681593895,-0.1795196256041527,0.18496999989151955,0.39,1.05,False,False,True,False,0.0,1.0499999999999998,0.0,9.0,0.17519289365770088,-1.0,0.0,-0.23,-0.30909106135368347,-0.9862750172615051,-0.23000000417232513,0.0
92.28656648340338,207.71343351659664,-3.6582448436429322,299.1359586708636,10.374037766745925,-0.14480494652671588,10.375670160223637,-0.1649089723413401,0.6633177425567595,-0.11941724269246205,-2.8135857586839976,0.009979672196428965,0.07583482258951413,0.6106060922145844,-0.1795196256041527,0.18496999989151955,0.39,1.125,False,False,True,False,0.0,1.1249999999999998,0.0,9.0,0.1707300374420689,-1.0,0.0,-0.23,-0.313130259513855,-0.9862750172615051,-0.23000000417232513,0.0
93.06428525993942,206.93571474006058,-3.6705841115609865,299.18659790321317,10.369236470121777,-0.1458527565430674,10.37043064688053,-0.1641750533398029,0.686903577795216,-0.076232398896918,-2.8153400998506974,0.009744722304249909,0.09012353152289655,0.6104846847057342,-0.1795196256041527,0.18496999989151955,0.39,1.2,False,False,True,False,0.0,1.1999999999999997,0.0,9.0,0.16632311076728082,-1.0,0.0,-0.23,-0.3171771764755249,-0.9862750172615051,-0.23000000417232513,0.0
93.84153822551767,206.15846177448233,-3.682866012363151,299.2389713519733,10.362663438796215,-0.14675599693134678,10.36340027225005,-0.1633777622542646,0.709564577822117,-0.03408331624793939,-2.816686519459638,0.00951294492393034,0.10377288350778471,0.6103631001710892,-0.1795196256041527,0.18496999989151955,0.39,1.275,False,False,True,False,0.0,1.2749999999999997,0.0,9.0,0.161973633568179,-1.0,0.0,-0.23,-0.3212299942970276,-0.9862750172615051,-0.23000000417232513,0.0
94.61819295290525,205.38180704709475,-3.6950854836400993,299.29300986297585,10.354360501616704,-0.147456897156631,10.354622728787724,-0.1625089462564044,0.731305729824419,0.0070306890851260335,-2.8176616378606893,0.009284496900668824,0.11651603966015055,0.6102413940429687,-0.1795196256041527,0.18496999989151955,0.39,1.3499999999999999,False,False,True,False,0.0,1.3499999999999996,0.0,9.0,0.1576831101021468,-1.0,0.0,-0.23,-0.325286865234375,-0.9862750172615051,-0.23000000417232513,0.0
95.39412027066558,204.60587972933442,-3.7072369576943225,299.3486446237307,10.344369551335138,-0.14790461290957557,10.34414169311832,-0.1615634376317713,0.7521322567429038,0.04711192081494454,-2.8183026055835945,0.009059492155469117,0.12810638728656015,0.6101196253299713,-0.1795196256041527,0.18496999989151955,0.39,1.425,False,False,True,False,0.0,1.4249999999999996,0.0,9.0,0.15345301653179422,-1.0,0.0,-0.23,-0.32934582233428955,-0.9862750172615051,-0.23000000417232513,0.0
96.16919429165017,203.83080570834983,-3.7193145612513416,299.4058072480625,10.332732462879711,-0.14805583749049683,10.332000774714105,-0.16053887756419505,0.7720496961673974,0.08616427834738939,-2.81864667949358,0.008837992198110932,0.13832160046210248,0.6099978494644165,-0.1795196256041527,0.18496999989151955,0.39,1.5,False,False,True,False,0.0,1.4999999999999996,0.0,9.0,0.14928479047893034,-1.0,0.0,-0.23,-0.3334050178527832,-0.9862750172615051,-0.23000000417232513,0.0
96.94329238445668,203.0567076155433,-3.7313123746521994,299.4644297695845,10.319490970813145,-0.14787527753348773,10.318243421385821,-0.15943550851437327,0.7910639607375256,0.12419326506610046,-2.8187308346307236,0.008620033604418946,0.1469672175501263,0.6098761290311814,-0.1795196256041527,0.18496999989151955,0.39,1.575,False,False,True,False,0.0,1.5749999999999995,0.0,9.0,0.14517981901803728,-1.0,0.0,-0.23,-0.3374623656272888,-0.9862750172615051,-0.23000000417232513,0.0
97.71629516822973,202.28370483177025,-3.7432245678243565,299.52444468725844,10.304686559881668,-0.1473359855493261,10.302912833314503,-0.15825593811558789,0.8091813695077346,0.16120607160265188,-2.818591410177001,0.008405644877212575,0.15387967736223232,0.6097545194625854,-0.1795196256041527,0.18496999989151955,0.39,1.65,False,False,True,False,0.0,1.6499999999999995,0.0,9.0,0.14113943162396156,-1.0,0.0,-0.23,-0.34151601791381836,-0.9862750172615051,-0.23000000417232513,0.0
98.48808648671938,201.5119135132806,-3.755045582990522,299.58578499795976,10.28836037111598,-0.14641954374504643,10.286051887487707,-0.15700487864506257,0.826408679404324,0.19721167049407554,-2.8182637649479867,0.008194849119404808,0.1589287712043863,0.6096330887079239,-0.1795196256041527,0.18496999989151955,0.39,1.7249999999999999,False,False,True,False,0.0,1.7249999999999994,0.0,9.0,0.13716489504131874,-1.0,0.0,-0.23,-0.34556370973587036,-0.9862750172615051,-0.23000000417232513,0.0
99.25855338752552,200.74144661247448,-3.7667703046307155,299.64838419317084,10.270553114689477,-0.1451160990858202,10.267703063363369,-0.15568886723204284,0.8427531016877907,0.23222087627197327,-2.817781940202195,0.007987661305095898,0.16201947770118033,0.609511895775795,-0.1795196256041527,0.18496999989151955,0.39,1.7999999999999998,False,False,True,False,0.0,1.7999999999999994,0.0,9.0,0.13325740853268822,-1.0,0.0,-0.23,-0.34960347414016724,-0.9862750172615051,-0.23000000417232513,0.0
100.02758608579784,199.97241391420215,-3.778394148709583,299.712176346904,10.251304985252418,-0.14342424999400172,10.247908365017475,-0.15431597069124559,0.8582223099683037,0.2662463602550948,-2.81717833162338,0.0077840858647126076,0.16309315778857097,0.6093910059332848,-0.1795196256041527,0.18496999989151955,0.39,1.875,False,False,True,False,0.0,1.8749999999999993,0.0,9.0,0.12941810200233989,-1.0,0.0,-0.23,-0.3536331355571747,-0.9862750172615051,-0.23000000417232513,0.0
100.79507791497016,199.20492208502984,-3.789913198642476,299.77709613194884,10.230655580655206,-0.14135078876044183,10.22670924039474,-0.15289548033568243,0.8728244458885639,0.2993026244430421,-2.816483384187795,0.007584115746421504,0.16212809645549348,0.6092704808712005,-0.1795196256041527,0.18496999989151955,0.39,1.95,False,False,True,False,0.0,1.9499999999999993,0.0,9.0,0.12564803239668307,-1.0,0.0,-0.23,-0.35765063762664795,-0.9862750172615051,-0.23000000417232513,0.0
101.56092529564918,198.43907470435082,-3.801324256281359,299.8430788231012,10.20864382651079,-0.138910306375466,10.204146500238855,-0.15143760121143468,0.8865681172319265,0.3314059406256671,-2.8157253160689786,0.00738773240851201,0.15913939096392898,0.6091503831744194,-0.1795196256041527,0.18496999989151955,0.39,2.025,False,False,True,False,0.0,2.0249999999999995,0.0,9.0,0.12194818253490719,-1.0,0.0,-0.23,-0.3616538941860199,-0.9862750172615051,-0.23000000417232513,0.0
102.32502768894818,197.67497231105182,-3.812624909895439,299.9100603752995,10.185307908398503,-0.1361246687652438,10.18026023896415,-0.1499531410118636,0.8994624008338981,0.36257425830980694,-2.814929878599596,0.0071949060908258426,0.15417819609287217,0.6090307781100273,-0.1795196256041527,0.18496999989151955,0.39,2.1,False,False,True,False,0.0,2.0999999999999996,0.0,9.0,0.11831946123913213,-1.0,0.0,-0.23,-0.3656407296657562,-0.9862750172615051,-0.23000000417232513,0.0
103.08728752130682,196.91271247869318,-3.8238136063977994,299.97797744964964,10.160685212819988,-0.13302237688102972,10.155089759531922,-0.14845320351167532,0.911516835655711,0.3928270837869861,-2.814120156719149,0.007005596211636068,0.14733034916105686,0.608911726474762,-0.1795196256041527,0.18496999989151955,0.39,2.175,False,False,True,False,0.0,2.175,0.0,9.0,0.11476270064094697,-1.0,0.0,-0.23,-0.36960911750793457,-0.9862750172615051,-0.23000000417232513,0.0
103.84761012487864,196.15238987512134,-3.8348895876022575,300.04676741666117,10.134812277215499,-0.12963782392455636,10.128673503761854,-0.14694889113436024,0.9227414132210148,0.42218533293156607,-2.813316411719287,0.006819751880248782,0.1387144079344529,0.6087932908535003,-0.1795196256041527,0.18496999989151955,0.39,2.25,False,False,True,False,0.0,2.25,0.0,9.0,0.11127865623182541,-1.0,0.0,-0.23,-0.3735569715499878,-0.9862750172615051,-0.23000000417232513,0.0
104.60590370123639,195.3940962987636,-3.845852932710483,300.11636843762153,10.10772474913782,-0.12601046556914622,10.101048989546083,-0.14545102141442692,0.9331465602703672,0.4506711606102075,-2.81253597051965,0.00663731256181465,0.1284791440710694,0.6086755275726319,-0.1795196256041527,0.18496999989151955,0.39,2.3249999999999997,False,False,True,False,0.0,2.325,0.0,9.0,0.10786800791364316,-1.0,0.0,-0.23,-0.37748241424560547,-0.9862750172615051,-0.23000000417232513,0.0
105.36207920732143,194.63792079267859,-3.856704520057563,300.1867194450592,10.079457354265404,-0.12218391929472613,10.072252755972796,-0.14396986146726623,0.9427431260039428,0.47830777019377113,-2.811793161974295,0.006458208878895724,0.11680054404536476,0.608558497428894,-0.1795196256041527,0.18496999989151955,0.39,2.4,False,False,True,False,0.0,2.4000000000000004,0.0,9.0,0.10453135963890998,-1.0,0.0,-0.23,-0.38138341903686523,-0.9862750172615051,-0.23000000417232513,0.0
106.11605030360782,193.88394969639216,-3.8674459633697147,300.25776023387243,10.050043873000831,-0.11820501153166024,10.042320317589265,-0.14251488464531434,0.951542362132073,0.5051192066947777,-2.8110993026013915,0.006282363568125757,0.10387837734396882,0.6084422531723976,-0.1795196256041527,0.18496999989151955,0.39,2.475,False,False,True,False,0.0,2.4750000000000005,0.0,9.0,0.10126924152775013,-1.0,0.0,-0.23,-0.3852582275867462,-0.9862750172615051,-0.23000000417232513,0.0
106.86773327893687,193.13226672106313,-3.878079548019445,300.32943141899796,10.019517125026406,-0.11412279020507637,10.011286128356653,-0.14109455252406733,0.9595559099257157,0.5311301375557475,-2.810462728841074,0.006109692545379132,0.08993239882212291,0.6083268547058105,-0.1795196256041527,0.18496999989151955,0.39,2.55,False,False,True,False,0.0,2.5500000000000007,0.0,9.0,0.09808210952797829,-1.0,0.0,-0.23,-0.38910484313964844,-0.9862750172615051,-0.23000000417232513,0.0
107.6170469468399,192.3829530531601,-3.888608150281162,300.4016745330805,9.987908961536542,-0.10998752303861306,9.979183556370394,-0.139716125477352,0.9667957669198113,0.5563656248431236,-2.809888876701395,0.005940106116210845,0.07519825714880234,0.6082123449444771,-0.1795196256041527,0.18496999989151955,0.39,2.625,False,False,True,False,0.0,2.625000000000001,0.0,9.0,0.09497034823897543,-1.0,0.0,-0.23,-0.3929218351840973,-0.9862750172615051,-0.23000000417232513,0.0
108.3639161812534,191.6360838187466,-3.8990350380093863,300.47443128123405,9.955385095837693,-0.1058462374819383,9.946181836854436,-0.1383805414589961,0.973249725292591,0.5807280619368761,-2.8093735063853225,0.005673997960675508,0.0599290799351969,0.6080987837910652,-0.17868063151836394,0.18496999989151955,0.39,2.6999999999999997,False,False,True,False,0.0,2.700000000000001,0.0,9.0,0.09193427197720778,-0.9760287493041203,0.0,-0.23,-0.3967072069644928,-0.9623037576675415,-0.23000000417232513,0.0
109.10828060808878,190.89171939191124,-3.9093630557595573,300.54764292277923,9.922081263612819,-0.10173498297282563,9.912427978496178,-0.13707728875547956,0.9789311568502663,0.6035928827121713,-2.808825401493701,0.005232021922398377,0.04441006036873964,0.6079867067933082,-0.17756092339754104,0.18496999989151955,0.39,2.775,False,False,True,False,0.0,2.7750000000000012,0.0,9.0,0.08897709452786769,-0.944037099916342,0.0,-0.23,-0.40044310688972473,-0.9303120970726013,-0.23000000417232513,0.0
109.85008437924125,190.14991562075875,-3.9195942327527984,300.6212527346356,9.887979630504852,-0.09768944306625152,9.877915422959706,-0.1357961274401512,0.9838722890336282,0.6243161811571508,-2.808093803018728,0.004685139297790089,0.02892864371537131,0.6078758546710015,-0.1764262282848358,0.18496999989151955,0.39,2.85,False,False,True,False,0.0,2.8500000000000014,0.0,9.0,0.08609897349459107,-0.9116172197680223,0.0,-0.23,-0.4041381776332855,-0.8978922367095947,-0.23000000417232513,0.0
110.58927012508988,189.41072987491012,-3.9297299011902234,300.69520603081764,9.85306909425805,-0.09374529947418889,9.842638211497643,-0.13452854975465955,0.9880925600469418,0.6426505321527172,-2.8071075059466923,0.004123016306438506,0.01374958667843893,0.6077658385038376,-0.17527095317840574,0.18496999989151955,0.39,2.925,False,False,True,False,0.0,2.9250000000000016,0.0,9.0,0.08329774327689608,-0.8786093519092714,0.0,-0.23,-0.4078053832054138,-0.8648843765258789,-0.23000000417232513,0.0
111.32578267682611,188.67421732317388,-3.939770692410521,300.76944906905646,9.817412060356226,-0.08993323921476265,9.806659569723168,-0.13326375359073017,0.9916000236946355,0.6586241270617538,-2.8058843653229575,0.003578011356507474,-0.0008835057077927387,0.6076567959785462,-0.17408843278884886,0.18496999989151955,0.39,3.0,False,False,True,False,0.0,3.0000000000000018,0.0,9.0,0.08057271186983768,-0.8448230616451728,0.0,-0.23,-0.4114401340484619,-0.8310980796813965,-0.23000000417232513,0.0
112.05957326057504,187.94042673942496,-3.9497163376400914,300.8439286537964,9.781109161395264,-0.0862787457195591,9.770079875072534,-0.13198861716610985,0.9944016165387227,0.6723223286986327,-2.8044582123197785,0.0030471873326875258,-0.014741560076919612,0.6075488817691803,-0.17287858575582504,0.18496999989151955,0.39,3.0749999999999997,False,False,True,False,0.0,3.075000000000002,0.0,9.0,0.07792452508494985,-0.8102560376432109,0.0,-0.23,-0.41503727436065674,-0.7965310215950012,-0.23000000417232513,0.0
112.79060089717115,187.20939910282885,-3.9595655364236277,300.9185921654739,9.744263928709184,-0.08280321847976513,9.73300265692978,-0.13068912032766666,0.9965067253129418,0.6837991981157261,-2.80284369403265,0.002522130351331075,-0.027609467899347297,0.6074420619010925,-0.1716451421380043,0.18496999989151955,0.39,3.15,False,False,True,False,0.0,3.150000000000002,0.0,9.0,0.07535394640146095,-0.775014786729889,0.0,-0.23,-0.418597936630249,-0.7612897753715515,-0.23000000417232513,0.0
113.51883207814402,186.48116792185598,-3.969315914097628,300.9933877948447,9.706971916944243,-0.07952379013197586,9.695523677977382,-0.1293507712858938,0.9979265788376381,0.6930811016628107,-2.8010420317270808,0.00199974298237983,-0.039289765882310514,0.6073362943530083,-0.1703923138976097,0.18496999989151955,0.39,3.225,False,False,True,False,0.0,3.2250000000000023,0.0,9.0,0.07286142799822969,-0.7392196680065222,0.0,-0.23,-0.422123521566391,-0.7254946827888489,-0.23000000417232513,0.0
114.24424023173594,185.75575976826406,-3.9789640174829457,301.06826459502054,9.669323030584575,-0.07645261356158947,9.657732932310234,-0.12795848288355693,0.9986731871506147,0.7001891981361809,-2.799052417289067,0.00148105111750198,-0.049606920774693405,0.6072315782308578,-0.1691236600279808,0.18496999989151955,0.39,3.3,False,False,True,False,0.0,3.3000000000000025,0.0,9.0,0.07044717669414263,-0.7029724309794829,0.0,-0.23,-0.42561405897140503,-0.6892474293708801,-0.23000000417232513,0.0
114.96680544036997,185.03319455963003,-3.988505200127996,301.1431725205198,9.63140522406406,-0.07359641339404432,9.619718187498354,-0.12649654475184285,0.9987589235848359,0.7051505280328896,-2.7968760237780557,0.0009680389877315069,-0.05841063302011832,0.607127930521965,-0.16784225761890412,0.18496999989151955,0.39,3.375,False,False,True,False,0.0,3.3750000000000027,0.0,9.0,0.06811127969131013,-0.6663609283495713,0.0,-0.23,-0.42906898260116577,-0.652635931968689,-0.23000000417232513,0.0
115.68651432400219,184.3134856759978,-3.99793363079423,301.2180624956268,9.593305854869028,-0.07095634699135636,9.581566335370468,-0.12494876193759906,0.998196524263912,0.7079985679294012,-2.7945156086360172,0.00046222081318555633,-0.06557813876771934,0.6070253664255142,-0.16655104607343674,0.18496999989151955,0.39,3.4499999999999997,False,False,True,False,0.0,3.450000000000003,0.0,9.0,0.0658537535542262,-0.6294691460885976,0.0,-0.23,-0.4324877858161926,-0.6157441735267639,-0.23000000417232513,0.0
116.40335997273002,183.59664002726998,-4.007242255206791,301.2928863915936,9.555111462442834,-0.06852802574381159,9.543363218536662,-0.12329865009340463,0.9969991499268989,0.7087707795259491,-2.7919746444118783,-3.539075024628676e-05,-0.07101585199379659,0.6069238877296448,-0.1652529752254486,0.18496999989151955,0.39,3.525,False,False,True,False,0.0,3.525000000000003,0.0,9.0,0.06367454221952709,-0.5923814132426569,0.0,-0.23,-0.4358704090118408,-0.5786564350128174,-0.23000000417232513,0.0
117.11734187680509,182.88265812319491,-4.016422787548655,301.3675970949798,9.516907245001498,-0.0663016296140137,9.505193137778068,-0.12152963250448572,0.995180390305052,0.707507020137452,-2.789257105284944,-0.0005239660818828382,-0.07466052195495064,0.6068234944343567,-0.16395100325345993,0.18496999989151955,0.39,3.5999999999999996,False,False,True,False,0.0,3.600000000000003,0.0,9.0,0.06157351026096465,-0.5551822439433269,0.0,-0.23,-0.43921685218811035,-0.5414572358131409,-0.23000000417232513,0.0
117.82846574777669,182.1715342522233,-4.025465693444659,301.4421485206649,9.478776756089408,-0.06426211083344041,9.46713856518673,-0.11962523529240722,0.992754236519875,0.7042491470341182,-2.7863676690039214,-0.0010026782515690084,-0.0764799126317355,0.606724189221859,-0.1626480570435524,0.18496999989151955,0.39,3.675,False,False,True,False,0.0,3.6750000000000034,0.0,9.0,0.059550440313998906,-0.5179551771652636,0.0,-0.23,-0.44252702593803406,-0.5042302012443542,-0.23000000417232513,0.0
118.53674343813377,181.46325656186622,-4.034360202700036,301.51649565742355,9.44080179075576,-0.062389492709778366,9.42928003532027,-0.11756928527074667,0.9897350313582541,0.6990410834943971,-2.7833119784266325,-0.0014706815577869336,-0.07647296333002933,0.6066259694099426,-0.1613469988107681,0.18496999989151955,0.39,3.75,False,False,True,False,0.0,3.7500000000000036,0.0,9.0,0.057605035997668405,-0.48078211259254583,0.0,-0.23,-0.4458010196685791,-0.46705710887908936,-0.23000000417232513,0.0
119.24219273651889,180.7578072634811,-4.043094364516463,301.59059457115745,9.40306232594358,-0.060659260290565786,9.391696088447588,-0.11534611087700544,0.9861374188651808,0.6919288675646578,-2.780096817933555,-0.001927142013789659,-0.07466941122921654,0.6065288314223289,-0.1600506354868412,0.18496999989151955,0.39,3.8249999999999997,False,False,True,False,0.0,3.8250000000000037,0.0,9.0,0.05573692651430309,-0.44374315387133384,0.0,-0.23,-0.44903895258903503,-0.4300181567668915,-0.23000000417232513,0.0
119.94483725626311,180.0551627437369,-4.051655072974521,301.6644024374473,9.36563646580208,-0.05904283351812406,9.354463235215784,-0.11294074409771411,0.9819763088713886,0.6829606060324424,-2.7767302089781176,-0.002371259288386586,-0.07112888657023145,0.6064327716827392,-0.15876170620322227,0.18496999989151955,0.39,3.9,False,False,True,False,0.0,3.900000000000004,0.0,9.0,0.05394567260145473,-0.40691660997115925,0.0,-0.23,-0.4522409439086914,-0.3931916058063507,-0.23000000417232513,0.0
120.64470625133625,179.35529374866377,-4.060028130750222,301.7378775578177,9.328600348506102,-0.05750811031057382,9.317655861370051,-0.11033911832868254,0.9772668529127686,0.6721863895050645,-2.7732214565082938,-0.0028022723264486803,-0.06593950594767127,0.6063377928733825,-0.15748288959264756,0.18496999989151955,0.39,3.9749999999999996,False,False,True,False,0.0,3.975000000000004,0.0,9.0,0.05223076981201499,-0.370378984378853,0.0,-0.23,-0.45540690422058105,-0.35665398836135864,-0.23000000417232513,0.0
121.34183448154667,178.65816551845333,-4.068198325584223,301.81097938903986,9.292028062772008,-0.05602006932299278,9.281346157484457,-0.10752825908651967,0.972024395601747,0.6596582268212521,-2.7695811664102155,-0.0032194573564804712,-0.059215996593372046,0.6062438797950744,-0.1562167964875698,0.18496999989151955,0.39,4.05,False,False,True,False,0.0,4.050000000000004,0.0,9.0,0.0505916509159373,-0.3342048931589993,0.0,-0.23,-0.45853734016418457,-0.3204798996448517,-0.23000000417232513,0.0
122.03626203367332,177.96373796632668,-4.0761495194935655,301.8836685268275,9.255991566538642,-0.05454141638730248,9.245604051200417,-0.10449646337661897,0.9662644545295692,0.6454300090988079,-2.765821233649425,-0.003622126378856439,-0.05109739122449369,0.6061510396003723,-0.1549659688770771,0.18496999989151955,0.39,4.125,False,False,True,False,0.0,4.125000000000004,0.0,9.0,0.04902769085659461,-0.29846697748496914,0.0,-0.23,-0.46163201332092285,-0.28474196791648865,-0.23000000417232513,0.0
122.72803413481908,177.2719658651809,-4.083864754978988,301.9559067546893,9.220560609917674,-0.05303326423152352,9.210497147310925,-0.10123346592593652,0.9600026997829448,0.629557495736153,-2.761954808634489,-0.00400962698900201,-0.04174433871667998,0.6060592651367187,-0.15373287886381148,0.18496999989151955,0.39,4.2,False,False,True,False,0.0,4.200000000000005,0.0,9.0,0.047538209651627375,-0.26323581929635453,0.0,-0.23,-0.464691162109375,-0.24951082468032837,-0.23000000417232513,0.0
123.41720099946424,176.58279900053577,-4.091326344239496,302.0276570276278,9.185802644627632,-0.05145583219766289,9.176090641417748,-0.09773058761877693,0.9532549127950725,0.6120983134245764,-2.7579962303742507,-0.004381343638777082,-0.031336079218674366,0.6059685519337654,-0.15251992031931877,0.18496999989151955,0.39,4.2749999999999995,False,False,True,False,0.0,4.275000000000005,0.0,9.0,0.046122473385367777,-0.22857986389567847,0.0,-0.23,-0.46771493554115295,-0.2148548662662506,-0.23000000417232513,0.0
124.10381762985097,175.89618237014903,-4.098516051862211,302.0988834721329,9.151782750122646,-0.049769152077564605,9.142447270234106,-0.0939808652995327,0.9460369663102387,0.5931119617869203,-2.7539609361149915,-0.004736699094241488,-0.020067141361415936,0.6058788982033729,-0.15132941149175166,0.18496999989151955,0.39,4.35,False,False,True,False,0.0,4.350000000000005,0.0,9.0,0.044779699635756995,-0.19456533190518613,0.0,-0.23,-0.4707033932209015,-0.18084032833576202,-0.23000000417232513,0.0
124.78794363711981,175.2120563628802,-4.105415141543016,302.16955144805524,9.118563548575501,-0.047933767723226633,9.109627243950639,-0.08997916005114746,0.9383648104611855,0.5726598229842986,-2.7498653498449093,-0.005075155360965081,-0.00814382103190704,0.6057903057336808,-0.15016359031200407,0.18496999989151955,0.39,4.425,False,False,True,False,0.0,4.425000000000005,0.0,9.0,0.043509059878784034,-0.1612561483111286,0.0,-0.23,-0.47365647554397583,-0.1475311517715454,-0.23000000417232513,0.0
125.46964304428293,174.53035695571708,-4.112004588520459,302.23962747045925,9.086205120387284,-0.0459114170231934,9.07768818295681,-0.08572224220639695,0.93025445327682,0.5508051726950389,-2.745726752279282,-0.005396214994307175,0.004219495990343413,0.6057027736306191,-0.14902460996061562,0.18496999989151955,0.39,4.5,False,False,True,False,0.0,4.500000000000005,0.0,9.0,0.042309679303000405,-0.1287138592974316,0.0,-0.23,-0.47657421231269836,-0.11498885601758957,-0.23000000417232513,0.0
126.14898409957691,173.85101590042308,-4.1182651942812685,302.3090792877265,9.054764917684242,-0.043665684403077165,9.046685054283882,-0.08120885140326138,0.9217219403318668,0.5276131880794462,-2.7415631339733895,-0.00569942214917556,0.016804102762355406,0.6056163027882576,-0.14791453938931226,0.18496999989151955,0.39,4.575,False,False,True,False,0.0,4.5750000000000055,0.0,9.0,0.041180641493004,-0.09699755037589813,0.0,-0.23,-0.4794565737247467,-0.0832725539803505,-0.23000000417232513,0.0
126.8260390535196,173.1739609464804,-4.124177752251241,302.37787583278214,9.024297676710766,-0.04116261322091064,9.016670108096292,-0.07643973085675776,0.9127833376143617,0.503150950895994,-2.737393037121104,-0.005984363742374789,0.029390765089454703,0.6055308941006661,-0.1468353566713631,0.18496999989151955,0.39,4.6499999999999995,False,False,True,False,0.0,4.650000000000006,0.0,9.0,0.040120988528381266,-0.06616376198259308,0.0,-0.23,-0.48230352997779846,-0.05243876203894615,-0.23000000417232513,0.0
127.5008839826304,172.4991160173696,-4.129723171000118,302.44598726209733,8.994855329374456,-0.03837126780519465,8.987692813731469,-0.07141763521110488,0.9034547325319846,0.47748744085468375,-2.733235389759309,-0.006250670719424556,0.041763475391169216,0.6054465591907501,-0.14578894913196563,0.18496999989151955,0.39,4.725,False,False,True,False,0.0,4.725000000000006,0.0,9.0,0.03912972450281245,-0.036266404195515904,0.0,-0.23,-0.4851146936416626,-0.022541403770446777,-0.23000000417232513,0.0
128.17359855611969,171.82640144388031,-4.1348826314330935,302.51338491991237,8.96648691508527,-0.03526423920824873,8.959799796076258,-0.0661473118141577,0.8937522051238399,0.4506935173059575,-2.729109335278504,-0.0064980190434791715,0.0537131033790667,0.6053632909059524,-0.14477710847510025,0.18496999989151955,0.39,4.8,False,False,True,False,0.0,4.800000000000006,0.0,9.0,0.03820581423324186,-0.007356670813305089,0.0,-0.23,-0.4878903031349182,0.006368329282850027,-0.23000000417232513,0.0
128.8442658259035,171.1557341740965,-4.139637777977766,302.580041361025,8.939238493694061,-0.03181808407882164,8.933034771716786,-0.06063545503044822,0.8836918282219437,0.4228418865341481,-2.725034056226651,-0.006726130855141935,0.06504088168069959,0.6052811071276665,-0.14380152842029928,0.18496999989151955,0.39,4.875,False,False,True,False,0.0,4.875000000000006,0.0,9.0,0.03734818778776816,0.02051704682777214,0.0,-0.23,-0.49062976241111755,0.034242045134305954,-0.23000000417232513,0.0
129.51296808951068,170.48703191048932,-4.143970909341999,302.64593109271345,8.913005325129824,-0.02801742556385914,8.907288652500878,-0.054895877922963764,0.8733143616327773,0.39414277085307003,-2.721036162326165,-0.006824850094404311,0.07555535397131097,0.6052000096440315,-0.14378901313990353,0.18496999989151955,0.39,4.95,False,False,True,False,0.0,4.950000000000006,0.0,8.973565379575307,0.03655573978261689,0.020874624170961902,0.0,-0.23,-0.49333301186561584,0.03459962457418442,-0.23000000417232513,0.0
130.179776853173,169.820223146827,-4.147865920719382,302.7110312353202,8.887704161551756,-0.023862832329238748,8.882465965097985,-0.0489555803799911,0.8626366881263212,0.3653941020130352,-2.71723479643219,-0.006703529631012038,0.08505484128971935,0.6051194816827774,-0.14416501447558402,0.18496999989151955,0.39,5.0249999999999995,False,False,True,False,0.0,5.025000000000007,0.0,8.936786755076913,0.03582434382266311,0.010131729758280472,0.0,-0.23,-0.4960172772407532,0.02385672926902771,-0.23000000417232513,0.0
130.84476353735187,169.15523646264813,-4.151308806353668,302.775319140228,8.863424253682858,-0.01935839826660604,8.858643974768242,-0.04284126720265669,0.8516545537803334,0.3374211033912793,-2.713813094186324,-0.0064456325331616535,0.09335724377904465,0.6050398504734039,-0.1445545881567523,0.18496999989151955,0.39,5.1,False,False,True,False,0.0,5.100000000000007,0.0,8.900112273075486,0.03515266036523529,-0.0009989477382945176,0.0,-0.23,-0.49867165088653564,0.012726052664220333,-0.23000000417232513,0.0
131.508006794409,168.491993205591,-4.154287388395349,302.83877218812995,8.8402515004296,-0.014509570294437835,8.835903607345823,-0.03657649083096867,0.8403767734798091,0.31057545804775843,-2.710859123684742,-0.0061592568126445394,0.10032604233293893,0.6049616211652755,-0.14496683796664,0.18496999989151955,0.39,5.175,False,False,True,False,0.0,5.175000000000007,0.0,8.863538005445648,0.03454187933951937,-0.012777513303533702,0.0,-0.23,-0.5012792944908142,0.0009474866674281657,-0.23000000417232513,0.0
132.16958813046418,167.83041186953582,-4.156791316423309,302.9013689800163,8.818182552618495,-0.00932804515040589,8.81424140567378,-0.03018638792266038,0.8288251797287198,0.2848755442113298,-2.7083522704262823,-0.00588394560166843,0.10586537417315361,0.6048846989870071,-0.14541248857975006,0.18496999989151955,0.39,5.25,False,False,True,False,0.0,5.250000000000007,0.0,8.827059626307506,0.03399162153852438,-0.02551038774738374,0.0,-0.23,-0.503843367099762,-0.011785387992858887,-0.23000000417232513,0.0
132.8295866899745,167.1704133100255,-4.158812194348257,302.9630898773671,8.79716542340546,-0.0038313817077629264,8.79360641337105,-0.023697837762291077,0.8170233769455774,0.260270228662483,-2.7062499312843293,-0.005616002039540293,0.10990875949280567,0.6048089462518692,-0.14589434767141937,0.18496999989151955,0.39,5.325,False,False,True,False,0.0,5.325000000000007,0.0,8.79067265282447,0.03349990903206504,-0.03927779099736127,0.0,-0.23,-0.5063684582710266,-0.025552790611982346,-0.23000000417232513,0.0
133.48807736345717,166.51192263654283,-4.160343648191713,303.02391692406127,8.777141882758379,0.0019590320527230476,8.773941046740775,-0.01713770001771276,0.8049925615064621,0.2367482497552663,-2.7045309190856743,-0.005344607047796768,0.11241465130721591,0.6047344362735748,-0.14641048932448028,0.18496999989151955,0.39,5.3999999999999995,False,False,True,False,0.0,5.4000000000000075,0.0,8.754372732051403,0.0330644984455174,-0.05402469543313764,0.0,-0.23,-0.5088521242141724,-0.04029969498515129,-0.23000000417232513,0.0
134.14513097931138,165.85486902068862,-4.161381300612326,303.0838336738593,8.758060863362392,0.008018518875646558,8.755194539278722,-0.010532172668618552,0.7927520282805951,0.2143350285245221,-2.70318946300437,-0.00506526294518592,0.11336690873123426,0.6046612566709518,-0.14695826228708028,0.18496999989151955,0.39,5.475,False,False,True,False,0.0,5.475000000000008,0.0,8.718155745009856,0.03268338489738651,-0.06967535184411633,0.0,-0.23,-0.5112914443016052,-0.0559503510594368,-0.23000000417232513,0.0
134.80081473152953,165.19918526847047,-4.1619227114650705,303.14282509936356,8.739875799828976,0.014318959046400126,8.737320636856525,-0.003906864974628786,0.7803202920862186,0.19306526195278928,-2.7022217089867357,-0.004778553595232846,0.11277600802830816,0.6045894432067871,-0.14753570087254048,0.18496999989151955,0.39,5.55,False,False,True,False,0.0,5.550000000000008,0.0,8.682017796137874,0.03235474639054908,-0.08617359311488965,0.0,-0.23,-0.5136852264404297,-0.07244859635829926,-0.23000000417232513,0.0
135.455192384482,164.544807615518,-4.161967335332553,303.20087754639553,8.722540111995182,0.0208288585219166,8.720273243107684,0.002713190895456915,0.7677155135000008,0.17296884068327267,-2.7016209267555618,-0.004486331721760847,0.11067916635113288,0.6045189923048019,-0.14814134515821933,0.18496999989151955,0.39,5.625,False,False,True,False,0.0,5.625000000000008,0.0,8.645955189765877,0.0320768119687469,-0.10347771725356507,0.0,-0.23,-0.5160335898399353,-0.08975271880626678,-0.23000000417232513,0.0
136.10832417960324,163.89167582039676,-4.161516487521941,303.2579786884562,8.706005451575187,0.027513702847358823,8.704004650941906,0.009303702226584692,0.7549554907741406,0.15406960548343565,-2.7013781113098023,-0.0041899495738844245,0.10713939056674963,0.6044499218463898,-0.1487738174945116,0.18496999989151955,0.39,5.7,False,False,True,False,0.0,5.700000000000008,0.0,8.60996441885349,0.03184781198813395,-0.12154835658521294,0.0,-0.23,-0.5183359384536743,-0.10782335698604584,-0.23000000417232513,0.0
136.76026671357005,163.23973328642995,-4.160573259069487,303.31411755928957,8.690221878535647,0.034336418566150995,8.688465654216987,0.015841327587717065,0.7420575436805914,0.13638791389004315,-2.701483223375146,-0.003890193732301054,0.10224390647498728,0.6043822354078293,-0.14943163618445396,0.18496999989151955,0.39,5.7749999999999995,False,False,True,False,0.0,5.775000000000008,0.0,8.574042170121821,0.03166598045341698,-0.14034318060113507,0.0,-0.23,-0.5205921530723572,-0.1266181766986847,-0.23000000417232513,0.0
137.41107285276667,162.58892714723333,-4.159142461492776,303.36928443896613,8.675138435818045,0.04125786180026553,8.673606072856035,0.022303871479407423,0.7290384531052643,0.11994225220909811,-2.7019256308253854,-0.0035876641325434345,0.09610223513194512,0.6043159508705139,-0.15011321783065795,0.18496999989151955,0.39,5.85,False,False,True,False,0.0,5.8500000000000085,0.0,8.538185330753647,0.03152956797964192,-0.15981693524660215,0.0,-0.23,-0.5228016376495361,-0.14609193801879883,-0.23000000417232513,0.0
138.0607916633093,161.9392083366907,-4.157230512057154,303.42347084084713,8.660703489250398,0.0482373256190789,8.659375064149163,0.028670453020652287,0.7159144587390918,0.10474942794415357,-2.7026940286382666,-0.0032829942171066716,0.08884397769039715,0.6042510771751404,-0.15081692218780518,0.18496999989151955,0.39,5.925,False,False,True,False,0.0,5.925000000000009,0.0,8.502390993097833,0.031436852458384304,-0.17992277098529869,0.0,-0.23,-0.5249640941619873,-0.1661977767944336,-0.23000000417232513,0.0
138.70946838254056,161.29053161745944,-4.154845357288661,303.47666950186294,8.646864849894884,0.05523307059255361,8.645721228074532,0.034921656139685814,0.7027012584153481,0.09082421113884499,-2.7037762590904695,-0.002976880003623091,0.08061631207369793,0.6041876196861267,-0.15154108084738255,0.18496999989151955,0.39,6.0,False,False,True,False,0.0,6.000000000000009,0.0,8.466656458517988,0.031386139725895074,-0.20061301916662316,0.0,-0.23,-0.5270793437957764,-0.18688802421092987,-0.23000000417232513,0.0
139.35714437498137,160.64285562501863,-4.151996307253992,303.52887430765895,8.63356982545186,0.06220287642295044,8.63259263606612,0.04103966351954391,0.6894140076069049,0.07817900840669464,-2.7051592066884886,-0.0026700426631604667,0.07158121994384226,0.6041255819797516,-0.1522840029746294,0.18496999989151955,0.39,6.075,False,False,True,False,0.0,6.075000000000009,0.0,8.43097923896027,0.031375763934269926,-0.22183937094186118,0.0,-0.23,-0.5291472673416138,-0.2081143707036972,-0.23000000417232513,0.0
140.0038570753095,159.9961429246905,-4.148693980315859,303.580080246998,8.620765308457388,0.06910460602495178,8.619936916302997,0.0470083731810919,0.676067318035908,0.06682368355506914,-2.7068287737239785,-0.0023632000930007,0.06191249014591773,0.6040649658441544,-0.15304397478699683,0.18496999989151955,0.39,6.1499999999999995,False,False,True,False,0.0,6.150000000000009,0.0,8.395357059376025,0.03140408985740285,-0.24355285140215557,0.0,-0.23,-0.5311678051948547,-0.2298278510570526,-0.23000000417232513,0.0
140.64963998319607,159.35036001680393,-4.144950111922555,303.6302833922905,8.608397873110873,0.07589677173621431,8.607701333582755,0.05281349474243278,0.6626752641756047,0.05676545015744748,-2.708769894120533,-0.002057059065444663,0.051792557116984356,0.6040057784318924,-0.1538192595541477,0.18496999989151955,0.39,6.225,False,False,True,False,0.0,6.225000000000009,0.0,8.359787860857978,0.03146951442575037,-0.26570384778541184,0.0,-0.23,-0.5331407189369202,-0.2519788444042206,-0.23000000417232513,0.0
141.29452262961988,158.70547737038012,-4.140777444127446,303.6794808572404,8.596413892151382,0.08253909166049933,8.5958329029178,0.058442623290234606,0.6492513667381195,0.04800877082604931,-2.7109665644442313,-0.0017523162300204875,0.04140923515155875,0.603948010802269,-0.15460810124874114,0.18496999989151955,0.39,6.3,False,False,True,False,0.0,6.30000000000001,0.0,8.324269800924217,0.03157046653021263,-0.288242190317545,0.0,-0.23,-0.5350663065910339,-0.2745171785354614,-0.23000000417232513,0.0
141.93853056132826,158.06146943867174,-4.136189598114023,303.72767073831346,8.58475965239103,0.08899302823914657,8.584278504680666,0.06388528990395313,0.6358085753478664,0.04055524795594741,-2.7134018843186913,-0.0014496589122582559,0.03095240693815173,0.603891657590866,-0.1554087297618389,0.18496999989151955,0.39,6.375,False,False,True,False,0.0,6.37500000000001,0.0,8.288801255370906,0.031705410274214335,-0.3111172692405171,0.0,-0.23,-0.5369447469711304,-0.2973922789096832,-0.23000000417232513,0.0
142.5816853330835,157.4183146669165,-4.13120086598876,303.77485208867756,8.57338146966244,0.09522230065437085,8.5729850034728,0.06913298718163864,0.6223592724359006,0.034403513807209005,-2.716058117026233,-0.001149764470520827,0.020610722326632632,0.603836715221405,-0.1562193603813648,0.18496999989151955,0.39,6.45,False,False,True,False,0.0,6.45000000000001,0.0,8.253380819126946,0.03187284880885215,-0.33427815108860087,0.0,-0.23,-0.538776159286499,-0.32055315375328064,-0.23000000417232513,0.0
143.22400452063135,156.77599547936865,-4.1258261385476676,303.8210248661517,8.56222580344464,0.10119336147996782,8.5618993704244,0.07417916981767073,0.6089152694599709,0.02954912762480057,-2.7189167700476182,-0.000853298104044168,0.010568365055446815,0.6037831747531891,-0.15703820422291756,0.18496999989151955,0.39,6.5249999999999995,False,False,True,False,0.0,6.52500000000001,0.0,8.218007306680407,0.03207132464736506,-0.35767369192307424,0.0,-0.23,-0.5405608415603638,-0.34394869208335876,-0.23000000417232513,0.0
143.8655017362763,156.1344982637237,-4.120080701320804,303.8661898908754,8.551239373618753,0.10687583003331863,8.550968811345744,0.07901923052488648,0.5954877980141106,0.025984488479436716,-2.721958692394073,-0.0005609103462215114,0.001001942054306504,0.6037310254573822,-0.15786346718668937,0.18496999989151955,0.39,6.6,False,False,True,False,0.0,6.60000000000001,0.0,8.182679751365276,0.03229942168025328,-0.38125264828745264,0.0,-0.23,-0.5422991514205933,-0.36752763390541077,-0.23000000417232513,0.0
144.50618662370843,155.49381337629157,-4.113980132593111,303.9103488062924,8.540369274208011,0.11224287566397989,8.540140889099165,0.0836504515893009,0.5820875025721206,0.023698763851253725,-2.725164189092113,-0.0002732350624729172,-0.00792245347605822,0.6036802548170089,-0.1586933572590351,0.18496999989151955,0.39,6.675,False,False,True,False,0.0,6.6750000000000105,0.0,8.147397404504805,0.032555767512045475,-0.40496378980639114,0.0,-0.23,-0.5439915060997009,-0.3912387788295746,-0.23000000417232513,0.0
145.14606492541742,154.85393507458258,-4.107540137696544,303.9535040400883,8.529563104528469,0.11727154492805777,8.529363680292018,0.08807193342659225,0.5687244339294337,0.02267783571991879,-2.728513152570176,9.112323422701037e-06,-0.016051957230939766,0.6036308467388153,-0.15952608555555342,0.18496999989151955,0.39,6.75,False,False,True,False,0.0,6.750000000000011,0.0,8.112159735696036,0.0328390355025734,-0.42875600863692115,0.0,-0.23,-0.5456384420394897,-0.4150310158729553,-0.23000000417232513,0.0
145.78513850603522,154.21486149396478,-4.100776425788486,303.99565872932635,8.518769072464515,0.12194302737694049,8.518585874846716,0.0922845006070458,0.5554080476373878,0.02290426407780461,-2.731985204878273,0.00028553620331613793,-0.023249383864320933,0.6035827887058258,-0.16035987049341202,0.18496999989151955,0.39,6.825,False,False,True,False,0.0,6.825000000000011,0.0,8.076966429102042,0.03314794672581839,-0.45257845077958203,0.0,-0.23,-0.5472403764724731,-0.4388534426689148,-0.23000000417232513,0.0
146.42340541456235,153.57659458543765,-4.093704578136188,304.0368167204815,8.507936136677383,0.1262428559556755,8.507756952317417,0.09629058820978248,0.5421472049911974,0.02435727008036211,-2.7355598547575166,0.00055546279561912,-0.029395373565406852,0.6035360628366471,-0.16119294613599777,0.18496999989151955,0.39,6.8999999999999995,False,False,True,False,0.0,6.900000000000011,0.0,8.041817382168063,0.033481272403722936,-0.4763806178898203,0.0,-0.23,-0.5487979054450989,-0.46265560388565063,-0.23000000417232513,0.0
147.060859923262,152.939140076738,-4.086339937644191,304.076982491325,8.497014117699798,0.13016103852475466,8.496827293307042,0.10009410940155496,0.5289501729587458,0.027012743079116393,-2.7392166598201713,0.0008183421081889025,-0.03439020251846378,0.6034906548261643,-0.16202356323599815,0.18496999989151955,0.39,6.975,False,False,True,False,0.0,6.975000000000011,0.0,8.00671270219907,0.033837833786610996,-0.5001125088870741,0.0,-0.23,-0.5503115057945251,-0.4863875210285187,-0.23000000417232513,0.0
147.697492644317,152.302507355683,-4.0786975153867,304.1161611118514,8.485953823913443,0.13369211845341133,8.485748316550575,0.10370030733623035,0.5158246142879543,0.03084327028244072,-2.742935396278116,0.0010736490253645842,-0.03815523109559675,0.6034465396404266,-0.16284999132156372,0.18496999989151955,0.39,7.05,False,False,True,False,0.0,7.050000000000011,0.0,7.97165270422059,0.034216504505200585,-0.5237247292628305,0.0,-0.23,-0.5517820119857788,-0.5099997520446777,-0.23000000417232513,0.0
148.33329057391003,151.66670942608997,-4.070791867388247,304.1543582248087,8.47470718598472,0.13683516509442079,8.47447263036483,0.10711559425947119,0.5027775913404363,0.0358181882954222,-2.7466962302812648,0.001320884650839717,-0.04063397022584609,0.6034037011861801,-0.16367052704095839,0.18496999989151955,0.39,7.125,False,False,True,False,0.0,7.1250000000000115,0.0,7.936637904562565,0.034616212929903564,-0.5471686213001489,0.0,-0.23,-0.5532099604606628,-0.5334436297416687,-0.23000000417232513,0.0
148.96823720110027,151.03176279889973,-4.062637035148081,304.1915799545204,8.463227375366007,0.13959369354821335,8.462954149836277,0.110347379230572,0.48981557850585644,0.04190365967902258,-2.750479890815651,0.001559578062277149,-0.0417927536498453,0.6033621215820313,-0.16448349833488463,0.18496999989151955,0.39,7.199999999999999,False,False,True,False,0.0,7.200000000000012,0.0,7.901669018434948,0.03503594229488739,-0.5703963982480923,0.0,-0.23,-0.554595947265625,-0.5566713809967041,-0.23000000417232513,0.0
149.60231262706884,150.39768737293116,-4.054246486165662,304.2278329069327,8.451468931509007,0.14197551490656318,8.451148228652787,0.11340388863590611,0.4769444575742818,0.049062775730213753,-2.7542678389726913,0.0017892879655994048,-0.041621008718480554,0.6033217757940292,-0.16528726965188978,0.18496999989151955,0.39,7.2749999999999995,False,False,True,False,0.0,7.275000000000012,0.0,7.866746953939486,0.035474731943684605,-0.5933612653019666,0.0,-0.23,-0.5559408068656921,-0.57963627576828,-0.23000000417232513,0.0
150.23549364030055,149.76450635969945,-4.045633028966723,304.2631241012623,8.439387883740348,0.1439925217457855,8.439011777368542,0.11629398202330325,0.4641695375570536,0.057255683780993535,-2.758042429338216,0.002009603080733565,-0.040131127432186796,0.6032826530933381,-0.16608023881912232,0.18496999989151955,0.39,7.35,False,False,True,False,0.0,7.350000000000012,0.0,7.831872805511214,0.035931677883105494,-0.6160175500665943,0.0,-0.23,-0.5572448968887329,-0.602292537689209,-0.23000000417232513,0.0
150.8677538695235,149.1322461304765,-4.036808787625321,304.29746093092626,8.426941878626817,0.14566041047237846,8.426503393158645,0.11902696631664708,0.45149555260791624,0.06643973475769277,-2.7617870645646336,0.002220143359221069,-0.037357944908984954,0.6032447230815887,-0.16686085373163223,0.18496999989151955,0.39,7.425,False,False,True,False,0.0,7.425000000000012,0.0,7.79704784978347,0.03640593245528482,-0.638320827795411,0.0,-0.23,-0.5585092306137085,-0.6245958209037781,-0.23000000417232513,0.0
151.49906389517156,148.50093610482844,-4.027785201776021,304.3308511245291,8.414090289320502,0.14699834781724447,8.413583454279408,0.12161241163615688,0.43892667420594844,0.07656965703438445,-2.765486331825642,0.002420561204988603,-0.03335783943958847,0.6032079732418061,-0.1676276060938835,0.18496999989151955,0.39,7.5,False,False,True,False,0.0,7.500000000000012,0.0,7.762273537176207,0.03689670575926216,-0.6602280547321677,0.0,-0.23,-0.5597342252731323,-0.6465030312538147,-0.23000000417232513,0.0
152.1293914101046,147.8706085898954,-4.018572962894825,304.3633027133028,8.400794334767134,0.1480285864920238,8.400214236409958,0.12405997125796359,0.4264665283077229,0.08759775066975406,-2.7691261298606626,0.002610542151875428,-0.02820747561127456,0.6031723803281784,-0.16837904393672942,0.18496999989151955,0.39,7.574999999999999,False,False,True,False,0.0,7.575000000000013,0.0,7.727551485765564,0.03740326535941348,-0.6816976811449605,0.0,-0.23,-0.5609206557273865,-0.6679726839065552,-0.23000000417232513,0.0
152.75870133625025,147.24129866374975,-4.009182061052109,304.394823962768,8.38701718369752,0.14877603691462454,8.386360002250266,0.12637920902602984,0.41411820557786533,0.09947410251306929,-2.7726937742350835,0.0027898053010073486,-0.022002215126689772,0.6031379264593124,-0.16911376744508744,0.18496999989151955,0.39,7.6499999999999995,False,False,True,False,0.0,7.650000000000013,0.0,7.6928834724442465,0.037924935203989235,-0.7026897780191369,0.0,-0.23,-0.5620691180229187,-0.6889647841453552,-0.23000000417232513,0.0
153.38695601383415,146.61304398616585,-3.9996217551895414,304.4254233662232,8.372724054727742,0.14926780340396434,8.371987089408565,0.1285794364786147,0.40188428796312214,0.11214681696022284,-2.7761780834956484,0.00295810350035066,-0.01485422788771682,0.6031045973300934,-0.16983043938875197,0.18496999989151955,0.39,7.725,False,False,True,False,0.0,7.725000000000013,0.0,7.658271426506236,0.03846109644761655,-0.7231661465892691,0.0,-0.23,-0.5631800889968872,-0.7094411253929138,-0.23000000417232513,0.0
154.01411531283435,145.98588468716565,-3.989900645367102,304.4551095731649,8.357882304793275,0.1495326915983547,8.357063983434742,0.130669562295168,0.3897668577740197,0.12556226348069163,-2.7795694428902715,0.0031152243184981534,-0.0068903387435181075,0.6030723696947098,-0.17052778929471968,0.18496999989151955,0.39,7.8,False,False,True,False,0.0,7.800000000000013,0.0,7.623717419239122,0.039011184457729775,-0.7430904284879192,0.0,-0.23,-0.5642543435096741,-0.7293654084205627,-0.23000000417232513,0.0
154.64013684294758,145.35986315705242,-3.980026655789586,304.4838913990484,8.342461517217608,0.14960069800229578,8.341561398463956,0.13265795676149764,0.377767526198575,0.13966533926070893,-2.782859843774588,0.0032609899218412402,0.0017503493413363895,0.603041234612465,-0.17120461136102677,0.18496999989151955,0.39,7.875,False,False,True,False,0.0,7.875000000000013,0.0,7.589223657794111,0.039574689872170096,-0.7624281983621676,0.0,-0.23,-0.5652921795845032,-0.7487031817436218,-0.23000000417232513,0.0
155.26497608577867,144.73502391422133,-3.9700071283014338,304.51177773416384,8.326433562734533,0.14950248886924367,8.325452314706608,0.13455233178827924,0.3658874610798559,0.15439973932856343,-2.7860429002874536,0.003395256704348192,0.01091901209320134,0.6030111759901047,-0.17185977280139922,0.18496999989151955,0.39,7.949999999999999,False,False,True,False,0.0,7.9500000000000135,0.0,7.554792473637883,0.040151154884719334,-0.7811470637360424,0.0,-0.23,-0.5662941336631775,-0.767422080039978,-0.23000000417232513,0.0
155.88858659443224,144.11141340556776,-3.9598488564014027,304.538777563178,8.309772665451765,0.1492688776821991,8.308712037538688,0.13635964005615459,0.35412739144181854,0.1697082338509612,-2.7891138385570047,0.003517914736072084,0.020459795797230385,0.602982172369957,-0.17249220967292786,0.18496999989151955,0.39,8.025,False,False,True,False,0.0,8.025000000000013,0.0,7.520426315282173,0.040740172645502004,-0.7992167340436628,0.0,-0.23,-0.5672609210014343,-0.7854917049407959,-0.23000000417232513,0.0
156.5109201568142,143.4890798431858,-3.949558123502387,304.5648999032778,8.292455447074202,0.14893031236051074,8.29131822806897,0.138085993245266,0.34248764171430934,0.1855329481768065,-2.792069459751497,0.0036288880676341334,0.030212594665659287,0.6029542165994645,-0.17310094356536865,0.18496999989151955,0.39,8.1,False,False,True,False,0.0,8.100000000000012,0.0,7.4861277373062265,0.041341386131642587,-0.8166090986733947,0.0,-0.23,-0.5681927800178528,-0.8028841018676758,-0.23000000417232513,0.0
157.1319269822554,142.8680730177446,-3.939140804930407,304.59015376514753,8.274460961589421,0.14851637933737702,8.273250926972194,0.1397366000391963,0.3309681664971234,0.20181564761624682,-2.794908083727375,0.0037281338531053535,0.04001586504675931,0.6029272961616516,-0.17368506491184232,0.18496999989151955,0.39,8.174999999999999,False,False,True,False,0.0,8.175000000000011,0.0,7.451899391375219,0.0419544858959483,-0.8332982795637144,0.0,-0.23,-0.5690901279449463,-0.8195732831954956,-0.23000000417232513,0.0
157.75155584666734,142.24844415333266,-3.928602410431548,304.6145481627209,8.255770717127268,0.1480553332756236,8.254492567051688,0.1413157254218792,0.31956857424733565,0.21849801501593372,-2.797629466380648,0.0038156410929881318,0.04970942950970335,0.6029014003276825,-0.1742437496781349,0.18496999989151955,0.39,8.25,False,False,True,False,0.0,8.25000000000001,0.0,7.417744015975953,0.04257920706591918,-0.8492606779072573,0.0,-0.23,-0.5699533224105835,-0.8355357050895691,-0.23000000417232513,0.0
158.36975432323294,141.63024567676706,-3.9179481819266666,304.63809206762835,8.236368684375336,0.14757366071814312,8.235027973922007,0.14282667084273531,0.3082881538419968,0.23552192391921475,-2.8002346944537986,0.003891429942961545,0.059137221460489324,0.602876518368721,-0.17477625101804733,0.18496999989151955,0.39,8.325,False,False,True,False,0.0,8.32500000000001,0.0,7.383664428433296,0.04321532620869291,-0.8644750065079951,0.0,-0.23,-0.5707827210426331,-0.8507500290870667,-0.23000000417232513,0.0
158.98646893274855,141.01353106725145,-3.9071831190224575,304.6607943831541,8.21624129257717,0.14709568556701083,8.214844355794407,0.14427177515302206,0.29712591221237067,0.25282970187500087,-2.802726061964454,0.003955550458183096,0.06814992381381613,0.6028526467084885,-0.17528190553188322,0.18496999989151955,0.39,8.4,False,False,True,False,0.0,8.40000000000001,0.0,7.349663512222189,0.043862659510109904,-0.8789223122672238,0.0,-0.23,-0.5715784430503845,-0.8651973009109497,-0.23000000417232513,0.0
159.60164531728256,140.39835468271744,-3.896312119251011,304.6826639214614,8.195377412489163,0.14664322140739197,8.193931281747474,0.1456524356888041,0.2860805946139993,0.27036438297532134,-2.8051069302823963,0.004008082067974806,0.07660745795243401,0.6028297710418701,-0.17576013535261154,0.18496999989151955,0.39,8.475,False,False,True,False,0.0,8.475000000000009,0.0,7.315744208698829,0.044521059039892584,-0.8925859829619742,0.0,-0.23,-0.5723409652709961,-0.8788610100746155,-0.23000000417232513,0.0
160.2152284294021,139.7847715705979,-3.885339982339589,304.70370940035036,8.17376832961355,0.14623527794540853,8.172280651556434,0.1469691490228972,0.2751507131450758,0.2880699472397355,-2.80738157195101,0.0040491313591577375,0.08438128178077385,0.6028078877925873,-0.176210435628891,0.18496999989151955,0.39,8.549999999999999,False,False,True,False,0.0,8.550000000000008,0.0,7.281909507549459,0.04519041100247732,-0.9054517408037547,0.0,-0.23,-0.5730704069137573,-0.8917267322540283,-0.23000000417232513,0.0
160.82716270324408,139.17283729675592,-3.874271507958813,304.72393941069686,8.151407704991234,0.14588782552619758,8.149886654182444,0.14822156940805464,0.2643345842726909,0.30589153791877916,-2.809555006154552,0.0040788306580708976,0.09135645912381853,0.602786991596222,-0.17663239121437072,0.18496999989151955,0.39,8.625,False,False,True,False,0.0,8.625000000000007,0.0,7.248162436382885,0.04587063241208003,-0.9175076305123491,0.0,-0.23,-0.5737669467926025,-0.9037826061248779,-0.23000000417232513,0.0
161.4373922229978,138.5626077770022,-3.863111563726803,304.74336241972514,8.128291525615055,0.1456136203211891,8.126745716839286,0.14940858387449996,0.2536303530521869,0.32377566388654855,-2.811632825574954,0.004097337261132926,0.09743346844806877,0.6027670753002167,-0.17702566415071486,0.18496999989151955,0.39,8.7,False,False,True,False,0.0,8.700000000000006,0.0,7.2145060513215755,0.046561667566371374,-0.9287439923535168,0.0,-0.23,-0.5744308233261108,-0.9150189757347107,-0.23000000417232513,0.0
162.04586088102354,137.95413911897646,-3.851865106471999,304.7619867449689,8.104418046893855,0.14542209357165206,8.10285644677577,0.15052840209004062,0.24303602833113497,0.3416703808321671,-2.8136210193300064,0.004104831399794085,0.10252972251810233,0.6027481389045716,-0.1773899957537651,0.18496999989151955,0.39,8.775,False,False,True,False,0.0,8.775000000000006,0.0,7.180943427735121,0.047263485041983244,-0.9391534233576675,0.0,-0.23,-0.5750620365142822,-0.9254284501075745,-0.23000000417232513,0.0
162.65251254374027,137.34748745625973,-3.8405372757316636,304.7798205510053,8.079787727471137,0.1453193044071234,8.07821956605307,0.15157865885840127,0.23254950189806178,0.3595254483156428,-2.8155257964000766,0.004101514070897013,0.10658077666306415,0.6027301716804504,-0.17772520035505293,0.18496999989151955,0.39,8.85,False,False,True,False,0.0,8.850000000000005,0.0,7.1474776515437055,0.04797607425119656,-0.9487307325505613,0.0,-0.23,-0.5756609439849854,-0.9350057244300842,-0.23000000417232513,0.0
163.2572912253008,136.7427087746992,-3.829133381023537,304.796871839711,8.054403155177923,0.14530795780499287,8.052837837788259,0.1525565273538416,0.22216858251936733,0.3772924623848109,-2.8173534098244097,0.004087606177435351,0.10954120864572048,0.6027131772041321,-0.1780311757326126,0.18496999989151955,0.39,8.924999999999999,False,False,True,False,0.0,8.925000000000004,0.0,7.114111810094285,0.048699443242074,-0.9574728892350578,0.0,-0.23,-0.5762274265289307,-0.943747878074646,-0.23000000417232513,0.0
163.86014119645495,136.13985880354505,-3.8176589698434635,304.8131484567689,8.028268967895368,0.1453874841293885,8.026715987701808,0.15345883997018375,0.21189101670333932,0.3949249691354082,-2.819109991290464,0.004063347351363532,0.1113851585015929,0.6026971447467804,-0.17830788850784302,0.18496999989151955,0.39,9.0,False,False,True,False,0.0,9.000000000000004,0.0,7.0808489826084555,0.04943361490634585,-0.9653789602145965,0.0,-0.23,-0.5767618417739868,-0.9516539573669434,-0.23000000417232513,0.0
164.46100718155236,135.53899281844764,-3.806119831936022,304.8286580558556,8.001391770599245,0.14555417952102298,7.9998606221073585,0.15428221533822964,0.20171451732437579,0.41237855252808353,-2.820801393032699,0.004028993667283837,0.11210652445270428,0.6026820778846741,-0.17855537623167037,0.18496999989151955,0.39,9.075,False,False,True,False,0.0,9.075000000000003,0.0,7.047692234194978,0.050178624292532725,-0.9724500389976632,0.0,-0.23,-0.5772640705108643,-0.9587250351905823,-0.23000000417232513,0.0
165.05983444926648,134.94016555073352,-3.7945220120517678,304.84340812468236,7.973780047738822,0.1458014018623827,7.972280141596597,0.15502318793822964,0.19163678779583238,0.42961089674252967,-2.8224330451467896,0.003984816172771808,0.11171881512506489,0.6026679694652557,-0.1787737452983856,0.18496999989151955,0.39,9.15,False,False,True,False,0.0,9.150000000000002,0.0,7.01464460501462,0.05093451624540654,-0.9786891782500569,0.0,-0.23,-0.5777343511581421,-0.9649641513824463,-0.23000000417232513,0.0
165.65656897071287,134.34343102928713,-3.7828718354591526,304.85740600780355,7.945444072130337,0.14611981819434916,7.943984651682544,0.1556783386975774,0.181655539755051,0.4465818268349997,-2.824009825917927,0.003931100077041513,0.11025466607209733,0.6026548177003861,-0.17896317094564437,0.18496999989151955,0.39,9.225,False,False,True,False,0.0,9.225000000000001,0.0,6.981709105290344,0.05170134172402946,-0.9841013101029348,0.0,-0.23,-0.5781727433204651,-0.9703763127326965,-0.23000000417232513,0.0
166.2511575335103,133.7488424664897,-3.771175848469473,304.87065883821924,7.916395813081389,0.14649769755685482,7.9149858732233085,0.15624442345370368,0.17176850675730798,0.4632533290184286,-2.825535951719774,0.0038681431183270666,0.1077650323630705,0.6026426136493683,-0.17912388682365415,0.18496999989151955,0.39,9.299999999999999,False,False,True,False,0.0,9.3,0.0,6.948888706610792,0.05247915499528748,-0.9886931653654621,0.0,-0.23,-0.5785795450210571,-0.9749681949615479,-0.23000000417232513,0.0
166.84354786360964,133.15645213639036,-3.759440839695723,304.88317360578003,7.886648843320621,0.14692124433075904,7.8852970521325485,0.15671849715982844,0.16197347954608762,0.47958954709731483,-2.827014886535548,0.0037962537245097346,0.10431807587869053,0.6026313644647598,-0.17925618708133698,0.18496999989151955,0.39,9.375,False,False,True,False,0.0,9.375,0.0,6.916186335656933,0.05326801404254578,-0.9924731911878022,0.0,-0.23,-0.5789545178413391,-0.9787482023239136,-0.23000000417232513,0.0
167.4336887393507,132.5663112606493,-3.747673818819512,304.894957131095,7.856218244455993,0.14737496187806573,7.854932868640104,0.15709803110206,0.1522683099855679,0.49555675951189393,-2.8284492744938343,0.0037157505749202645,0.0999977710403019,0.6026210540533066,-0.17936042636632918,0.18496999989151955,0.39,9.45,False,False,True,False,0.0,9.45,0.0,6.88360486750147,0.05406797428106859,-0.9954514683701321,0.0,-0.23,-0.579298198223114,-0.9817264676094055,-0.23000000417232513,0.0
168.02153008219634,131.97846991780366,-3.73588193586792,304.9060160655754,7.825120513433669,0.14784204150702873,7.823909348472602,0.15738102211137908,0.14265091501869914,0.5111233422989251,-2.8298408893275573,0.0036269617913772616,0.09490225705730296,0.6026116788387299,-0.17943701148033142,0.18496999989151955,0.39,9.525,False,False,True,False,0.0,9.524999999999999,0.0,6.851147119335711,0.05487908886888193,-0.9976396239704417,0.0,-0.23,-0.5796107053756714,-0.9839146137237549,-0.23000000417232513,0.0
168.60702307337633,131.39297692662367,-3.7240725067208915,304.9163569304592,7.793373470208165,0.1483047690835086,7.79224377600879,0.15756609029622673,0.13311930952741588,0.526259715250574,-2.831190611929864,0.003530223575655001,0.08914196662398303,0.6026032388210296,-0.17948640137910843,0.18496999989151955,0.39,9.6,False,False,True,False,0.0,9.599999999999998,0.0,6.818815845479201,0.05570140823049453,-0.9990507443717133,0.0,-0.23,-0.5798920392990112,-0.9853257536888123,-0.23000000417232513,0.0
169.19012023166476,130.80987976833524,-3.7122528983938072,304.9259860810316,7.760996168693098,0.14874493917440282,7.759954613481969,0.15765256452034235,0.1236716149684518,0.5409382737299289,-2.8324984306089633,0.003425879090035392,0.08283756874199612,0.6025957250595093,-0.17950910091400146,0.18496999989151955,0.39,9.674999999999999,False,False,True,False,0.0,9.674999999999997,0.0,6.786613730964302,0.05653497494293448,-0.9996992920925523,0.0,-0.23,-0.5801424980163574,-0.9859743118286133,-0.23000000417232513,0.0
169.7707754911483,130.2292245088517,-3.7004304908040058,304.93490974240785,7.728008802064666,0.1491442691498875,7.727061408141319,0.15764055416584602,0.11430604904311034,0.5551333078447753,-2.8337634580763535,0.0033142777102135325,0.07611776357111545,0.602589123249054,-0.17950566083192826,0.18496999989151955,0.39,9.75,False,False,True,False,0.0,9.749999999999996,0.0,6.754543387258438,0.05737982377283707,-0.9996010232545897,0.0,-0.23,-0.5803625583648682,-0.9858760237693787,-0.23000000417232513,0.0
170.3489443126908,129.6510556873092,-3.6886126597865294,304.9431340127867,7.694432625302661,0.14948480762387517,7.693584732789052,0.15753100632129619,0.10502094166280994,0.5688209149231955,-2.834983971767739,0.0031957747170335902,0.06911696759130839,0.602583429813385,-0.17947667568922043,0.18496999989151955,0.39,9.825,False,False,True,False,0.0,9.824999999999996,0.0,6.722607347986844,0.05823598184259117,-0.9987728986573954,0.0,-0.23,-0.580552339553833,-0.9850478768348694,-0.23000000417232513,0.0
170.9245837228308,129.0754162771692,-3.6768066368777945,304.9506648732281,7.660289865546602,0.14974932750271583,7.659546099483606,0.15732574592494664,0.09581475262186229,0.5819789056588843,-2.8361574767894777,0.003070730780572932,0.06197293078714687,0.6025786375999451,-0.1794227796792984,0.18496999989151955,0.39,9.9,False,False,True,False,0.0,9.899999999999995,0.0,6.690808062802006,0.05910346661686224,-0.9972330130665881,0.0,-0.23,-0.580712080001831,-0.9835079908370972,-0.23000000417232513,0.0
171.49765238895205,128.50234761104795,-3.66501952632024,304.95750817788075,7.625603644358593,0.14992169601485475,7.624967893897517,0.1570275000883377,0.08668605955536239,0.5945867065058796,-2.8372807845251833,0.0029395111962131734,0.05482432943415736,0.6025747287273407,-0.1793446424603462,0.18496999989151955,0.39,9.975,False,False,True,False,0.0,9.974999999999994,0.0,6.659147895244307,0.059982283488533336,-0.9950005087411492,0.0,-0.23,-0.5808423757553101,-0.9812754988670349,-0.23000000417232513,0.0
172.0681107074341,127.9318892925659,-3.6532581436058407,304.9636696930288,7.590397901950547,0.14998721739859283,7.589873310308559,0.15663990566963407,0.07763356599260665,0.6066252590174314,-2.8383501045584643,0.00280248510552151,0.04780837479010704,0.6025716978311538,-0.179242967069149,0.18496999989151955,0.39,10.049999999999999,False,False,True,False,0.0,10.049999999999994,0.0,6.627629118607637,0.0608724275169339,-0.9920955033585295,0.0,-0.23,-0.5809434056282043,-0.9783704876899719,-0.23000000417232513,0.0
172.63592082697875,127.36407917302125,-3.6415290452224136,304.96915509709925,7.554697324787602,0.14993294058299977,7.55428629014969,0.15616749955089013,0.06865610454894881,0.6180769191001425,-2.8393611538397208,0.0026600253046234357,0.041058478199152315,0.6025695288181305,-0.17911848992109297,0.18496999989151955,0.39,10.125,False,False,True,False,0.0,10.124999999999993,0.0,6.596253911091124,0.06177388129002306,-0.9885390206483802,0.0,-0.23,-0.5810157060623169,-0.9748139977455139,-0.23000000417232513,0.0
173.2010467186131,126.7989532813869,-3.62983838844069,304.97396996763564,7.518527277500267,0.14974792700012085,7.518231464862984,0.15561569289530844,0.05975262368559345,0.6289253608516064,-2.8403092736719135,0.002512508215794916,0.03470201292136231,0.6025682038068771,-0.17897197663784026,0.18496999989151955,0.39,10.2,False,False,True,False,0.0,10.199999999999992,0.0,6.565024354516169,0.06268661454114875,-0.9843529196621866,0.0,-0.23,-0.5810598731040955,-0.9706279039382935,-0.23000000417232513,0.0
173.76345422494484,126.23654577505516,-3.6181918930777215,304.9781198171072,7.481913739237622,0.14942347610140508,7.481734102340822,0.15499072913273138,0.050922207124085545,0.6391554855663494,-2.8411895561473086,0.002360313394297679,0.02885820813439057,0.6025677192211151,-0.17880421996116638,0.18496999989151955,0.39,10.275,False,False,True,False,0.0,10.274999999999991,0.0,6.533942430476279,0.06361058612865961,-0.9795598305923979,0.0,-0.23,-0.5810760259628296,-0.9658348560333252,-0.23000000417232513,0.0
174.32311111719488,125.67688888280512,-3.6065947905138103,304.9816101059232,7.444883244658001,0.14895330192502726,7.444820056894201,0.15429962664339755,0.042164059365708564,0.6487533360380869,-2.8419969782177708,0.0022038226901312714,0.023636210598061307,0.6025680482387543,-0.1786160334944725,0.18496999989151955,0.39,10.35,False,False,True,False,0.0,10.34999999999999,0.0,6.503010017628034,0.06454574063189376,-0.9741830948209926,0.0,-0.23,-0.5810650587081909,-0.9604580998420715,-0.23000000417232513,0.0
174.87998711594264,125.12001288405736,-3.5950517514599354,304.98444622288844,7.4074628316256055,0.14833366129455244,7.407515728621881,0.1535501083768533,0.03347749607712735,0.6577060184569333,-2.8427265321772675,0.0020434205234602294,0.019133344962584724,0.6025691783428192,-0.17840826004743576,0.18496999989151955,0.39,10.424999999999999,False,False,True,False,0.0,10.42499999999999,0.0,6.472228888554281,0.0654920096984187,-0.9682467107234577,0.0,-0.23,-0.5810273885726929,-0.9545217156410217,-0.23000000417232513,0.0
175.43405394038066,124.56594605961934,-3.583566851970264,304.9866335047468,7.36967998338972,0.14756343169694208,7.369848005496421,0.15275051745399607,0.024861962294658355,0.6660016366763846,-2.8433733607696423,0.001879493740451318,0.015433597382753197,0.6025710988044739,-0.1781817591190338,0.18496999989151955,0.39,10.5,False,False,True,False,0.0,10.49999999999999,0.0,6.441600708623155,0.06644931378409163,-0.96177528195553,0.0,-0.23,-0.5809633731842041,-0.9480502605438232,-0.23000000417232513,0.0
175.98528534979476,124.01471465020524,-3.572143518208277,304.9881772784961,7.331562591059085,0.14664413656510963,7.331844240431448,0.15190972263827346,0.01631701111565645,0.6736292374029313,-2.8439328901818977,0.001712431245574968,0.012606347946675778,0.6025737828016281,-0.17793741315603256,0.18496999989151955,0.39,10.575,False,False,True,False,0.0,10.574999999999989,0.0,6.4111270332790635,0.06741755938223684,-0.9547939626297542,0.0,-0.23,-0.5808739066123962,-0.9410689473152161,-0.23000000417232513,0.0
176.53365716171356,123.46634283828644,-3.560784488206775,304.98908281254626,7.293138901512104,0.14557992034094328,7.293532193834172,0.1510370140423867,0.007842288427852603,0.6805787670201001,-2.8444009507903694,0.0015426237002027438,0.010705368977612437,0.6025772106647491,-0.17767611920833587,0.18496999989151955,0.39,10.65,False,False,True,False,0.0,10.649999999999988,0.0,6.380809305761288,0.06839664031123835,-0.9473284228066476,0.0,-0.23,-0.5807596445083618,-0.9336034059524536,-0.23000000417232513,0.0
177.07914730116022,122.92085269883978,-3.5494918033750453,304.98935536554745,7.2544374867724075,0.14437747576814344,7.254940014117916,0.1501419913477375,-0.0005624537356538478,0.6868410412695901,-2.8447738961381774,0.0013704630390084062,0.009768101170414576,0.6025813698768616,-0.17739879310131074,0.18496999989151955,0.39,10.725,False,False,True,False,0.0,10.724999999999987,0.0,6.350648856105754,0.06938644101226997,-0.9394047980059446,0.0,-0.23,-0.5806210041046143,-0.9256798028945923,-0.23000000417232513,0.0
177.62173580584172,122.37826419415828,-3.5382667617592323,304.989000183145,7.215487198051935,0.14304592301678662,7.2160961831661385,0.14923444543162384,-0.008897360841579605,0.6924077268484231,-2.845048711223111,0.0011963421485759837,0.009815217941612215,0.6025862389802933,-0.1771063631772995,0.18496999989151955,0.39,10.799999999999999,False,False,True,False,0.0,10.799999999999986,0.0,6.320646898436188,0.07038683348185486,-0.9310496622582031,0.0,-0.23,-0.5804587006568909,-0.9173246622085571,-0.23000000417232513,0.0
178.16140486762143,121.83859513237857,-3.527109935043306,304.98802249795654,7.176317137250095,0.14159664535873473,7.177029493286296,0.14832423729023955,-0.01716248798260779,0.6972713374897692,-2.845223106184888,0.001020654735410061,0.010850481853577855,0.6025917983055115,-0.1767997744679451,0.18496999989151955,0.39,10.875,False,False,True,False,0.0,10.874999999999986,0.0,6.290804530678705,0.07139767780664014,-0.9222899830760782,0.0,-0.23,-0.5802733898162842,-0.9085649847984314,-0.23000000417232513,0.0
178.6981388402963,121.30186115970369,-3.516021164300804,304.9864275491195,7.136956620588718,0.14004308515915848,7.137769005206138,0.1474211746513882,-0.02535780402752591,0.7014252438249305,-2.845295596483446,0.0008437949899936213,0.012860890331613813,0.6025980281829834,-0.1764799824357033,0.18496999989151955,0.39,10.95,False,False,True,False,0.0,10.949999999999985,0.0,6.261122732280821,0.07241882361921687,-0.9131530954984536,0.0,-0.23,-0.5800657272338867,-0.8994280695915222,-0.23000000417232513,0.0
179.23192427848048,120.76807572151952,-3.504999543002639,304.98422056926074,7.097435146459687,0.13840050447702976,7.098344012976241,0.14653488912861104,-0.03348320227899085,0.7048636959333412,-2.8452655690456448,0.0006661574843978408,0.01581710482835779,0.6026049053668976,-0.17614795923233031,0.18496999989151955,0.39,11.025,False,False,True,False,0.0,11.024999999999984,0.0,6.231602363783703,0.07345011000971735,-0.9036666668250274,0.0,-0.23,-0.5798364877700806,-0.8899416923522949,-0.23000000417232513,0.0
179.76274994019326,120.23725005980674,-3.494043459508476,304.981406813788,7.057782364873872,0.1366857162222266,7.058784009577313,0.14567471565298326,-0.04153849672149561,0.7075818591879437,-2.8451333322502395,0.00048813598648668986,0.019674152127846165,0.6026124155521393,-0.17580467909574507,0.18496999989151955,0.39,11.1,False,False,True,False,0.0,11.099999999999984,0.0,6.202244164683574,0.07449136719565666,-0.8938586668073175,0.0,-0.23,-0.5795861482620239,-0.8801336884498596,-0.23000000417232513,0.0
180.29060678167139,119.70939321832861,-3.483150626809917,304.97799154136374,7.018028038710218,0.13491679001623802,7.01911863677722,0.14484957567487658,-0.0495234245515299,0.7095758554652533,-2.8449001495881454,0.00031012263326240315,0.024372382921795648,0.6026205372810364,-0.1754511308670044,0.18496999989151955,0.39,11.174999999999999,False,False,True,False,0.0,11.174999999999983,0.0,6.173048753289371,0.07554241519293953,-0.8837573396115277,0.0,-0.23,-0.5793154239654541,-0.8700323104858398,-0.23000000417232513,0.0
180.81548800661886,119.18451199338114,-3.4723180910341,304.97398005621835,6.978202016794288,0.1331127392022343,6.979377661391953,0.14406786733671598,-0.05743765920356107,0.7108428190378714,-2.844568254818034,0.00013250872409107382,0.02983866828549748,0.6026292490959168,-0.17508831590414048,0.18496999989151955,0.39,11.25,False,False,True,False,0.0,11.249999999999982,0.0,6.144016627008074,0.07660306470527152,-0.8733911664356199,0.0,-0.23,-0.5790250301361084,-0.8596661686897278,-0.23000000417232513,0.0
181.33738904805512,118.66261095194488,-3.46154229517834,304.9693776560616,6.93833419157791,0.13129319536090403,6.939590919694368,0.1433373626450282,-0.06528080927245376,0.7113809618076161,-2.8441408502080017,-4.4316900369429757e-05,0.03598780957134794,0.6026385349035263,-0.17471723347902296,0.18496999989151955,0.39,11.325,False,False,True,False,0.0,11.324999999999982,0.0,6.115148159635963,0.07767311741787679,-0.8627888397101433,0.0,-0.23,-0.5787155032157898,-0.8490638136863708,-0.23000000417232513,0.0
181.8563075760839,118.1436924239161,-3.4508191470967184,304.9641897037013,6.898454467849942,0.12947807628651195,6.899788287836425,0.14266511460098805,-0.07305242044875553,0.7111896407145631,-2.8436220904357037,-0.00021996876214099543,0.04272413593177253,0.6026483750343323,-0.17433889746665954,0.18496999989151955,0.39,11.4,False,False,True,False,0.0,11.39999999999998,0.0,6.086443602356969,0.07875236743084572,-0.8519792230216803,0.0,-0.23,-0.5783874988555908,-0.8382542133331299,-0.23000000417232513,0.0
182.3722435030772,117.62775649692281,-3.4401440237497485,304.9584215847208,6.858592710428833,0.12768725306384102,6.859999613971339,0.14205737444293204,-0.0807519779543078,0.7102694314527689,-2.8430170467633964,-0.0003940650848608006,0.04994325989663453,0.6026587533950806,-0.1739543217420578,0.18496999989151955,0.39,11.475,False,False,True,False,0.0,11.47499999999998,0.0,6.057903083315385,0.07984059934281099,-0.8409913220588386,0.0,-0.23,-0.5780415534973145,-0.8272663354873657,-0.23000000417232513,0.0
182.88519898107057,117.11480101892943,-3.4295118859300238,304.9520787042229,6.818778710771301,0.12594022294522292,6.8202546908129005,0.1415195217085223,-0.08837890922657515,0.7086222052774054,-2.842331659052549,-0.0005662294045233762,0.05753395910879527,0.6026696521043777,-0.17356452226638794,0.18496999989151955,0.39,11.549999999999999,False,False,True,False,0.0,11.54999999999998,0.0,6.029526607330755,0.0809375898128935,-0.8298542332677993,0.0,-0.23,-0.5776782631874084,-0.816129207611084,-0.23000000417232513,0.0
183.39517837583728,116.60482162416272,-3.4189173165013567,304.9451665584488,6.779042131094741,0.12425579303716913,6.780583189349443,0.14105600673075147,-0.09593258981849022,0.7062512039521546,-2.8415726709010047,-0.0007360907133926742,0.0653801507990257,0.6026810532808304,-0.17317052334547042,0.18496999989151955,0.39,11.625,False,False,True,False,0.0,11.624999999999979,0.0,6.001314056041118,0.08204310798050163,-0.8185971135392299,0.0,-0.23,-0.5772982239723206,-0.8048720955848694,-0.23000000417232513,0.0
183.90218829020858,116.09781170979142,-3.408354605383497,304.93769064687376,6.739412454151994,0.12265178123535464,6.741014607315791,0.14067030709301337,-0.1034123365375127,0.7031611180901327,-2.8407475540355436,-0.0009032843693034365,0.07336292364278084,0.6026929461956024,-0.1727733451128006,0.18496999989151955,0.39,11.7,False,False,True,False,0.0,11.699999999999978,0.0,5.9732651893289495,0.0831569140247543,-0.8072491231925768,0.0,-0.23,-0.5769017934799194,-0.7935241460800171,-0.23000000417232513,0.0
184.40623753036783,115.59376246963217,-3.397817821783291,304.9296565535915,6.699918932340668,0.12114473770364445,6.701578219576962,0.1403648986006217,-0.11081742360581344,0.6993581590003244,-2.839864422445538,-0.001067454162105064,0.08136259262350362,0.602705305814743,-0.17237400352954863,0.18496999989151955,0.39,11.775,False,False,True,False,0.0,11.774999999999977,0.0,5.945379644038528,0.0842787609782887,-0.7958393788520726,0.0,-0.23,-0.5764898061752319,-0.7821143865585327,-0.23000000417232513,0.0
184.90733707214497,115.09266292785503,-3.3873008821767305,304.9210699050095,6.660590519565228,0.11974969383954215,6.66230300009775,0.14014124068754652,-0.1181470715010729,0.6948501218824417,-2.838931932516448,-0.0012282528962341691,0.08926074113073454,0.6027181285619736,-0.17197351664304733,0.18496999989151955,0.39,11.85,False,False,True,False,0.0,11.849999999999977,0.0,5.917656935829769,0.08540839422495308,-0.7843969048351089,0.0,-0.23,-0.5760623812675476,-0.7706719040870667,-0.23000000417232513,0.0
185.405500053231,114.59449994676899,-3.3767976352902713,304.9119363860964,6.621455820237973,0.11847994056612157,6.623217581761738,0.13999977659920004,-0.1254004415789578,0.6896464469953302,-2.8379591833731235,-0.0013853431449754048,0.09694221512822898,0.6027313983440399,-0.17157289415597915,0.18496999989151955,0.39,11.924999999999999,False,False,True,False,0.0,11.924999999999976,0.0,5.8900964610320266,0.08654555142984323,-0.77295056432567,0.0,-0.23,-0.5756200551986694,-0.7592255473136902,-0.23000000417232513,0.0
185.90074175761734,114.09925824238266,-3.36630193008487,304.90226174039753,6.582543011625408,0.11734683911223126,6.584350165719453,0.13993994785566266,-0.13257664826886348,0.683758268624872,-2.8369556049072706,-0.0015383985699897742,0.1042970378838285,0.6027451008558273,-0.1711731395125389,0.18496999989151955,0.39,12.0,False,False,True,False,0.0,11.999999999999975,0.0,5.862697497072294,0.08768996140658337,-0.7615290094556293,0.0,-0.23,-0.5751633048057556,-0.7478039860725403,-0.23000000417232513,0.0
186.39307955596837,113.60692044403163,-3.3558076922334132,304.89205181236093,6.543879789384842,0.11635966860790689,6.545728480068131,0.13996022374231645,-0.13967475874253843,0.6771984557820593,-2.8359308453030088,-0.0016871050891485015,0.11122221179478065,0.6027592253684998,-0.17077524572610855,0.18496999989151955,0.39,12.075,False,False,True,False,0.0,12.074999999999974,0.0,5.835459203331046,0.08884134558033759,-0.7501606054343407,0.0,-0.23,-0.5746924877166748,-0.73643559217453,-0.23000000417232513,0.0
186.8825328848752,113.11746711512481,-3.3453090048515173,304.8813124822136,6.505493287680843,0.1155255108680566,6.507379689611724,0.14005814324159394,-0.14669379229261287,0.6699816376169053,-2.834894656160647,-0.001831162131250434,0.11762337825752434,0.6027737593650818,-0.17038019329309462,0.18496999989151955,0.39,12.15,False,False,True,False,0.0,12.149999999999974,0.0,5.80838062442174,0.08999941667827664,-0.7388733751413996,0.0,-0.23,-0.5742080211639404,-0.7251483798027039,-0.23000000417232513,0.0
187.36912318204583,112.63087681795417,-3.3348001637288505,304.87004972129625,6.467410012831998,0.11484917425930644,6.469330334134378,0.14023037037245023,-0.15363272305698936,0.6621242166819448,-2.8338567786460955,-0.0019702836996720887,0.12341630943460129,0.6027886921167374,-0.16998894810676574,0.18496999989151955,0.39,12.225,False,False,True,False,0.0,12.224999999999973,0.0,5.781460691331865,0.09116388060870506,-0.7276949206114793,0.0,-0.23,-0.5737102627754211,-0.7139699459075928,-0.23000000417232513,0.0
187.85287385778423,112.14712614221577,-3.324275745311756,304.85826957581094,6.429655776605513,0.1143331571459221,6.431606266192229,0.14047276103772657,-0.1604904746796787,0.6536443677842632,-2.8328268324032146,-0.0021041995519144457,0.12852820819559652,0.6028040164709091,-0.16960245728492737,0.18496999989151955,0.39,12.299999999999999,False,False,True,False,0.0,12.299999999999972,0.0,5.75469822498748,0.09233443512795109,-0.7166523552438624,0.0,-0.23,-0.573199450969696,-0.7029273509979248,-0.23000000417232513,0.0
188.3338102353624,111.66618976463761,-3.313730683180683,304.845978179811,6.392255616171696,0.1139776496847977,6.394232562810161,0.14078043968733114,-0.16726592179409439,0.6445620204712674,-2.8318142074759516,-0.00223265560755352,0.13289879673973676,0.602819721698761,-0.169221653342247,0.18496999989151955,0.39,12.375,False,False,True,False,0.0,12.374999999999972,0.0,5.728091937821867,0.09351076968723336,-0.7057722378874742,0.0,-0.23,-0.5726759433746338,-0.6920472383499146,-0.23000000417232513,0.0
188.81195947325637,111.18804052674363,-3.303160263792585,304.8331817487083,6.355233728133738,0.11378057372871428,6.357233463289214,0.14114788571438416,-0.17395789814137408,0.6348988300856471,-2.8308279622104737,-0.00235541494010647,0.1364811779462029,0.602835797071457,-0.1688474416732788,0.18496999989151955,0.39,12.45,False,False,True,False,0.0,12.44999999999997,0.0,5.701640437055069,0.09469256522096052,-0.6950804903317346,0.0,-0.23,-0.572140097618103,-0.6813554763793945,-0.23000000417232513,0.0
189.28735053662044,110.71264946337956,-3.292560236954621,304.8198865825284,6.318613404701926,0.11373765965145263,6.320632309508282,0.14156902739036664,-0.18056519547130814,0.6246781307770785,-2.8298767289315307,-0.002472258835704789,0.1392424571317574,0.6028522354364395,-0.16848070681095123,0.18496999989151955,0.39,12.525,False,False,True,False,0.0,12.52499999999997,0.0,5.6753422289709,0.09587949531571635,-0.6846023290430516,0.0,-0.23,-0.5715921521186829,-0.6708773374557495,-0.23000000417232513,0.0
189.76001408582385,110.23998591417615,-3.281926824310192,304.8060990919448,6.282416958120057,0.1138425568093096,6.284451460196455,0.1420373409901787,-0.1870865664551778,0.6139248721664453,-2.8289686271807573,-0.002582987610875539,0.14116411666744125,0.6028690260648727,-0.16812230199575423,0.18496999989151955,0.39,12.6,False,False,True,False,0.0,12.59999999999997,0.0,5.649195720485876,0.09707122598070507,-0.6743622018874598,0.0,-0.23,-0.5710324645042419,-0.6606371998786926,-0.23000000417232513,0.0
190.22998242460625,109.77001757539375,-3.271256732080605,304.79182574943343,6.246665660573036,0.11408697638495385,6.248712233543614,0.14254595475295923,-0.19352071504669038,0.6026655409005727,-2.828111187332332,-0.0026874210778837855,0.1422421404944399,0.6028861689567566,-0.167773055434227,0.18496999989151955,0.39,12.674999999999999,False,False,True,False,0.0,12.674999999999969,0.0,5.623199225279688,0.09826741521627687,-0.6643837080621199,0.0,-0.23,-0.5704610347747803,-0.6506587266921997,-0.23000000417232513,0.0
190.6972894119382,109.30271058806181,-3.2605472105429563,304.7770731641831,6.211379689315686,0.11446086087485516,6.213434856129928,0.14308775526277814,-0.1998663160018817,0.5909280693805083,-2.8273112857972214,-0.0027853991209733646,0.14248688977095997,0.6029036444425583,-0.1674337577819824,0.18496999989151955,0.39,12.75,False,False,True,False,0.0,12.749999999999968,0.0,5.5973509666466565,0.09946771332260002,-0.6546895360821474,0.0,-0.23,-0.5698785185813904,-0.6409645080566406,-0.23000000417232513,0.0
191.1619703894419,108.8380296105581,-3.249796045523989,304.76184802020134,6.1765780602807006,0.11495257923008384,6.178638385843164,0.14365549454276524,-0.2061220197838174,0.5787417283839356,-2.826575085467462,-0.0028767814968109363,0.14192273476139508,0.6029214489459992,-0.16710517466068267,0.18496999989151955,0.39,12.825,False,False,True,False,0.0,12.824999999999967,0.0,5.5716490823433995,0.10067176299473302,-0.6453014052142335,0.0,-0.23,-0.5692850351333618,-0.631576418876648,-0.23000000417232513,0.0
191.62406206992813,108.37593793007187,-3.2390015626370197,304.7461571121539,6.142278581649597,0.11554914264821217,6.144340668970655,0.1442418960324918,-0.2122864501712719,0.5661370116549304,-2.825907994872498,-0.002961448495527235,0.14058745097850392,0.6029395717382431,-0.1667880257964134,0.18496999989151955,0.39,12.9,False,False,True,False,0.0,12.899999999999967,0.0,5.546091628580696,0.10187920176801785,-0.6362399946936268,0.0,-0.23,-0.5686809420585632,-0.6225150227546692,-0.23000000417232513,0.0
192.083602462224,107.91639753777599,-3.2281626272737283,304.7300073355718,6.108497805939926,0.11623643725523652,6.11055828938269,0.14483975793913337,-0.21835819648137136,0.5531455029911853,-2.825314636688162,-0.003039301942209071,0.13853139501752218,0.6029580128192902,-0.16648299545049666,0.18496999989151955,0.39,12.975,False,False,True,False,0.0,12.974999999999966,0.0,5.520676586153953,0.10308966065593493,-0.6275248924866986,0.0,-0.23,-0.5680662393569946,-0.6137998700141907,-0.23000000417232513,0.0
192.54063077526325,107.45936922473675,-3.2172786445936783,304.7134056966347,6.075250986031223,0.11699946726916113,6.077306523391434,0.1454420520852498,-0.22433583346941735,0.5397997347215395,-2.824798827555013,-0.0031102637077735757,0.13581647668460173,0.6029767525196076,-0.16619073450565336,0.18496999989151955,0.39,13.049999999999999,False,False,True,False,0.0,13.049999999999965,0.0,5.49540186457768,0.10430276351060976,-0.6191745452466645,0.0,-0.23,-0.5674415826797485,-0.6054495573043823,-0.23000000417232513,0.0
192.9951873040333,107.0048126959667,-3.2063495467645304,304.6963593121768,6.0425520391996095,0.11782260713279274,6.044599302894464,0.14604201743618372,-0.23021792535306435,0.5261330424612759,-2.8243635668939246,-0.0031742762243469175,0.1325149471678954,0.6029957890510559,-0.1659118416905403,0.18496999989151955,0.39,13.125,False,False,True,False,0.0,13.124999999999964,0.0,5.470265307360521,0.10551812911728883,-0.6112062060862491,0.0,-0.23,-0.5668070316314697,-0.5974811911582947,-0.23000000417232513,0.0
193.44731333626163,106.55268666373837,-3.1953757547098705,304.678875396633,6.0104135162247525,0.11868985621478736,6.012449184149043,0.14663324586150592,-0.23600303479973972,0.5121794068412393,-2.824011041676286,-0.0032313026644395313,0.12870802577478024,0.6030151045322418,-0.16564688026905058,0.18496999989151955,0.39,13.2,False,False,True,False,0.0,13.199999999999964,0.0,5.4452646982781685,0.10673537167706344,-0.6036358933701348,0.0,-0.23,-0.566163182258606,-0.5899108648300171,-0.23000000417232513,0.0
193.89705106947181,106.10294893052819,-3.1843581356090667,304.6609612783527,5.978846575125727,0.11958509349021229,5.980867321675655,0.1472097596969379,-0.2416897159264459,0.49797329328018186,-2.8237426387466744,-0.003281325841975253,0.12448439166178588,0.6030347007513046,-0.16539636760950088,0.18496999989151955,0.39,13.275,False,False,True,False,0.0,13.274999999999963,0.0,5.4203977665056104,0.10795410227697953,-0.5964783550480212,0.0,-0.23,-0.5655099749565125,-0.5827533602714539,-0.23000000417232513,0.0
194.34444345026895,105.65555654973105,-3.1732980156270347,304.6426243995693,5.947860963017698,0.12049232552184158,5.949863451127015,0.14776607912066803,-0.24727652385004517,0.48354948787783464,-2.8235589712628566,-0.0033243485898180334,0.11993856777453257,0.6030545598268509,-0.1651607710123062,0.18496999989151955,0.39,13.35,False,False,True,False,0.0,13.349999999999962,0.0,5.39566219117905,0.10917392756059205,-0.5897470356306278,0.0,-0.23,-0.564848005771637,-0.5760220289230347,-0.23000000417232513,0.0
194.78953412250698,105.21046587749302,-3.1621970821790777,304.62387230666445,5.917465002955253,0.1213959254628664,5.919445877899956,0.1482972798247313,-0.25276203354556115,0.4689429291369409,-2.8234599087515044,-0.0033603930009544814,0.11516922722706996,0.6030746710300445,-0.16494051605463028,0.18496999989151955,0.39,13.424999999999999,False,False,True,False,0.0,13.424999999999962,0.0,5.371055610235207,0.11039445087492684,-0.5834540499621267,0.0,-0.23,-0.5641776323318481,-0.5697290301322937,-0.23000000417232513,0.0
195.23236729508747,104.76763270491253,-3.1510574009128827,304.6047126240919,5.8876655866164045,0.12228085937551278,5.889621472143115,0.14879903885413887,-0.2581448432745057,0.45418854275163195,-2.8234446187141433,-0.0033894992741803054,0.11027744966628084,0.6030950218439102,-0.16473598033189774,0.18496999989151955,0.39,13.5,False,False,True,False,0.0,13.499999999999961,0.0,5.346575623262116,0.11161527482553377,-0.5776101656950456,0.0,-0.23,-0.5634992718696594,-0.5638851523399353,-0.23000000417232513,0.0
195.67298764087656,104.32701235912344,-3.1398813137188717,304.5851531325429,5.858468174123564,0.12313289645196002,5.8603956714782095,0.14926766864649102,-0.26342357251305937,0.43932107857628305,-2.823511617436598,-0.0034117253315843216,0.10536495918308846,0.6031156051158905,-0.16454749345779418,0.18496999989151955,0.39,13.575,False,False,True,False,0.0,13.57499999999996,0.0,5.322219798770189,0.11283600247018319,-0.572224786394576,0.0,-0.23,-0.5628131628036499,-0.558499813079834,-0.23000000417232513,0.0
196.11144017746872,103.88855982253128,-3.1286714174716312,304.56520168426414,5.829876800826002,0.12393879895472698,5.831772491316756,0.1497001388757379,-0.26859687616758376,0.4243749494189907,-2.823658826994404,-0.0034271467073418117,0.10053237456838882,0.603136402964592,-0.16437533289194106,0.18496999989151955,0.39,13.65,False,False,True,False,0.0,13.64999999999996,0.0,5.29798567975179,0.11405623472527929,-0.5673059450349428,0.0,-0.23,-0.5621199011802673,-0.5535809397697449,-0.23000000417232513,0.0
196.54777017905715,103.45222982094285,-3.1174305300274217,304.54486623240655,5.801894088344457,0.12468649094788328,5.803754539716708,0.15009408626346676,-0.27366344771802675,0.4093840738942586,-2.8238836350213634,-0.0034358549567824904,0.0958775013300222,0.6031574082374572,-0.16421973645687102,0.18496999989151955,0.39,13.725,False,False,True,False,0.0,13.724999999999959,0.0,5.27387079023922,0.1152755746121859,-0.5628603040014648,0.0,-0.23,-0.5614197254180908,-0.5491353273391724,-0.23000000417232513,0.0
196.98202306238937,103.01797693761063,-3.106161596731327,304.5241548309814,5.774521263072934,0.12536520237835633,5.7763430399494045,0.1504478117117952,-0.2786220226290867,0.3943817304719103,-2.8241829627957666,-0.003437956902112008,0.09149369314466291,0.6031786066293716,-0.16408088564872741,0.18496999989151955,0.39,13.799999999999999,False,False,True,False,0.0,13.799999999999958,0.0,5.249872640151857,0.11649362675396677,-0.5588931581061652,0.0,-0.23,-0.5607131123542786,-0.5451681613922119,-0.23000000417232513,0.0
197.4142442856743,102.5857557143257,-3.0948676819079974,304.5030756153651,5.7477581806958185,0.12596558693352503,5.749537859221373,0.1507602660433402,-0.2834713980430818,0.379400416429348,-2.8245533344837503,-0.0034335739845541965,0.08746831112652324,0.6031999802589416,-0.1639589202404022,0.18496999989151955,0.39,13.875,False,False,True,False,0.0,13.874999999999957,0.0,5.2259887315685845,0.11770999778604876,-0.5554084453085737,0.0,-0.23,-0.5600006580352783,-0.5416834354400635,-0.23000000417232513,0.0
197.84447923453558,102.15552076546442,-3.0835518966143427,304.4816368348206,5.721603355334699,0.1264798142895424,5.72333754166446,0.15103102399761523,-0.2882104167929258,0.36447171875173445,-2.824990949186707,-0.0034228408741174953,0.08388130416532182,0.6032215291261673,-0.1638539320230484,0.18496999989151955,0.39,13.95,False,False,True,False,0.0,13.949999999999957,0.0,5.202216564287913,0.11892429930421666,-0.5524087643770136,0.0,-0.23,-0.5592823624610901,-0.5386837720870972,-0.23000000417232513,0.0
198.27277315721142,101.72722684278858,-3.0722173646395894,304.4598467971914,5.696053995658646,0.12690163191974924,5.697739348305594,0.1512602472937506,-0.29283799808088756,0.3496261957000441,-2.8254917573612537,-0.0034059048632600177,0.0808039342047239,0.6032432210445404,-0.16376596480607986,0.18496999989151955,0.39,14.025,False,False,True,False,0.0,14.024999999999956,0.0,5.178553642100543,0.12013614497053249,-0.549895394982391,0.0,-0.23,-0.5585592985153198,-0.5361704230308533,-0.23000000417232513,0.0
198.69917102976703,101.30082897023297,-3.060867184248576,304.43771390144093,5.671106045800818,0.12722640080760944,5.672739301204882,0.1514486387578398,-0.29735314578321037,0.33489326924161245,-2.8260515300269833,-0.003382925161430489,0.07829766609769341,0.603265050649643,-0.16369501650333404,0.18496999989151955,0.39,14.1,False,False,True,False,0.0,14.099999999999955,0.0,5.154997476353372,0.12134515585396441,-0.5478683290317946,0.0,-0.23,-0.5578316450119019,-0.534143328666687,-0.23000000417232513,0.0
199.1237174912965,100.8762825087035,-3.049504377185374,304.41524661485846,5.646754229745196,0.1274511033081234,5.648332230315806,0.1515973862312978,-0.30175492981972485,0.32030112992553555,-2.826665935866197,-0.0033540714392758545,0.07641323646646458,0.6032870072126388,-0.1636410453915596,0.18496999989151955,0.39,14.174999999999999,False,False,True,False,0.0,14.174999999999955,0.0,5.131545593362813,0.12255096045075738,-0.546326302760866,0.0,-0.23,-0.5570997595787048,-0.5326012969017029,-0.23000000417232513,0.0
199.546456760978,100.453543239022,-3.03813185042225,304.3924534698176,5.62299210097862,0.12757432248496714,5.624511825107113,0.15170809917033884,-0.3060424965440522,0.30587665817359333,-2.8273306145430723,-0.0033195227083493454,0.07518991839913801,0.6033090764284134,-0.1636039638519287,0.18496999989151955,0.39,14.25,False,False,True,False,0.0,14.249999999999954,0.0,5.108195537978692,0.12375319313261315,-0.5452668346450554,0.0,-0.23,-0.556364119052887,-0.5315418243408203,-0.23000000417232513,0.0
199.96743253179653,100.03256746820347,-3.0267523876498386,304.3693430670396,5.599812096390906,0.1275961950768336,5.601270689648731,0.15178273891253158,-0.3102150824914157,0.29164535839531297,-2.8280412445057066,-0.0032794666110770444,0.07465499093295624,0.6033312422037125,-0.16358364462852476,0.18496999989151955,0.39,14.325,False,False,True,False,0.0,14.324999999999953,0.0,5.08494487814621,0.12495149549075794,-0.5446862682491087,0.0,-0.23,-0.5556252598762512,-0.530961275100708,-0.23000000417232513,0.0
200.3866879031534,99.61331209684661,-3.015368602529586,304.34592405604326,5.577205593401279,0.12751833976892896,5.578600400065616,0.15182354378693247,-0.314272024290635,0.2776313072618419,-2.8287936078337594,-0.003234098603422677,0.07482341884030759,0.603353488445282,-0.16357991874217986,0.18496999989151955,0.39,14.399999999999999,False,False,True,False,0.0,14.399999999999952,0.0,5.061791210751191,0.12614551788778167,-0.5445798188618689,0.0,-0.23,-0.5548837184906006,-0.5308548212051392,-0.23000000417232513,0.0
200.80426531087596,99.19573468912404,-3.0039829556825355,304.32220512540334,5.555162969338766,0.1273437631184095,5.55649156331483,0.15183295029056892,-0.3182127496930712,0.26385711554143554,-2.829583652412889,-0.003183620982023612,0.07569774534396044,0.6033758080005646,-0.1635925817489624,0.18496999989151955,0.39,14.475,False,False,True,False,0.0,14.474999999999952,0.0,5.0387321653265635,0.12733492123357842,-0.5449416252815612,0.0,-0.23,-0.5541397333145142,-0.5312166213989258,-0.23000000417232513,0.0
201.22020644686617,98.77979355313383,-2.9925977079403587,304.2981950125086,5.533673662871575,0.12707674342430908,5.534933877303008,0.15181351176354924,-0.3220367843671909,0.25034390558821074,-2.8304075502510133,-0.0031282416131231503,0.07726819767723046,0.6033981829881668,-0.16362139374017715,0.18496999989151955,0.39,14.549999999999999,False,False,True,False,0.0,14.549999999999951,0.0,5.015765407901822,0.12851937620106826,-0.5457648034009914,0.0,-0.23,-0.5533939003944397,-0.5320398211479187,-0.23000000417232513,0.0
201.6345522046665,98.3654477953335,-2.9812149118411924,304.27390247425956,5.512726237986274,0.12672269660717636,5.513916192777071,0.15176781659202151,-0.32574375189650845,0.2371113032337923,-2.8312617471640573,-0.003068173558296799,0.07951300130314007,0.6034206062555313,-0.1636660772562027,0.18496999989151955,0.39,14.625,False,False,True,False,0.0,14.62499999999995,0.0,4.992888645422361,0.12969856374880534,-0.5470415006754604,0.0,-0.23,-0.5526464581489563,-0.5333164930343628,-0.23000000417232513,0.0
202.04734260687528,97.95265739312472,-2.9698364498636787,304.2493363294134,5.492308447974162,0.12628802573204329,5.493426574557894,0.1516984067281961,-0.32933337455641704,0.2241774409760405,-2.8321430082903976,-0.003003634076706648,0.08239889422565685,0.6034430634975433,-0.16372632771730422,0.18496999989151955,0.39,14.7,False,False,True,False,0.0,14.69999999999995,0.0,4.970099628743342,0.13087217599979428,-0.5487629563595255,0.0,-0.23,-0.5518978834152222,-0.5350379347801208,-0.23000000417232513,0.0
202.45861675330724,97.54138324669276,-2.9584640046775474,304.22450536414635,5.472407299718131,0.12577995715706453,5.473452362577662,0.15160769866148563,-0.3328054847359253,0.2115589767534563,-2.833048454761139,-0.002934843424874336,0.08588183082051686,0.6034655404090882,-0.16380180925130844,0.18496999989151955,0.39,14.774999999999999,False,False,True,False,0.0,14.774999999999949,0.0,4.94739615662186,0.1320399150643686,-0.5509195595057157,0.0,-0.23,-0.5511486530303955,-0.537194550037384,-0.23000000417232513,0.0
202.86841277173963,97.13158722826037,-2.947099084632884,304.1994183939455,5.453009118573475,0.12520636722356251,5.453980233009523,0.15149790779889957,-0.3361600213097981,0.19927112403076766,-2.8339755939463496,-0.0028620246963955423,0.08990786000639678,0.603488028049469,-0.16389215677976607,0.18496999989151955,0.39,14.85,False,False,True,False,0.0,14.849999999999948,0.0,4.924776078568102,0.13320149724392047,-0.5535009079997776,0.0,-0.23,-0.5503990650177002,-0.5397759079933167,-0.23000000417232513,0.0
203.27676776347295,96.72323223652705,-2.9357430619961558,304.1740842473164,5.4340996117467535,0.12457560248112495,5.434996257521047,0.15137097736195504,-0.3393970081002287,0.18732769056349372,-2.8349223440531968,-0.0027854034097240785,0.09441416113162532,0.603510526418686,-0.1639969801902771,0.18496999989151955,0.39,14.924999999999999,False,False,True,False,0.0,14.924999999999947,0.0,4.90223729755432,0.13435665073881056,-0.556495870411946,0.0,-0.23,-0.5496491193771362,-0.5427708625793457,-0.23000000417232513,0.0
203.68371776963585,96.31628223036415,-2.924397147451878,304.1485117267139,5.415663929816091,0.12389629374229683,5.416485960655229,0.15122851349204264,-0.34251657924110596,0.175741127462877,-2.835887049551914,-0.0027052062593477446,0.0993302194655155,0.6035330104827881,-0.16411586850881577,0.18496999989151955,0.39,15.0,False,False,True,False,0.0,14.999999999999947,0.0,4.879777773008988,0.13550511355253586,-0.5598926455572134,0.0,-0.23,-0.5488996505737305,-0.5461676716804504,-0.23000000417232513,0.0
204.08929772451924,95.91070227548076,-2.9130624538341503,304.12270963785886,5.397686727348081,0.1231771716960024,5.398434376125853,0.15107172813613093,-0.34551897126154024,0.16452258872871356,-2.836868483844498,-0.0026216610314131767,0.10457911837175497,0.6035554838180542,-0.16424838364124297,0.18496999989151955,0.39,15.075,False,False,True,False,0.0,15.074999999999946,0.0,4.8573955226700285,0.1366466377075164,-0.5636788196647581,0.0,-0.23,-0.5481505393981934,-0.549953818321228,-0.23000000417232513,0.0
204.49354142446668,95.50645857553332,-2.9017400343652193,304.09668676044066,5.3801522201687355,0.12242688400404847,5.38082609979838,0.15090138911060794,-0.34840451546599777,0.15368199438840136,-2.8378658517218542,-0.0025349960060867993,0.11007892389062433,0.6035779321193695,-0.16439407497644423,0.18496999989151955,0.39,15.149999999999999,False,False,True,False,0.0,15.149999999999945,0.0,4.8350886251514416,0.137780987415619,-0.5678414242594655,0.0,-0.23,-0.5474022626876831,-0.554116427898407,-0.23000000417232513,0.0
204.89648149158342,95.10351850841658,-2.8904308869006328,304.07045182532147,5.363044240229895,0.12165381823384028,5.36364534042792,0.15071777983401097,-0.35117363424396075,0.1432281023091368,-2.8388787790214867,-0.0024454394106455403,0.115744139291841,0.603600355386734,-0.1645524689555168,0.18496999989151955,0.39,15.225,False,False,True,False,0.0,15.224999999999945,0.0,4.812855221654332,0.13890793904269988,-0.572366990526577,0.0,-0.23,-0.5466548204421997,-0.5586419701576233,-0.23000000417232513,0.0
205.29814936076946,94.70185063923054,-2.8791360134153385,304.0440135568656,5.346346288516751,0.12086593234838935,5.346875969713448,0.150520668375297,-0.353826845984746,0.13316858199199,-2.839907296487139,-0.0023532190910615794,0.12148720281696929,0.603622739315033,-0.1647230815887451,0.18496999989151955,0.39,15.299999999999999,False,False,True,False,0.0,15.299999999999944,0.0,4.790693517962912,0.1400272813496312,-0.5772416010882744,0.0,-0.23,-0.5459086894989014,-0.5635166168212891,-0.23000000417232513,0.0
205.69857523824257,94.30142476175743,-2.8678564412446867,304.0173806273674,5.3300415788216835,0.1200705969961349,5.3305015570631555,0.15030928671347285,-0.3563647594773349,0.12351009204204225,-2.8409518128106592,-0.002258562581000374,0.1272200029862782,0.6036450839042664,-0.1649054080247879,0.18496999989151955,0.39,15.375,False,False,True,False,0.0,15.374999999999943,0.0,4.76860178515768,0.14113881481220172,-0.5824509415411949,0.0,-0.23,-0.5451638698577881,-0.5687259435653687,-0.23000000417232513,0.0
206.09778808338453,93.90221191661547,-2.8565933038155182,303.9905616570577,5.314113093768969,0.11927445164642159,5.314505433290577,0.1500823208310975,-0.3587880617291863,0.11425835551932224,-2.842013086384061,-0.0021616969010883106,0.13285538492791124,0.6036673855781555,-0.1650989371538162,0.18496999989151955,0.39,15.45,False,False,True,False,0.0,15.449999999999942,0.0,4.746578361896659,0.14224235231625815,-0.5879803420870254,0.0,-0.23,-0.5444204807281494,-0.5742553472518921,-0.23000000417232513,0.0
206.49581561652,93.50418438348001,-2.845347819401462,303.96356521083817,5.29854361416241,0.1184832752944413,5.298870704799687,0.14983791037195385,-0.36109752089494707,0.10541823689037387,-2.843092185393297,-0.0020628479855041263,0.13830862327942672,0.603689637184143,-0.16530314326286316,0.18496999989151955,0.39,15.524999999999999,False,False,True,False,0.0,15.524999999999942,0.0,4.724621655413851,0.14333771769577147,-0.5938148321572948,0.0,-0.23,-0.5436787605285645,-0.580089807510376,-0.23000000417232513,0.0
206.89268426187738,93.10731573812262,-2.8341213973444175,303.93639980806256,5.283315762500674,0.11770187589678047,5.28358030001662,0.14957365985266913,-0.36329398038819277,0.09699381711634694,-2.8441904436665513,-0.001962240355124049,0.14349883629971033,0.603711838722229,-0.16551749646663666,0.18496999989151955,0.39,15.6,False,False,True,False,0.0,15.599999999999941,0.0,4.702730141091401,0.14442474618224857,-0.5999391690420178,0.0,-0.23,-0.5429387092590332,-0.5862141847610474,-0.23000000417232513,0.0
207.28841917351247,92.71158082648753,-2.8229156210609516,303.90907386718936,5.268412041361536,0.11693399883548353,5.268617008043577,0.14928665973815508,-0.3653783527737544,0.08898846613236686,-2.8453094134119628,-0.0018600976948853591,0.14835031753864653,0.6037339866161346,-0.16574145019054412,0.18496999989151955,0.39,15.674999999999999,False,False,True,False,0.0,15.67499999999994,0.0,4.6809023655967446,0.1455032834047063,-0.6063378776141777,0.0,-0.23,-0.5422004461288452,-0.5926128625869751,-0.23000000417232513,0.0
207.6830442067864,92.3169557932136,-2.811732320274027,303.88159577089937,5.253814858928486,0.11618225584994685,5.253963496471568,0.14897351716090892,-0.3673516168659023,0.08140490657380332,-2.8464508106733417,-0.001756642544034469,0.15279376415092455,0.6037560790777207,-0.16597445994615553,0.18496999989151955,0.39,15.75,False,False,True,False,0.0,15.74999999999994,0.0,4.659136945456814,0.14657318631716965,-0.6129952912944925,0.0,-0.23,-0.5414640307426453,-0.5992702841758728,-0.23000000417232513,0.0
208.07658190799413,91.92341809200587,-2.8005736050047343,303.85397382376595,5.239506558668616,0.11544807562344972,5.239602340973483,0.14863039611907838,-0.3692148132746259,0.07424527636745516,-2.8476164587375665,-0.0016520957018688633,0.15676738131405984,0.6037781143188476,-0.16621597081422806,0.18496999989151955,0.39,15.825,False,False,True,False,0.0,15.824999999999939,0.0,4.637432568626748,0.1476343208969273,-0.6198955753898069,0.0,-0.23,-0.5407295227050781,-0.6061705946922302,-0.23000000417232513,0.0
208.46905353250725,91.53094646749275,-2.789441878321599,303.82621622621446,5.22546944653173,0.11473167669452375,5.225516051605934,0.14825306617005152,-0.37096903554975486,0.06751118281485581,-2.8488082298876023,-0.0015466770343041199,0.16021784572367076,0.603800094127655,-0.1664654216170311,0.18496999989151955,0.39,15.899999999999999,False,False,True,False,0.0,15.899999999999938,0.0,4.615787995060323,0.14868656287997645,-0.6270227550120304,0.0,-0.23,-0.539996862411499,-0.6132977604866028,-0.23000000417232513,0.0
208.86047899033622,91.13952100966378,-2.778339866078394,303.79833111035623,5.211685813923297,0.11403206243307137,5.211687094954621,0.14783695864933274,-0.37261542359160865,0.061203747509415374,-2.8500279855571344,-0.001440605031812408,0.16310111357321844,0.6038220185041427,-0.1667222511768341,0.18496999989151955,0.39,15.975,False,False,True,False,0.0,15.974999999999937,0.0,4.594202055712102,0.1497297974795369,-0.6343607448882367,0.0,-0.23,-0.539266049861908,-0.6206357479095459,-0.23000000417232513,0.0
209.25087690833644,90.74912309166356,-2.7672706636611255,303.77032652367825,5.198137957076211,0.11334703736549764,5.198097911044943,0.14737722957715615,-0.3741551738158805,0.05532364590849545,-2.851277514604459,-0.0013340965294567752,0.16538306111146045,0.6038438802957535,-0.16698589205741882,0.18496999989151955,0.39,16.05,False,False,True,False,0.0,16.049999999999937,0.0,4.572673655531508,0.15076391752030616,-0.6418933684554136,0.0,-0.23,-0.538537323474884,-0.6281683444976807,-0.23000000417232513,0.0
209.6402645783655,90.3597354216345,-2.7562377359823746,303.74221042256613,5.184808196961925,0.11267324659038322,5.184730933876368,0.14686882817612723,-0.37558951969424215,0.04987113795396232,-2.8525584729044584,-0.0012273665846191976,0.16703994798909175,0.6038656902313232,-0.16725577890872956,0.18496999989151955,0.39,16.125,False,False,True,False,0.0,16.124999999999936,0.0,4.551201770041496,0.15178882514755818,-0.6496043800936285,0.0,-0.23,-0.5378103256225586,-0.635879397392273,-0.23000000417232513,0.0
210.02865797802167,89.97134202197833,-2.7452449047362295,303.7139906462253,5.171678894432999,0.11200623416055297,5.171568602884643,0.14630656898029498,-0.37691973331883605,0.04484609016035618,-2.8538723278230096,-0.0011206291127974343,0.16805869807035012,0.6038874393701553,-0.16753133594989775,0.18496999989151955,0.39,16.2,False,False,True,False,0.0,16.199999999999935,0.0,4.529785448189897,0.15280442968632513,-0.6574774819412665,0.0,-0.23,-0.5370853543281555,-0.6437524557113647,-0.23000000417232513,0.0
210.416071775819,89.583928224181,-2.7342964333810253,303.68567498183484,5.158732468247726,0.11134052187403165,5.158593383623698,0.1456852079804391,-0.3781471223192021,0.04024798587478909,-2.8552203005414523,-0.0010140961635971366,0.16843699613869714,0.6039091348648071,-0.16781199783086775,0.18496999989151955,0.39,16.275,False,False,True,False,0.0,16.274999999999935,0.0,4.508423811208808,0.15381064861150182,-0.6654963414497854,0.0,-0.23,-0.5363621711730957,-0.6517713665962219,-0.23000000417232513,0.0
210.8025193208293,89.1974806791707,-2.7233969294087177,303.6572710668461,5.145951410797895,0.1106697051643063,5.145787783718898,0.1449995195617866,-0.3792730245601897,0.036075931732352684,-2.856603316245389,-0.0009079779731565903,0.16818319908402718,0.6039307731389999,-0.16809718668460846,0.18496999989151955,0.39,16.349999999999998,False,False,True,False,0.0,16.349999999999934,0.0,4.487116052329955,0.15480740522325917,-0.673644608244965,0.0,-0.23,-0.5356408953666687,-0.6599196195602417,-0.23000000417232513,0.0
211.18801265045016,88.81198734954984,-2.712551420829681,303.6287864769106,5.133318298494428,0.10998656529155718,5.1331343592556955,0.14424437406770582,-0.38029880240941283,0.03232865097117711,-2.858021956274305,-0.0008024831095923083,0.167316067117019,0.6039523595571518,-0.168386332988739,0.18496999989151955,0.39,16.425,False,False,True,False,0.0,16.424999999999933,0.0,4.465861437354389,0.1557946309418404,-0.6819059293898201,0.0,-0.23,-0.5349213480949402,-0.6681809425354004,-0.23000000417232513,0.0
211.57256251114887,88.42743748885113,-2.7017652966874577,303.6002286574835,5.120815812113224,0.10928319495957498,5.120615742254201,0.14341481460114866,-0.38122584351961286,0.029004471920029255,-2.859476418376992,-0.0006978177787350132,0.1658643207858054,0.603973890542984,-0.16867886304855345,0.18496999989151955,0.39,16.5,False,False,True,False,0.0,16.499999999999932,0.0,4.444659304225241,0.15677226198181182,-0.6902639604883718,0.0,-0.23,-0.5342036485671997,-0.6765389442443848,-0.23000000417232513,0.0
211.95617832994645,88.04382167005355,-2.691044328301188,303.57160497920904,5.108426748134833,0.10855113549123688,5.108214650248599,0.1425061313636132,-0.38205556174419975,0.02610130893046661,-2.8609664805478907,-0.0005941854378808745,0.16386603394421226,0.6039953678846359,-0.16897420942783356,0.18496999989151955,0.39,16.575,False,False,True,False,0.0,16.574999999999932,0.0,4.423509061886812,0.15774024149784818,-0.6987023857838819,0.0,-0.23,-0.5334877371788025,-0.6849774122238159,-0.23000000417232513,0.0
212.33886825590005,87.66113174409995,-2.6803945927861856,303.54292266625407,5.096134031066837,0.1077815229895576,5.095913896863138,0.1415139321913403,-0.3827893941939656,0.023616637882769895,-2.862491473491648,-0.0004917870782078224,0.16136787431751146,0.6040167897939682,-0.16927179843187332,0.18496999989151955,0.39,16.65,False,False,True,False,0.0,16.64999999999993,0.0,4.402410191852945,0.15869851803303273,-0.7072049271576498,0.0,-0.23,-0.5327736735343933,-0.6934799551963806,-0.23000000417232513,0.0
212.72063914713667,87.27936085286333,-2.669822528290936,303.514188874487,5.083920735919225,0.10696524149305486,5.083696422959373,0.1404342090827866,-0.3834287955210857,0.021547461954725382,-2.8640502611902714,-0.0003908212302040436,0.15842420736727233,0.6040381598472595,-0.16957106262445448,0.18496999989151955,0.39,16.724999999999998,False,False,True,False,0.0,16.72499999999993,0.0,4.381362245925497,0.15964704731565374,-0.7157553592977558,0.0,-0.23,-0.5320613384246826,-0.7020303606987,-0.23000000417232513,0.0
213.10149660196961,86.89850339803039,-2.6593348320218895,303.48541062306776,5.071770100467251,0.10609307923098638,5.071545308167097,0.13926339811057697,-0.38397523390225957,0.01989027500920958,-2.8656412286464126,-0.0002914826876354523,0.15509607995226296,0.6040594780445099,-0.16987143874168395,0.18496999989151955,0.39,16.8,False,False,True,False,0.0,16.79999999999993,0.0,4.360364846907483,0.16058578922792058,-0.7243375314721499,0.0,-0.23,-0.5313507318496704,-0.7106125354766846,-0.23000000417232513,0.0
213.481444930388,86.518555069612,-2.648938434745702,303.4565948237987,5.059665540409219,0.10515588534826417,5.059443785934198,0.13799843289952235,-0.38443020372662495,0.01864102368444114,-2.867262276788667,-0.0001939622977836746,0.15145010320452018,0.6040807372331619,-0.17017236351966858,0.18496999989151955,0.39,16.875,False,False,True,False,0.0,16.87499999999993,0.0,4.339417686891672,0.1615147093762382,-0.7329353789508506,0.0,-0.23,-0.5306420922279358,-0.7192103862762451,-0.23000000417232513,0.0
213.8604872136756,86.13951278632439,-2.6386405050448505,303.4277482875823,5.047590675423162,0.1041447265473571,5.047375279457957,0.13663679101199844,-0.38479521292491015,0.01779506479933931,-2.8689108268091075,-9.844706450106309e-05,0.14755725406237713,0.6041019463539123,-0.17047327786684036,0.18496999989151955,0.39,16.95,False,False,True,False,0.0,16.94999999999993,0.0,4.31852052882866,0.1624337797332341,-0.7415329361761256,0.0,-0.23,-0.5299351215362549,-0.7278079390525818,-0.23000000417232513,0.0
214.23862529405008,85.76137470594992,-2.628448377081665,303.3988777049185,5.035529346302431,0.10305103789381279,5.035323419043185,0.13517653105851235,-0.3850717866842772,0.017347120454458322,-2.8705838345655503,-5.119592742302474e-06,0.14349161722109152,0.6041230964660644,-0.17077362686395645,0.18496999989151955,0.39,17.025,False,False,True,False,0.0,17.024999999999928,0.0,4.297673203247841,0.1633429769235205,-0.7501143663043232,0.0,-0.23,-0.5292301177978516,-0.7363893389701843,-0.23000000417232513,0.0
214.6158597850374,85.3841402149626,-2.6183694996101567,303.3699896394037,5.023465633697009,0.10186676742549691,5.023272061890847,0.1336163215537567,-0.38526146932117433,0.0172912344970052,-2.872277808511096,8.584294903172134e-05,0.13932909048017494,0.6041441911458969,-0.17107286393642424,0.18496999989151955,0.39,17.099999999999998,False,False,True,False,0.0,17.099999999999927,0.0,4.276875608827246,0.16424228325455814,-0.7586639766606693,0.0,-0.23,-0.5285269618034363,-0.7449389696121216,-0.23000000417232513,0.0
214.99219011295142,85.00780988704858,-2.6084113849912525,303.3410905602632,5.011383889075152,0.1005845113620717,5.011205333495099,0.1319554604742343,-0.38536582461544916,0.017620731432723812,-2.8739888405327503,0.00017426883845704695,0.1351460746178575,0.6041652250289917,-0.17137044250965117,0.18496999989151955,0.39,17.175,False,False,True,False,0.0,17.174999999999926,0.0,4.256127711822943,0.1651316871364304,-0.7671662359760029,0.0,-0.23,-0.5278258323669434,-0.7534412145614624,-0.23000000417232513,0.0
215.36761451430348,84.63238548569652,-2.598581596445184,303.31218680655047,4.999268755795413,0.09919763774093074,4.999107648365729,0.1301938851481728,-0.38538644029296953,0.01832817475933728,-2.875712640573501,0.00025999238200532214,0.13101817148184164,0.6041861963272095,-0.17166582852602005,0.18496999989151955,0.39,17.25,False,False,True,False,0.0,17.249999999999925,0.0,4.235429543787672,0.16601118214595842,-0.7756058076105659,0.0,-0.23,-0.5271267890930176,-0.7618808150291443,-0.23000000417232513,0.0
215.74213007728548,84.25786992271452,-2.588887667322966,303.28328460017156,4.987105197772989,0.09770039709239017,4.986963743998753,0.12833217249685133,-0.3853249189442408,0.0194053309763258,-2.8774445801300543,0.0003428544247585002,0.1270189113365535,0.6042071068286896,-0.17195849001407623,0.18496999989151955,0.39,17.325,False,False,True,False,0.0,17.324999999999925,0.0,4.214781201713309,0.1668807686386422,-0.7839675693180935,0.0,-0.23,-0.5264297723770142,-0.7702425718307495,-0.23000000417232513,0.0
216.1157327573274,83.88426724267259,-2.5793370586170052,303.25439003611746,4.974878528467049,0.09608801707258849,4.974758713585227,0.12637152979181215,-0.3851828856688265,0.020843136195632016,-2.8791797420802965,0.0004227028478709974,0.12321853179077259,0.6042279493808747,-0.1722479075193405,0.18496999989151955,0.39,17.4,False,False,True,False,0.0,17.399999999999924,0.0,4.194182845749299,0.16774045226816225,-0.7922366431741731,0.0,-0.23,-0.5257350206375122,-0.778511643409729,-0.23000000417232513,0.0
216.4884173978365,83.51158260216349,-2.569937141966938,303.2255090824683,4.962574442057281,0.09435678068466827,4.962478041630771,0.12431377647062138,-0.38496199589895563,0.022631670484861716,-2.8809129734789023,0.0004993935057916194,0.11968282803001505,0.604248720407486,-0.17253356993198393,0.18496999989151955,0.39,17.474999999999998,False,False,True,False,0.0,17.474999999999923,0.0,4.1736346983469925,0.1685902451967355,-0.8003984244243146,0.0,-0.23,-0.5250426530838013,-0.7866734266281128,-0.23000000417232513,0.0
216.86017778205175,83.13982221794825,-2.560695093437585,303.1966476064308,4.950179041641023,0.09250408707210794,4.950107631267629,0.12216131655241769,-0.3846639268516178,0.02476013859920909,-2.882638944633681,0.0005727904662775867,0.11647209212864569,0.6042694199085236,-0.17281497657299041,0.18496999989151955,0.39,17.55,False,False,True,False,0.0,17.549999999999923,0.0,4.153137043118992,0.1694301670338255,-0.8084386119267053,0.0,-0.23,-0.5243526697158813,-0.7947136163711548,-0.23000000417232513,0.0
217.23100664859362,82.76899335140638,-2.551617923264409,303.1678113352791,4.937678878302506,0.09052849347213626,4.937633851894982,0.1199171031604854,-0.3842903745265922,0.027216857316505545,-2.8843522139225306,0.0006427665211576116,0.11364015939231162,0.6042900460958481,-0.1730916392803192,0.18496999989151955,0.39,17.625,False,False,True,False,0.0,17.624999999999922,0.0,4.132690221987154,0.17026024302926968,-0.8163432387213141,0.0,-0.23,-0.5236651301383972,-0.8026182651519775,-0.23000000417232513,0.0
217.6008957329501,82.39910426704989,-2.542712369630336,303.13900584984367,4.925060982494109,0.08842973706287488,4.9250435694415975,0.11758459519235112,-0.38384306677665203,0.02998925102827542,-2.886047291644205,0.0007092035509026202,0.1112335768212327,0.6043105900287629,-0.17336308032274245,0.18496999989151955,0.39,17.7,False,False,True,False,0.0,17.69999999999992,0.0,4.112294634327351,0.1710805048848177,-0.82409871093284,0.0,-0.23,-0.5229803323745728,-0.8103737235069275,-0.23000000417232513,0.0
217.96983579598646,82.03016420401354,-2.5339849326617405,303.1102366170717,4.91231289540713,0.08620873837856072,4.912324175882998,0.11516770722661852,-0.38332375818073416,0.03306385529021578,-2.887718704358449,0.0007719931097802023,0.10929090542260753,0.6043310534954071,-0.1736288386583328,0.18496999989151955,0.39,17.775,False,False,True,False,0.0,17.77499999999992,0.0,4.091950734687744,0.1718909925178881,-0.83169184070456,0.0,-0.23,-0.5222982168197632,-0.8179668188095093,-0.23000000417232513,0.0
218.3378166939466,81.66218330605341,-2.525441755461057,303.08150899000657,4.899422709633667,0.08386758499059627,4.89946363671667,0.11267075356164981,-0.3827342307191308,0.03642633118414459,-2.889361064145917,0.0008310373538667272,0.10784216646466945,0.6043514293432236,-0.1738884699344635,0.18496999989151955,0.39,17.849999999999998,False,False,True,False,0.0,17.84999999999992,0.0,4.071659031220745,0.17269175246953777,-0.8391098779668248,0.0,-0.23,-0.5216190218925476,-0.8253848552703857,-0.23000000417232513,0.0
218.70482738881486,81.29517261118514,-2.51708868359543,303.05282814922657,4.886379101216265,0.08140949619062512,4.886450519653926,0.11009838723015815,-0.382076299490097,0.040061490142894174,-2.8909691333237877,0.0008862492116310227,0.10690844004463133,0.6043717139959335,-0.17414154440164564,0.18496999989151955,0.39,17.925,False,False,True,False,0.0,17.92499999999992,0.0,4.051420081832937,0.17348283798609865,-0.8463405530929963,0.0,-0.23,-0.5209428668022156,-0.8326155543327332,-0.23000000417232513,0.0
219.07085601831267,80.92914398168733,-2.5089311886204095,303.024199154896,4.873171361884869,0.0788387701602882,4.873274023277649,0.10745553490035675,-0.3813518033932821,0.04395332607205639,-2.892537888296791,0.0009375521680842801,0.10650162010228846,0.604391907453537,-0.174387648999691,0.18496999989151955,0.39,18.0,False,False,True,False,0.0,17.99999999999992,0.0,4.031234493615183,0.17426431146201452,-0.8533721091778205,0.0,-0.23,-0.5202697515487671,-0.839647114276886,-0.23000000417232513,0.0
219.43588992700563,80.56411007299437,-2.500974355336028,302.9956269435379,4.859789438446489,0.07616071327698215,4.859924020964272,0.10474732950678654,-0.3805626193555318,0.048085055922739414,-2.894062581294167,0.000984880849032356,0.10662432898177038,0.6044119971990586,-0.17462639153003692,0.18496999989151955,0.39,18.075,False,False,True,False,0.0,18.074999999999918,0.0,4.011102918992803,0.175036241760314,-0.8601933385558974,0.0,-0.23,-0.5196000933647156,-0.8464683294296265,-0.23000000417232513,0.0
219.79991573110587,80.20008426889413,-2.4932228945412023,302.9671162824525,4.846223960138007,0.07338155545912606,4.846391082291776,0.10197904079229549,-0.37971063979846365,0.052439171858097725,-2.8955387951423677,0.001028181851406512,0.10726999005217902,0.6044319957494736,-0.17485740274190903,0.18496999989151955,0.39,18.15,False,False,True,False,0.0,18.149999999999917,0.0,3.9910260540146902,0.1757987060165268,-0.8667936227337341,0.0,-0.23,-0.5189334750175476,-0.8530686497688293,-0.23000000417232513,0.0
220.16291936772674,79.83708063227326,-2.4856811090462476,302.9386718152705,4.83246627143302,0.07050834933416661,4.832666504660144,0.0991560050998364,-0.3787977853051807,0.05699750291421455,-2.896962498889429,0.001067413245984672,0.10842305578857458,0.6044518852233887,-0.1750803279876709,0.18496999989151955,0.39,18.224999999999998,False,False,True,False,0.0,18.224999999999916,0.0,3.971004634789177,0.17655178830224122,-0.8731629616460166,0.0,-0.23,-0.5182704925537109,-0.8594379425048828,-0.23000000417232513,0.0
220.524886149315,79.475113850685,-2.4783529191734797,302.9102980392104,4.818508459285698,0.06754885880409045,4.818742337568806,0.09628355681097764,-0.37782600670486033,0.0617412825706112,-2.89833008919647,0.0011025453152916425,0.11005938648947601,0.6044716709852218,-0.1752948459982872,0.18496999989151955,0.39,18.3,False,False,True,False,0.0,18.299999999999915,0.0,3.951039434775029,0.17729557977850724,-0.8792920101660218,0.0,-0.23,-0.5176109671592712,-0.8655670285224915,-0.23000000417232513,0.0
220.88580081809218,79.11419918190782,-2.4712418075247475,302.8819992920121,4.804343379591774,0.06451143714803936,4.804611406416869,0.09336696047132938,-0.37679727438986244,0.06665122803650783,-2.899638432105319,0.0011335602536582052,0.11214676865445143,0.6044913476705551,-0.17550064802169799,0.18496999989151955,0.39,18.375,False,False,True,False,0.0,18.374999999999915,0.0,3.9311312617876752,0.178030179628272,-0.8851721068674394,0.0,-0.23,-0.5169550776481628,-0.8714470863342285,-0.23000000417232513,0.0
221.24564761084898,78.75435238915102,-2.4643509039706846,302.85377977475764,4.789964679488814,0.061404896907487794,4.790267331601275,0.09041134649333635,-0.3757135874769929,0.07170762196382274,-2.900884894345326,0.0011604522235873138,0.11464556542459833,0.6045109099149704,-0.175697460770607,0.18496999989151955,0.39,18.45,False,False,True,False,0.0,18.449999999999914,0.0,3.9112809550049303,0.1787556941664206,-0.8907953040795276,0.0,-0.23,-0.5163030028343201,-0.8770703077316284,-0.23000000417232513,0.0
221.60441032375329,78.39558967624671,-2.457682947415814,302.8256435323269,4.775366816653417,0.05823837488719552,4.775704545204581,0.08742165039020225,-0.3745769637018161,0.07689040439729297,-2.902067366727298,0.0011832275630674453,0.11750948445887317,0.604530359506607,-0.175885029733181,0.18496999989151955,0.39,18.525,False,False,True,False,0.0,18.524999999999913,0.0,3.8914893814033062,0.17947223725450995,-0.8961543936383332,0.0,-0.23,-0.5156546831130981,-0.8824294209480286,-0.23000000417232513,0.0
221.9620723590045,78.03792764099549,-2.4512403240456173,302.7975944501386,4.7605450741394755,0.055021193784788924,4.760918301522425,0.08440255655941051,-0.37338942868247255,0.08217926644640293,-2.903184281650393,0.00120190378362263,0.12068644965087508,0.6045496964454651,-0.1760631275177002,0.18496999989151955,0.39,18.599999999999998,False,False,True,False,0.0,18.599999999999913,0.0,3.8717574321935695,0.1801799296744103,-0.9012429293337125,0.0,-0.23,-0.5150101184844971,-0.8875179290771484,-0.23000000417232513,0.0
222.318616789639,77.68138321036099,-2.4450250545862957,302.76963629322745,4.745495575470041,0.051762722217672946,4.745904694043749,0.08135844821405835,-0.37215302937005,0.08755374767540251,-2.90423462026439,0.0012165101582064827,0.12411956140779279,0.6045689117908478,-0.17623155802488327,0.18496999989151955,0.39,18.675,False,False,True,False,0.0,18.674999999999912,0.0,3.852086020254752,0.1808788979377386,-0.9060552463174782,0.0,-0.23,-0.5143696069717407,-0.8923302292823792,-0.23000000417232513,0.0
222.67402643728468,77.32597356271532,-2.4390388835445362,302.7417726248473,4.730215284826642,0.04847223774943993,4.730660647002282,0.07829336319556394,-0.37086981578034917,0.09299333974021207,-2.905217909056168,0.0012270877758450616,0.1277481265659937,0.6045880144834518,-0.1763901522755623,0.18496999989151955,0.39,18.75,False,False,True,False,0.0,18.74999999999991,0.0,3.8324760765698547,0.1815692747275825,-0.9105864785837737,0.0,-0.23,-0.5137328505516052,-0.8968614935874939,-0.23000000417232513,0.0
223.02828393178683,76.97171606821317,-2.433283219726511,302.7140068976332,4.714702014299736,0.04515879268034831,4.715183924124509,0.07521095672513436,-0.36954184316857924,0.0984775899976899,-2.9061342140684068,0.0012336881662041099,0.13150874027395,0.6046069955825806,-0.17653876423835754,0.18496999989151955,0.39,18.825,False,False,True,False,0.0,18.82499999999991,0.0,3.8129285459493425,0.18225119914822374,-0.914832563325609,0.0,-0.23,-0.5131001472473145,-0.9011075496673584,-0.23000000417232513,0.0
223.38137173970918,76.61862826029082,-2.4277592552160248,302.6863423787213,4.698954423330662,0.04183108699123411,4.699473128584554,0.07211447217437526,-0.36817116797233185,0.10398620222598118,-2.9069841211072323,0.0012363732498142774,0.13533640179076795,0.604625860452652,-0.17667728334665297,0.18496999989151955,0.39,18.9,False,False,True,False,0.0,18.89999999999991,0.0,3.793444383751724,0.18292481425123272,-0.9187902542156031,0.0,-0.23,-0.5124713182449341,-0.9050652384757996,-0.23000000417232513,0.0
223.73327227839235,76.26672772160765,-2.422467927145003,302.6587821920639,4.682972009432155,0.038497349187243346,4.683527690529079,0.06900671880413244,-0.36675983869691864,0.10949913984092305,-2.9077687113034902,0.001235215284480097,0.13916564302805498,0.6046446073055267,-0.17680562406778336,0.18496999989151955,0.39,18.974999999999998,False,False,True,False,0.0,18.97499999999991,0.0,3.774024554315995,0.18359026879504106,-0.922457122515038,0.0,-0.23,-0.5118464231491089,-0.9087321162223816,-0.23000000417232513,0.0
224.08396795223567,75.91603204776433,-2.4174099941814062,302.63132932169674,4.66675509511534,0.035165227388978454,4.667347851119014,0.06589005797328029,-0.3653098962649292,0.11499672578967574,-2.9084895280453225,0.0012302959249403023,0.1429316521085444,0.6046632361412049,-0.17692373007535933,0.18496999989151955,0.39,19.05,False,False,True,False,0.0,19.04999999999991,0.0,3.754670024688421,0.1842477148817138,-0.9258315541747737,0.0,-0.23,-0.5112254619598389,-0.9121065735816956,-0.23000000417232513,0.0
224.43344120194618,75.56655879805382,-2.4125860535310406,302.60398658569375,4.6503048192809615,0.031841692489020496,4.650934660396335,0.06276639763629055,-0.3638233763841693,0.12045973790134869,-2.909148538219595,0.0012217052860814856,0.14657137209405335,0.6046817433834076,-0.17703157007694242,0.18496999989151955,0.39,19.125,False,False,True,False,0.0,19.124999999999908,0.0,3.7353817626270382,0.18489730790088932,-0.928912740638421,0.0,-0.23,-0.5106085538864136,-0.9151877164840698,-0.23000000417232513,0.0
224.7816745900779,75.2183254099221,-2.4079965579433433,302.5767566361492,4.63362310905427,0.02853295579514381,4.634289942382518,0.059637194315120656,-0.3623022870779409,0.12586949846701836,-2.9097480860160134,0.0012095419842070845,0.15002455611566975,0.604700139760971,-0.1771291482448578,0.18496999989151955,0.39,19.2,False,False,True,False,0.0,19.199999999999907,0.0,3.71616073389296,0.1855392075952879,-0.9317006748158384,0.0,-0.23,-0.5099953413009644,-0.917975664138794,-0.23000000417232513,0.0
225.12865083212773,74.87134916787227,-2.4036419049460513,302.54964201128814,4.616712663466435,0.025244400152831137,4.617416287119577,0.05650346296675265,-0.36074860899867867,0.13120796203764404,-2.910290846934395,0.0011939124726776382,0.15323476220003668,0.6047184199094773,-0.17721648961305617,0.18496999989151955,0.39,19.275,False,False,True,False,0.0,19.274999999999906,0.0,3.6970078975457157,0.18617357536487736,-0.9341961275401398,0.0,-0.23,-0.5093860030174255,-0.9204711318016052,-0.23000000417232513,0.0
225.47435287689626,74.52564712310374,-2.3995223986120067,302.5226450703394,4.599576919600468,0.021980527347673584,4.600317010976941,0.053365794638058586,-0.35916429392936605,0.13645779278176043,-2.910779770809874,0.0011749295511302093,0.15615027216114113,0.6047365891933442,-0.1772936463356018,0.18496999989151955,0.39,19.349999999999998,False,False,True,False,0.0,19.349999999999905,0.0,3.677924204232975,0.18680057274119719,-0.936400634288105,0.0,-0.23,-0.5087803602218628,-0.922675609588623,-0.23000000417232513,0.0
225.81876394536275,74.18123605463725,-2.3956383175491407,302.4957680391285,4.582220023954937,0.018744921512789003,4.582996133103954,0.05022438102086709,-0.357551266901221,0.14160243401219338,-2.9112180256377815,0.0011527125144205903,0.15872491841194,0.6047546422481537,-0.17736070185899733,0.18496999989151955,0.39,19.425,False,False,True,False,0.0,19.424999999999905,0.0,3.6589105917707054,0.18742036316134128,-0.9383164687275019,0.0,-0.23,-0.5081785917282104,-0.9245914816856384,-0.23000000417232513,0.0
226.16186758511637,73.83813241488363,-2.3919899488992837,302.4690130067979,4.564646801397565,0.01554023031819382,4.5654583487453895,0.04707904559287177,-0.3559114109659982,0.14662617248255233,-2.911608939081495,0.0011273859489612833,0.16091880602256062,0.604772589802742,-0.17741775631904602,0.18496999989151955,0.39,19.5,False,False,True,False,0.0,19.499999999999904,0.0,3.639967983005049,0.1880331108542913,-0.939946615921047,0.0,-0.23,-0.5075803399085999,-0.9262216091156006,-0.23000000417232513,0.0
226.50364771960412,73.49635228039588,-2.388577618087308,302.44238191605245,4.54686271210073,0.012368162220954035,4.547708982060138,0.043929279937418575,-0.35424655601067784,0.15151418902032396,-2.9119559407951545,0.0010990789314642264,0.16269891917248822,0.604790431857109,-0.17746494114398956,0.18496999989151955,0.39,19.575,False,False,True,False,0.0,19.574999999999903,0.0,3.6210972828186,0.18863897911198213,-0.9412947466810425,0.0,-0.23,-0.506985604763031,-0.9275697469711304,-0.23000000417232513,0.0
226.84408868960625,73.15591131039375,-2.385401676078331,302.41587656641923,4.528873816265222,0.009229499806206881,4.529753957082673,0.04077428583199483,-0.3525584875607744,0.15625260343117736,-2.9122625024264197,0.0010679248228068774,0.16403960409700616,0.6048081684112548,-0.1775024065375328,0.18496999989151955,0.39,19.65,False,False,True,False,0.0,19.649999999999903,0.0,3.6022993754217736,0.18923812923970773,-0.9423651788160283,0.0,-0.23,-0.5063943862915039,-0.9286401867866516,-0.23000000417232513,0.0
227.18317531025926,72.81682468974074,-2.382462541875033,302.38949863702555,4.510686733684862,0.0061241295055970285,4.511599759113395,0.037613021396526995,-0.3508489466812291,0.1608285083134359,-2.912532078898125,0.0010340599837605274,0.16492292025628397,0.6048257994651794,-0.17753032356500625,0.18496999989151955,0.39,19.724999999999998,False,False,True,False,0.0,19.724999999999902,0.0,3.583575122071656,0.18983072151471606,-0.9431628445479517,0.0,-0.23,-0.5058066844940186,-0.9294378161430359,-0.23000000417232513,0.0
227.52089290215648,72.47910709784352,-2.3797607492612425,302.3632496768287,4.492308596951766,0.0030510871901976294,4.493253386227374,0.03444425028673456,-0.34911961154167465,0.16522999201138897,-2.912768053068862,0.0009976235845807642,0.16533885530286002,0.6048433339595795,-0.1775488883256912,0.18496999989151955,0.39,19.8,False,False,True,False,0.0,19.7999999999999,0.0,3.5649253579357407,0.1904169144909809,-0.9436932557816001,0.0,-0.23,-0.5052222013473511,-0.9299682378768921,-0.23000000417232513,0.0
227.85722733282736,72.14277266717264,-2.3772969000662796,302.3371311143924,4.4737470140945685,8.616608303230189e-06,4.474722319542306,0.03126659327945497,-0.3473721008335755,0.16944615442799432,-2.9129736864604157,0.0009587569424196092,0.16528540269407097,0.6048607683181763,-0.177558311522007,0.18496999989151955,0.39,19.875,False,False,True,False,0.0,19.8749999999999,0.0,3.546350890381394,0.1909968630801408,-0.9439624594012104,0.0,-0.23,-0.504641056060791,-0.9302374720573425,-0.23000000417232513,0.0
228.19216503487695,71.80783496512305,-2.375071719405346,302.3111442383315,4.455010022741555,-0.0030057590891780783,4.4560144761805045,0.028078581658453474,-0.34560797852591346,0.17346711051357377,-2.9131520687939356,0.0009176022717714265,0.16476850251294664,0.6048781043291092,-0.17755882054567337,0.18496999989151955,0.39,19.95,False,False,True,False,0.0,19.9499999999999,0.0,3.527852496694495,0.19157071866825773,-0.9439770035152343,0.0,-0.23,-0.5040631890296936,-0.9302520155906677,-0.23000000417232513,0.0
228.52569306560682,71.47430693439318,-2.3730860386896055,302.2852902526852,4.436106043376675,-0.005995153717522669,4.437138161657349,0.024878710532701128,-0.34382873126271435,0.17728398318646615,-2.9133060750363793,0.0008743024065829819,0.16380184674508544,0.6048953527212143,-0.17755066156387328,0.18496999989151955,0.39,20.025,False,False,True,False,0.0,20.0249999999999,0.0,3.509430923081768,0.19213863027316438,-0.9437438951162442,0.0,-0.23,-0.5034882426261902,-0.9300189018249512,-0.23000000417232513,0.0
228.857799101829,71.14220089817101,-2.371340812622049,302.25957023130013,4.417043841147299,-0.008963226660223145,4.4181020386758805,0.0216654917477046,-0.3420357792515082,0.1808888898127944,-2.91343833061142,0.0008290007714640914,0.16240655551747438,0.6049125063419342,-0.17753409534692763,0.18496999989151955,0.39,20.099999999999998,False,False,True,False,0.0,20.0999999999999,0.0,3.491086881391625,0.19270074017097055,-0.9432705571718841,0.0,-0.23,-0.5029164552688599,-0.9295455813407898,-0.23000000417232513,0.0
229.18847149430556,70.81152850569444,-2.3698370809614704,302.233985156935,4.3978324813574625,-0.011914083365403547,4.398915081270129,0.018437505892700767,-0.3402304890856674,0.1842749206909922,-2.913551176492649,0.0007818405331341087,0.1606107310751085,0.604929565191269,-0.17750939309597014,0.18496999989151955,0.39,20.175,False,False,True,False,0.0,20.174999999999898,0.0,3.4728210493994056,0.19325718657117705,-0.9425647902049652,0.0,-0.23,-0.5023478269577026,-0.9288398027420044,-0.23000000417232513,0.0
229.51769927033618,70.48230072966382,-2.3685760067647204,302.20853589842363,4.37848128535064,-0.014852168663360463,4.379586529145947,0.015193451253280536,-0.33841414445804735,0.1874361075572041,-2.9136466451132135,0.0007329640094718185,0.15844889681925883,0.6049465417861939,-0.17747684061527252,0.18496999989151955,0.39,20.25,False,False,True,False,0.0,20.249999999999897,0.0,3.454634067813194,0.19380810398223075,-0.9416347324780001,0.0,-0.23,-0.5017819404602051,-0.9279097318649292,-0.23000000417232513,0.0
229.8454721700532,70.1545278299468,-2.3675588338995928,302.1832232432698,4.358999796650441,-0.0177821587144172,4.360125861108698,0.01193218956903946,-0.33658795945309994,0.1903673865383976,-2.9137264461650396,0.000682512718204129,0.1559613346249611,0.6049634271860123,-0.17743673413991928,0.18496999989151955,0.39,20.325,False,False,True,False,0.0,20.324999999999896,0.0,3.43652654013151,0.19435362038225668,-0.9404888172001863,0.0,-0.23,-0.5012190937995911,-0.9267638325691223,-0.23000000417232513,0.0
230.1717806438275,69.8282193561725,-2.3667869040409713,302.15804788134074,4.33939773646638,-0.02070885052238554,4.340542744328309,0.008652788472893526,-0.33475308834007794,0.19306455530945768,-2.913791950747229,0.0006306267467795132,0.15319333273647137,0.6049802231788636,-0.17738937616348266,0.18496999989151955,0.39,20.4,False,False,True,False,0.0,20.399999999999896,0.0,3.418499030647074,0.19489385783627733,-0.9391357405669584,0.0,-0.23,-0.5006592273712158,-0.9254107475280762,-0.23000000417232513,0.0
230.4966158678284,69.50338413217159,-2.366261592935906,302.13301043093225,4.319684974740427,-0.023637051468189965,4.3208470130731245,0.005354558684617907,-0.3329106164467338,0.1955242237223331,-2.9138441892432607,0.0005774444061041173,0.15019435636682124,0.6049969315528869,-0.17733507961034775,0.18496999989151955,0.39,20.474999999999998,False,False,True,False,0.0,20.474999999999895,0.0,3.4005520645894873,0.19542893416058732,-0.937584418383334,0.0,-0.23,-0.5001022815704346,-0.9238594174385071,-0.23000000417232513,0.0
230.8199697751262,69.1800302248738,-2.365984340150768,302.10811141919703,4.299871488913214,-0.02657147161014327,4.301048620738959,0.0020370858885389014,-0.3310615564412383,0.197743760901366,-2.9138838542946397,0.0005231023257694979,0.1470171573831604,0.6050135540962219,-0.1772741636633873,0.18496999989151955,0.39,20.55,False,False,True,False,0.0,20.549999999999894,0.0,3.3826861272694373,0.19595896104564073,-0.9358439586587811,0.0,-0.23,-0.49954819679260254,-0.9221189618110657,-0.23000000417232513,0.0
231.1418350427388,68.85816495726121,-2.365956581084102,302.08335130497744,4.279967339267031,-0.029516620945892746,4.281157621726164,-0.0012997429911623206,-0.32920685926482973,0.19972124009094142,-2.913911311115396,0.00046773511891908345,0.14371683940998434,0.6050300854444504,-0.1772069516777992,0.18496999989151955,0.39,20.625,False,False,True,False,0.0,20.624999999999893,0.0,3.364901662368059,0.19648404419703772,-0.9339236218936161,0.0,-0.23,-0.49899715185165405,-0.9201986193656921,-0.23000000417232513,0.0
231.4622051045903,68.53779489540969,-2.3661797682135837,302.0587304690016,4.259982637248103,-0.03247671180210579,4.261184136993442,-0.004655719735212254,-0.3273474050305109,0.20145538034997523,-2.9139266118111204,0.0004114752859080067,0.1403498939196479,0.6050465336441994,-0.17713377326726912,0.18496999989151955,0.39,20.7,False,False,True,False,0.0,20.699999999999893,0.0,3.3471990726493663,0.19700428396245634,-0.931832796379827,0.0,-0.23,-0.4984488785266876,-0.918107807636261,-0.23000000417232513,0.0
231.78107415410892,68.21892584589108,-2.366655315857893,302.0342492529644,4.239927517069175,-0.03545557025697739,4.241138322818241,-0.008030301501881167,-0.3254840127128215,0.202945487425203,-2.9139295183801037,0.0003544529623165732,0.13697322435350975,0.6050628888607025,-0.17705495804548263,0.18496999989151955,0.39,20.775,False,False,True,False,0.0,20.774999999999892,0.0,3.329578719247533,0.19751977453361325,-0.9295809674287543,0.0,-0.23,-0.4979037046432495,-0.9158559441566467,-0.23000000417232513,0.0
232.09843705609512,67.90156294390488,-2.3673845916688725,302.0099079367096,4.21980772909278,-0.03845651392799958,4.221025965703766,-0.011422621855907046,-0.3236164756893578,0.20419127829026326,-2.9139195277682646,0.00029667577672904614,0.13364318128400376,0.6050791484117508,-0.1769708439707756,0.18496999989151955,0.39,20.849999999999998,False,False,True,False,0.0,20.84999999999989,0.0,3.312040921524009,0.19803060393660657,-0.9271776896205325,0.0,-0.23,-0.4973617196083069,-0.913452684879303,-0.23000000417232513,0.0
232.41428883607043,67.58571116392957,-2.3683688910810794,301.9857068749425,4.199625630432472,-0.041482264275932434,4.200849461717817,-0.014831454675363395,-0.32174384864297817,0.20519204654596007,-2.9138958245834297,0.00023809465379514622,0.1304146493119943,0.6050953221321106,-0.17688161879777908,0.18496999989151955,0.39,20.925,False,False,True,False,0.0,20.92499999999989,0.0,3.2945859619147684,0.19853673898143423,-0.9246284156245538,0.0,-0.23,-0.4968225955963135,-0.9109033942222595,-0.23000000417232513,0.0
232.72862505873874,67.27137494126126,-2.369609373616514,301.9616464353903,4.179391131171382,-0.04453501417814677,4.180618782652109,-0.01825519566210946,-0.3198668729123576,0.2059474915497416,-2.9138572843888464,0.00017895777437877417,0.12734009139808145,0.6051113912463189,-0.17678736180067062,0.18496999989151955,0.39,21.0,False,False,True,False,0.0,20.99999999999989,0.0,3.2772141140161266,0.199038055588883,-0.9219353271087548,0.0,-0.23,-0.49628695845603943,-0.9082103371620178,-0.23000000417232513,0.0
233.04144204053705,66.95855795946295,-2.371107109648031,301.9377269044112,4.159114299568974,-0.0476163212680846,4.160344069685425,-0.021691918876308985,-0.3179862732234692,0.20645808159083107,-2.9138027235276804,0.00011943602316682681,0.12446866841667044,0.6051273593306541,-0.17668839007616044,0.18496999989151955,0.39,21.075,False,False,True,False,0.0,21.07499999999989,0.0,3.2599256217693693,0.19953463168777327,-0.9191075938532552,0.0,-0.23,-0.4957546889781952,-0.9053825736045837,-0.23000000417232513,0.0
233.3527368548315,66.6472631451685,-2.372862978421311,301.9139485325859,4.138805227327181,-0.050727066240841306,4.140035501953069,-0.02513938892555317,-0.3161027285557143,0.20672468762472998,-2.9137309126043887,5.964622980225355e-05,0.12184545856202865,0.6051432219147682,-0.17658504158258437,0.18496999989151955,0.39,21.15,False,False,True,False,0.0,21.14999999999989,0.0,3.242720687770462,0.20002654565448053,-0.916154739752178,0.0,-0.23,-0.4952259361743927,-0.9024297595024109,-0.23000000417232513,0.0
233.6625073474665,66.33749265253351,-2.3748776978003114,301.89031151841436,4.118473963323771,-0.053867434986185125,4.1197032219307035,-0.028595088292388746,-0.3142168632782678,0.20674841027868068,-2.9136405365183284,-3.042583607564046e-07,0.11951074706630543,0.6051589825749397,-0.17647765219211578,0.18496999989151955,0.39,21.224999999999998,False,False,True,False,0.0,21.224999999999888,0.0,3.225599472984267,0.20051387144910898,-0.913086461883309,0.0,-0.23,-0.4947005808353424,-0.8993614912033081,-0.23000000417232513,0.0
233.97075211344168,66.02924788655832,-2.3771517690263155,301.86681601159125,4.098130491854429,-0.05703691575233345,4.099357315283497,-0.0320562495273753,-0.3123292672825772,0.20653054626823875,-2.913530234540711,-6.030186803226129e-05,0.11749939969547384,0.6051746279001236,-0.17636656194925307,0.18496999989151955,0.39,21.3,False,False,True,False,0.0,21.299999999999887,0.0,3.2085620958893433,0.20099667804096122,-0.9099124759511491,0.0,-0.23,-0.4941790699958801,-0.8961874842643738,-0.23000000417232513,0.0
234.2774705124616,65.7225294875384,-2.379685506463386,301.8434621260267,4.077784725811642,-0.06023430653346298,4.079007801340641,-0.0355198900661524,-0.31044049336310475,0.2060725893330212,-2.9133986603857713,-0.00012022799199458164,0.1158403340511965,0.6051901632547378,-0.1762521108984947,0.18496999989151955,0.39,21.375,False,False,True,False,0.0,21.374999999999886,0.0,3.191608633760708,0.20147503172617165,-0.9066424618297851,0.0,-0.23,-0.49366122484207153,-0.8929174542427063,-0.23000000417232513,0.0
234.58266264561357,65.41733735438643,-2.382478969610085,301.820249920293,4.057446504480636,-0.06345773588945582,4.058664627981271,-0.03898285171820979,-0.3085510547529158,0.20537622073612222,-2.9132445352995022,-0.00017996375124536867,0.11455609805608666,0.6052055823802948,-0.17613463699817655,0.18496999989151955,0.39,21.45,False,False,True,False,0.0,21.449999999999886,0.0,3.174739121814612,0.2019489954227722,-0.9032860599810194,0.0,-0.23,-0.49314725399017334,-0.8895610570907593,-0.23000000417232513,0.0
234.88632936054887,65.11367063945113,-2.385531992843797,301.79717943995684,4.037125593895238,-0.06670469663322491,4.038337673027482,-0.04244184327869286,-0.30666143946966723,0.20444328940629689,-2.9130666877852427,-0.00023939235495451972,0.11366256331744891,0.6052208799123764,-0.17601447612047194,0.18496999989151955,0.39,21.525,False,False,True,False,0.0,21.524999999999885,0.0,3.157953554491254,0.20241862896155965,-0.8998528774918725,0.0,-0.23,-0.4926373362541199,-0.8861278891563416,-0.23000000417232513,0.0
235.1884722359337,64.81152776406631,-2.3888441514261642,301.7742506687614,4.016831677459697,-0.06997209048500842,4.01803672762524,-0.04589348592580118,-0.3047721101300274,0.2032757920807257,-2.9128640887958483,-0.00029839935026123145,0.11316873494400213,0.6052360531687736,-0.1758919620513916,0.18496999989151955,0.39,21.599999999999998,False,False,True,False,0.0,21.599999999999884,0.0,3.141251885169812,0.20288398953765502,-0.8963524934353353,0.0,-0.23,-0.4921315610408783,-0.8826274871826172,-0.23000000417232513,0.0
235.48909359440952,64.51090640559048,-2.3924147615045035,301.7514635709126,3.9965743539861105,-0.07325628354890966,3.997771495246511,-0.049334360696005095,-0.30288350690246796,0.2018758612008929,-2.9126358881083942,-0.00035687167750688233,0.11307667979355808,0.6052510976791382,-0.17576743066310882,0.18496999989151955,0.39,21.675,False,False,True,False,0.0,21.674999999999883,0.0,3.1246340270236472,0.2033451331527614,-0.8927944491365722,0.0,-0.23,-0.49163007736206055,-0.879069447517395,-0.23000000417232513,0.0
235.788196444409,64.21180355559099,-2.396229746111463,301.72881879725855,3.976363779576052,-0.0760426744296136,3.977551263573268,-0.05226393110341872,-0.30096906534212997,0.2002662698014425,-2.910065568625353,-0.00038894368157454126,0.11337973258796907,0.6052660179138184,-0.1756412136554718,0.19270030073523522,0.39,21.75,True,False,True,False,0.0,21.749999999999883,0.0,3.1080998523074763,0.20380211370091758,-0.8891882450336479,0.06713599739250356,0.06731925729159034,-0.4911327362060547,-0.8754632472991943,0.06731925904750824,0.0
236.08578511951046,63.91421488048954,-2.40024620672237,301.7063163022408,3.9562311262065646,-0.07845915177634115,3.957409298188544,-0.054837937899556696,-0.2991233904146876,0.1987011050467681,-2.8990831731187807,-0.00034925519091457856,0.11407044396854417,0.6052369374036789,-0.17551186114549636,0.19271002503931522,0.39,21.825,True,False,True,False,0.0,21.824999999999882,0.0,3.0916491955575043,0.20425172392329893,-0.8854924713816966,0.06751001109574795,0.06769327099483473,-0.49210208654403687,-0.8717674612998962,0.06769327074289322,0.0
236.3818674627398,63.61813253726021,-2.4044479380947887,301.6839465219673,3.9362202046163244,-0.08064475608763752,3.9373904202201278,-0.05715598391625481,-0.29742907522918194,0.1972731345990029,-2.8862087030301837,-0.0003550920319984813,0.11514216735225799,0.605219601392746,-0.1753772994875908,0.19271891849935055,0.39,21.9,True,False,True,False,0.0,21.89999999999988,0.0,3.075281818426925,0.20470531778253873,-0.8816478181614689,0.06785207034569336,0.06803533024478015,-0.4926799535751343,-0.867922842502594,0.06803532689809799,0.0
236.67645229832894,63.32354770167106,-2.408806166230917,301.66170017890045,3.916310544030205,-0.08238889431207029,3.9174718701038724,-0.05899522745363266,-0.29580951237531633,0.19569365582356085,-2.874912652233962,-0.00042736825319758575,0.11657537453223336,0.6052413934469223,-0.175247283577919,0.19272733232080938,0.39,21.974999999999998,True,False,True,False,0.0,21.97499999999988,0.0,3.0589972895493114,0.20517309336848283,-0.8779330991310099,0.06817567406113348,0.06835893396022026,-0.4919535517692566,-0.8642081022262573,0.06835893541574478,0.0
236.96954535380183,63.030454646198166,-2.4132837715457685,301.6395752196795,3.8964588535289613,-0.08367422212315785,3.897609062455335,-0.06034874121177985,-0.29418461160747994,0.19377921243606122,-2.864579707676032,-0.0005114939918879633,0.11834253804016259,0.6052649790048599,-0.17512258112430573,0.1927346998870373,0.39,22.05,True,False,True,False,0.0,22.04999999999988,0.0,3.042795123591908,0.20564613611802457,-0.8743701569446921,0.06845904358697995,0.06864230348606673,-0.4911673665046692,-0.8606451749801636,0.06864230334758759,0.0
237.2611502074935,62.7388497925065,-2.4178463451506857,301.6175730208306,3.876655669574968,-0.08454604581684491,3.8777926298104024,-0.061268199188214995,-0.29253643349231256,0.1915440165473299,-2.8546751413277103,-0.0005809312432803286,0.12041105648498644,0.6052831876277923,-0.17499786406755446,0.19274095223546028,0.39,22.125,True,False,True,False,0.0,22.12499999999988,0.0,3.0266750055408993,0.2061148968025126,-0.870806835971838,0.06869951650096,0.06888277640004678,-0.4905604124069214,-0.8570818305015564,0.0688827782869339,0.0
237.55127088325912,62.44872911674088,-2.4224624950726352,301.5956952387028,3.8569173935498657,-0.08502864281451904,3.8580393106609234,-0.061780149832130545,-0.2908670970374296,0.18904682809479118,-2.845219764170546,-0.0006398363220213201,0.12274575910680943,0.6053002965450287,-0.17487095236778258,0.1927461846739054,0.39,22.2,True,False,True,False,0.0,22.19999999999988,0.0,3.0106367385878574,0.20657718139415937,-0.8671807934736712,0.06890076321045165,0.06908402310953843,-0.48999011516571045,-0.8534557819366455,0.06908402591943741,0.0
237.8399128434448,62.16008715655519,-2.4271022274524006,301.573943419045,3.837262566693097,-0.08513527940534081,3.838367765963888,-0.061900131015930726,-0.2891776457363005,0.18631424104220254,-2.836267519310188,-0.0006960889586317601,0.1253103904357293,0.6053176066279411,-0.17474271804094313,0.1927504398196936,0.39,22.275,True,False,True,False,0.0,22.274999999999878,0.0,2.9946801014207485,0.20703319448340834,-0.8635169647731599,0.06906442665826779,0.06924768655735457,-0.4894131124019623,-0.849791944026947,0.06924768537282944,0.0
238.12708273228017,61.87291726771983,-2.4317368020468666,301.55231904574566,3.8177040474030504,-0.0848802945374725,3.8187908401093837,-0.06164529850624539,-0.28746844850044967,0.18334931485786635,-2.8277976112573016,-0.0007521026692863096,0.12806755202659434,0.6053346449136734,-0.17461437314748762,0.19275373297631743,0.39,22.349999999999998,True,False,True,False,0.0,22.349999999999877,0.0,2.9788047936105357,0.2074830149170058,-0.8598499509998246,0.06919108362684409,0.06937434352593087,-0.48884516954421997,-0.8461249470710754,0.06937434524297714,0.0
238.41278799742054,61.58721200257946,-2.436338770429644,301.5308235734251,3.798251408508669,-0.08427890456176453,3.7993180762827983,-0.06103376085117156,-0.28574077368995615,0.1801518740775253,-2.819778169292116,-0.0008072637251385662,0.1309783348587879,0.6053512048721313,-0.17448654770851135,0.19275608235299588,0.39,22.425,True,False,True,False,0.0,22.424999999999876,0.0,2.9630104497245906,0.2079266424476841,-0.8561978030170324,0.06928144950491892,0.0694647094040057,-0.4882931709289551,-0.8424727916717529,0.06946470588445663,0.0
238.69703679921253,61.302963200787474,-2.4408820567142127,301.50945831676836,3.7789137304390463,-0.08334564691347611,3.779958537679669,-0.06008288746730625,-0.28399635526334105,0.17672539380014043,-2.8121881109541214,-0.0008607138628382346,0.13400248257875752,0.6053673392534256,-0.1743595504760742,0.19275751003324987,0.39,22.5,True,False,True,False,0.0,22.499999999999876,0.0,2.9472966601418706,0.2083641856400419,-0.8525692758170756,0.06933635971691757,0.06951961961600435,-0.48775535821914673,-0.8388442993164062,0.06951961666345596,0.0
238.97983796404856,61.020162035951444,-2.445341838573794,301.4882244668079,3.7597003777002995,-0.08209435189071673,3.7607215874335593,-0.05880929911008153,-0.2822369125622008,0.17307609498995236,-2.805010662099867,-0.0009120814104112024,0.13709899548566953,0.6053830936551094,-0.1742336505651474,0.19275803674459457,0.39,22.575,True,False,True,False,0.0,22.574999999999875,0.0,2.9316629760433113,0.20879581312855014,-0.8489721821214116,0.06935661610920293,0.06953987600828972,-0.48723021149635315,-0.8352471590042114,0.069539874792099,0.0
239.26120103621346,60.738798963786536,-2.4496945132541477,301.46712308115775,3.7406207639332045,-0.08053843981227948,3.741616641394672,-0.057229150076602266,-0.28046404832912036,0.1692111228901428,-2.7982293735716692,-0.0009612963885597429,0.1402268498567239,0.6053984788060188,-0.1741091713309288,0.19275768224596979,0.39,22.65,True,False,True,False,0.0,22.649999999999874,0.0,2.9161089119773296,0.20922169550322775,-0.8454156285437924,0.06934298115341653,0.06952624105250331,-0.4867173731327057,-0.8316906094551086,0.06952624022960663,0.0
239.54113625973991,60.458863740260085,-2.4539176933224813,301.4461551198033,3.721684062085705,-0.07869104016096061,3.7226528806112045,-0.055358205721135846,-0.27867926181074,0.16513779011655258,-2.791828302759961,-0.0010083515789401302,0.1433456783578488,0.6054135018587112,-0.17398645490407944,0.1927564661026001,0.39,22.724999999999998,True,False,True,False,0.0,22.724999999999874,0.0,2.9006339430082595,0.20964199336476189,-0.8419094137020645,0.06929620681258164,0.06947946671166842,-0.48621660470962524,-0.8281844258308411,0.06947946548461914,0.0
239.81965455249258,60.18034544750742,-2.4579901556753163,301.4253214223354,3.702899086987519,-0.0765650407623167,3.70383913668804,-0.05321185035752097,-0.276883967590287,0.16086356141320382,-2.785792455513324,-0.001053210666110845,0.1464163984584068,0.6054281663894653,-0.17386583924293517,0.1927544078797102,0.39,22.8,True,False,True,False,0.0,22.799999999999873,0.0,2.8852375057143047,0.21005685782319042,-0.8384632595292804,0.0692170463491581,0.06940030624824488,-0.48572778701782227,-0.8247382640838623,0.06940030306577682,0.0
240.0967674880266,59.903232511973414,-2.4618918075436413,301.40462272746754,3.6842742825816686,-0.07417314179750237,3.6851838808911523,-0.05080510619090554,-0.2750794929289211,0.15639622235618603,-2.780107772373596,-0.0010958089407228186,0.14940180489184257,0.6054424875974656,-0.17374765187501906,0.19275152752995492,0.39,22.875,True,False,True,False,0.0,22.874999999999872,0.0,2.869918999612908,0.21046643344077243,-0.8350865087068324,0.06910625796811458,0.06928951786720136,-0.48525041341781616,-0.8213614821434021,0.06928952038288116,0.0
240.37248724374572,59.627512756254276,-2.465603677989029,301.3840596697669,3.665817730953175,-0.07152790959420952,3.6666952357792777,-0.04815265601455929,-0.27326707414677676,0.1517439830118737,-2.774761031289634,-0.0011360755274011838,0.1522671290303687,0.6054564762115479,-0.1736322098970413,0.1927478446185589,0.39,22.95,True,False,True,False,0.0,22.94999999999987,0.0,2.8546777881585377,0.21087085732744432,-0.8317881123045765,0.06896460936834127,0.06914786926742805,-0.4847841262817383,-0.8180631399154663,0.06914786994457245,0.0
240.64682661386666,59.353173386133335,-2.4691078839121894,301.3636328057137,3.6475371502015324,-0.06864182003034427,3.6483809743828806,-0.045268858543534435,-0.27144786941782506,0.14691549633695553,-2.7697397779429753,-0.0011739475212610314,0.15498055761745513,0.6054701393842697,-0.17351980954408644,0.19274337967932226,0.39,23.025,True,False,True,False,0.0,23.02499999999987,0.0,2.8395132015939852,0.2112702588046067,-0.8285766804139921,0.06879288290914667,0.06897614280823346,-0.4843286871910095,-0.814851701259613,0.06897614151239395,0.0
240.91979894980378,59.08020105019622,-2.4723875918044764,301.34334260718833,3.6294398785788404,-0.06552729049062544,3.6302485046185815,-0.042167757091897205,-0.26962296407856867,0.14191983610137843,-2.7650322581534894,-0.001209372052779492,0.15751369894615613,0.6054834869503974,-0.17341074287891386,0.19273815363347532,0.39,23.099999999999998,True,False,True,False,0.0,23.09999999999987,0.0,2.8244245362373332,0.21166476015872868,-0.8254605090067212,0.06859187910083916,0.06877513899992595,-0.4838837683200836,-0.8117355108261108,0.06877513974905014,0.0
241.19141815757374,58.808581842426264,-2.475427047491365,301.3231894549458,3.6115328554893695,-0.062196702108286414,3.6123048511559674,-0.03886308367927589,-0.26779336760860906,0.13676647721299415,-2.760627350548141,-0.0012423034309059261,0.15984198669167007,0.6054965305328369,-0.17330528944730758,0.1927321875959635,0.39,23.175,True,False,True,False,0.0,23.17499999999987,0.0,2.8094110577607925,0.21205447747377826,-0.8224475649236069,0.06836241884417446,0.06854567874326124,-0.48344898223876953,-0.8087225556373596,0.06854567676782608,0.0
241.46169863041212,58.538301369587884,-2.478211461399165,301.30317365813744,3.593822604495251,-0.058662413175706876,3.594556637859893,-0.035368258493119496,-0.26596002395369145,0.13146528206663075,-2.7565145034228333,-0.0012727019153506594,0.16194501562532362,0.6055092746019364,-0.17320371627807615,0.19272550384402276,0.39,23.25,True,False,True,False,0.0,23.24999999999987,0.0,2.7944720013334448,0.21243952046465894,-0.8195454610177366,0.06810534639811276,0.06828860629719954,-0.4830241799354553,-0.8058204650878906,0.06828860938549042,0.0
241.730655274686,58.269344725314,-2.480727089290908,301.28329549015234,3.576315216136588,-0.0549367626589769,3.5770100668973144,-0.03169638505794962,-0.2641238087948453,0.12602648577373943,-2.7526836729886845,-0.0013005339575023187,0.16380680416999666,0.6055217325687409,-0.17310627579689025,0.192718124461174,0.39,23.325,True,False,True,False,0.0,23.324999999999868,0.0,2.7796065753273336,0.2128199931303198,-0.8167614329986188,0.06782152785254981,0.0680047877516366,-0.4826089143753052,-0.8030364513397217,0.0680047869682312,0.0
241.99830341918008,58.001696580819925,-2.4829611302778365,301.2635551169619,3.55901634035693,-0.05103206586392084,3.5596709150923154,-0.027860242196414798,-0.2622855365091432,0.12046067575900916,-2.749125268288507,-0.0013257727985928314,0.16541598030275467,0.6055339080095291,-0.1730132058262825,0.19271007288694383,0.39,23.4,True,False,True,False,0.0,23.399999999999867,0.0,2.76481395989227,0.21319599235081121,-0.8141023241593226,0.06751185349817039,0.06769511339725717,-0.48220306634902954,-0.8003773093223572,0.06769511103630066,0.0
242.26465882546418,57.73534117453582,-2.4849017353187537,301.24395266551346,3.5419311670399525,-0.046960601162891885,3.5425445063873267,-0.023872272578113737,-0.2604459530191644,0.11477876652815591,-2.745830093535435,-0.00134839795729654,0.166765888621912,0.6055458170175553,-0.17292473584413529,0.19270137294828893,0.39,23.474999999999998,True,False,True,False,0.0,23.474999999999866,0.0,2.7500933119450957,0.21356761087223944,-0.8115745740090199,0.067177234843338,0.06736049474242478,-0.48180609941482544,-0.7978495955467224,0.06736049801111221,0.0
242.52973763087,57.47026236913001,-2.4865379689718186,301.22448821392845,3.525064422368488,-0.042734590883286044,3.525635712671629,-0.019744569552371027,-0.258605745303979,0.10899197313336312,-2.742789299513519,-0.0013683957898391538,0.16785461752517675,0.6055574604868889,-0.17284107238054275,0.19269204847216606,0.39,23.55,True,False,True,False,0.0,23.549999999999866,0.0,2.73544376459947,0.2139349343968959,-0.8091841983550755,0.06681860349925803,0.06700186339834481,-0.4814179837703705,-0.7954592108726501,0.06700186431407928,0.0
242.79355631738693,57.20644368261307,-2.487859796643822,301.2051617719808,3.5084203527299502,-0.03836617472359538,3.508948928436539,-0.01548886133823405,-0.25676554372060195,0.10311177617233563,-2.739994332779186,-0.0013857598988753132,0.16868494736197873,0.6055688509345054,-0.17276241153478622,0.19268212444782257,0.39,23.625,True,False,True,False,0.0,23.624999999999865,0.0,2.7208644303021505,0.21429804301862387,-0.806936783646016,0.06643690831262407,0.06662016821171085,-0.48103830218315125,-0.7932117581367493,0.06662017107009888,0.0
243.05613169611232,56.94386830388768,-2.488858054844727,301.1859733364581,3.492002721835884,-0.033867378369516546,3.4924880717989955,-0.011116494839309493,-0.2549259249124952,0.09714988589745725,-2.737436893340743,-0.001400490074786651,0.1692642202568521,0.6055799919366837,-0.17268893688917158,0.19267162567079069,0.39,23.7,True,False,True,False,0.0,23.699999999999864,0.0,2.706354402543719,0.2146570120870487,-0.8048374699839819,0.06603311238845509,0.06621637228754187,-0.4806669354438782,-0.79111248254776,0.0662163719534874,0.0
243.31748082949292,56.68251917050708,-2.489524395940767,301.16692283252723,3.4758147988425985,-0.02925007734358223,3.4762565636620306,-0.00663841841006819,-0.25308741774225524,0.0911182049726349,-2.735108893600508,-0.0014125929270636624,0.16960413538959843,0.6055908906459808,-0.17262080907821653,0.19266057771146297,0.39,23.775,True,False,True,False,0.0,23.774999999999864,0.0,2.6919127567138226,0.21501191089575586,-0.8028909452716345,0.06560818920806982,0.0657914491071566,-0.48030364513397217,-0.7891659736633301,0.06579145044088364,0.0
243.57762103132362,56.422378968676384,-2.48985130090177,301.1480101593511,3.459859360251706,-0.024525956911543356,3.460257333011404,-0.002065165000331537,-0.2512504952655424,0.0850287836073437,-2.733002424647849,-0.001422082564959394,0.1697204738003373,0.6056015586853027,-0.17255817413330077,0.19264900575280192,0.39,23.849999999999998,True,False,True,False,0.0,23.849999999999863,0.0,2.677538554377889,0.21536280515325362,-0.8011014303188366,0.06516311763287741,0.06534637753196419,-0.4799480438232422,-0.7873764038085938,0.0653463751077652,0.0
243.83656981491174,56.16343018508826,-2.489832011309762,301.1292351835232,3.4441386795887556,-0.019706470442797858,3.4444927986250664,0.002593164081334304,-0.24941558510322254,0.07889377320208303,-2.7311097249067418,-0.0014289789498708896,0.16963275858629576,0.6056119960546493,-0.1725011697411537,0.19263693555891515,0.39,23.925,True,False,True,False,0.0,23.924999999999862,0.0,2.663230843277201,0.21570975465133244,-0.7994726821044239,0.06469887821369859,0.06488213811278537,-0.47960013151168823,-0.7857477068901062,0.06488213688135147,0.0
244.0943448619741,55.90565513802591,-2.489460503860916,301.11059773585566,3.4286545293330906,-0.014802795608265348,3.428964870814564,0.0073269143906632694,-0.2475830686681584,0.07272538323971901,-2.7294231529712487,-0.0014333085286478103,0.16936385666061274,0.6056222152709961,-0.17244990438222885,0.19262439231276512,0.39,24.0,True,False,True,False,0.0,23.99999999999986,0.0,2.6489886601798545,0.21605281470669135,-0.7980079773086429,0.06421644732702383,0.06439970722611062,-0.4792594909667969,-0.7842829823493958,0.06439970433712006,0.0
244.3509639578336,55.64903604216639,-2.4887314861093652,301.0920976276393,3.4134081838303434,-0.009825790782761704,3.413674954247756,0.012126891706753868,-0.24575328950881897,0.0665358294230903,-2.7279351680729276,-0.0014351045567778083,0.16893952948481783,0.6056322145462036,-0.1724044781923294,0.19261140139102936,0.39,24.075,True,False,True,False,0.0,24.07499999999986,0.0,2.6348110325914247,0.21639203616450914,-0.7967101137989615,0.06371679215734943,0.06390005205643622,-0.4789261817932129,-0.7829850912094116,0.06390005350112915,0.0
244.6064450043891,55.39355499561091,-2.4876403157355624,301.0737346408673,3.398400414792408,-0.004785951068294783,3.39862393629424,0.016984373439481937,-0.2439265458887731,0.060337284567991444,-2.7266383102323197,-0.0014344057398449715,0.16838794095974724,0.6056420090794563,-0.17236497461795805,0.1925979872018099,0.39,24.15,True,False,True,False,0.0,24.14999999999986,0.0,2.6206969823191515,0.21672746591187914,-0.7955814106247475,0.0632008662310103,0.06338412613009708,-0.4785996973514557,-0.7818564176559448,0.06338412314653397,0.0
244.86080592161468,55.139194078385316,-2.4861829877881894,301.0555085380206,3.383631502142954,0.00030663297091734765,3.383812202107092,0.021891117101188934,-0.24210309903243246,0.05414182997073376,-2.725525191683312,-0.001431256865657868,0.1677391312275038,0.6056515961885452,-0.17233145415782927,0.19258417434692385,0.39,24.224999999999998,True,False,True,False,0.0,24.22499999999986,0.0,2.6066455247586,0.21705914628063333,-0.794623701513498,0.06266960300021854,0.06285286289930532,-0.47828012704849243,-0.7808986902236938,0.06285285949707031,0.0
245.11406465534,54.88593534466,-2.484356100692144,301.0374190685502,3.369101233596653,0.005442314790112729,3.3692396271099345,0.026839366524080838,-0.24028318149041222,0.04796140308020402,-2.7245884844543786,-0.0014257083997321282,0.16702446650753022,0.6056609830260277,-0.17230396687984467,0.19256998645961285,0.39,24.3,True,False,True,False,0.0,24.29999999999986,0.0,2.5926556743111924,0.2173871157432738,-0.7938383415630775,0.062123911397613,0.062307171296699784,-0.477967232465744,-0.7801133394241333,0.062307171523571014,0.0
245.36623912800235,54.63376087199765,-2.482156830748506,301.019465946114,3.354808917454694,0.010611928174181343,3.3549055946818473,0.03182185441578159,-0.23846699288540057,0.041807748694039554,-2.723820918257455,-0.001417815957981442,0.1662760729239329,0.6056701749563217,-0.17228254199028015,0.19255544620454312,0.39,24.375,True,False,True,False,0.0,24.374999999999858,0.0,2.5787264439563,0.21771140972234326,-0.7932262064398172,0.06156467103829233,0.06174793093737911,-0.4776608347892761,-0.77950119972229,0.06174793094396591,0.0
245.61734718162754,54.38265281837246,-2.479582855644357,301.00164890065935,3.3407533868558166,0.015806819402766348,3.3408089949569435,0.03683180165831125,-0.23665470175650083,0.0356923697356203,-2.723215280264899,-0.001407640244401456,0.1655262653601485,0.6056791764497756,-0.1722671940922737,0.19254057566523552,0.39,24.45,True,False,True,False,0.0,24.449999999999857,0.0,2.564856847959871,0.2180320607628282,-0.7927877014107857,0.06099272795129451,0.061175987850381294,-0.4773607850074768,-0.7790626883506775,0.061175987124443054,0.0
245.86740657523816,54.132593424761836,-2.47663235020339,300.98396761979484,3.326933012458487,0.021018874562703654,3.326948239668539,0.041862913194693166,-0.23484645274487112,0.029626480201212786,-2.722764418050353,-0.0013952465185850481,0.1648069809521823,0.6056879901885986,-0.17225792109966276,0.19252539585977793,0.39,24.525,True,False,True,False,0.0,24.524999999999856,0.0,2.5510459050104854,0.21834909719099968,-0.792522762334134,0.06040888945083229,0.06059214934991908,-0.4770669937133789,-0.7787977457046509,0.06059214845299721,0.0
246.11643490968413,53.88356509031587,-2.4733039608830483,300.9664218009252,3.3133457164258058,0.026240541752895155,3.313321278391969,0.04690937041388988,-0.2330423731110286,0.02362096064704212,-2.722461245856616,-0.0013807041191059258,0.16414922638843077,0.6056966179609299,-0.17225470632314682,0.19250992674082518,0.39,24.599999999999998,True,False,True,False,0.0,24.599999999999856,0.0,2.537292638361901,0.21866254573553937,-0.7924308671337561,0.05981392129881438,0.059997181197901164,-0.47677940130233765,-0.778705894947052,0.059997182339429855,0.0
246.36444963283452,53.63555036716548,-2.4695967377893546,300.94901113818423,3.2999889831281872,0.03146484806501472,3.299925606237736,0.05196581977234872,-0.23124256807711863,0.017686315988518716,-2.7222987535998717,-0.0013640867377168705,0.16358254790774915,0.6057050669193268,-0.1722575122117996,0.19249418690502645,0.39,24.675,True,False,True,False,0.0,24.674999999999855,0.0,2.5235960799673727,0.21897243074556688,-0.7925110446966449,0.0592085448467867,0.05939180474587348,-0.4764977693557739,-0.7787860631942749,0.0593918040394783,0.0
246.6114679799596,53.3885320200404,-2.465510117673966,300.93173529316255,3.2868598757851486,0.03668541036881151,3.2867582833257956,0.05702735793321053,-0.22944711981874286,0.011832633449057108,-2.722270020157977,-0.0013454719370451006,0.16313453337369266,0.6057133406400681,-0.17226629078388214,0.19247819407731295,0.39,24.75,True,False,True,False,0.0,24.749999999999854,0.0,2.5099552701941015,0.21927877402372728,-0.7927618864095195,0.05859343363823239,0.05877669353731918,-0.4762219786643982,-0.7790368795394897,0.058776695281267166,0.0
246.8575069607746,53.1424930392254,-2.4610438856907826,300.91459394047297,3.2739550544301066,0.04189643941051954,3.273815956385398,0.062089513708784995,-0.227656099259487,0.006069547248321619,-2.7223682266724065,-0.0013249399699574935,0.16283035458129866,0.6057214391231537,-0.17228097945451737,0.1924619642391801,0.39,24.825,True,False,True,False,0.0,24.824999999999854,0.0,2.496369261102222,0.21958159558337276,-0.7931815585570167,0.05796921190496801,0.05815247180405479,-0.47595202922821045,-0.7794565558433533,0.058152470737695694,0.0
247.10258329723123,52.897416702768766,-2.4561981456453936,300.8975867449576,3.261270789899297,0.04709273812193264,3.261094870129908,0.06714822670831075,-0.22586956681292017,0.00040620803093720096,-2.7225866709521265,-0.001302573850677647,0.16269235621296277,0.6057293668389321,-0.17230149894952773,0.1924455125004053,0.39,24.9,True,False,True,False,0.0,24.899999999999853,0.0,2.482837117157397,0.21988091369694937,-0.7937678172126245,0.057336453201217615,0.057519713100304404,-0.47568777203559875,-0.780042827129364,0.057519711554050446,0.0
247.34671343647886,52.653286563521135,-2.4509733157473823,300.88071337472775,3.248802986365143,0.05226969367229364,3.2485908947527706,0.07219982319667466,-0.2240875726030929,-0.0051487464348364325,-2.722918785663056,-0.0012784595369332297,0.16273969813977376,0.6057371264696121,-0.17232775539159773,0.19242885242104532,0.39,24.974999999999998,True,False,True,False,0.0,24.974999999999852,0.0,2.4693579186522823,0.22017674566882223,-0.7945180189483703,0.05669567982894158,0.05687893972802836,-0.47542911767959595,-0.7807930111885071,0.056878939270973206,0.0
247.58991349384743,52.41008650615257,-2.4453700351237155,300.86397347509774,3.2365471997953366,0.057423262976353806,3.236299545454524,0.07724098933923726,-0.22231016518790533,-0.010587216873178311,-2.723358155221341,-0.001252685119012689,0.162988056853253,0.6057447171211242,-0.17235964447259902,0.1924119962051511,0.39,25.05,True,False,True,False,0.0,25.04999999999985,0.0,2.4559307609936623,0.22046910747053872,-0.7954291444453471,0.056047363526455195,0.056230623425541984,-0.4751760959625244,-0.7817041277885437,0.05623062327504158,0.0
247.83219923469784,52.16780076530216,-2.439389206307841,300.8473667109138,3.2244986582916004,0.06254995298565166,3.224216005005093,0.08226874221989953,-0.2205373850138954,-0.01590166107620247,-2.723898533350915,-0.0012253400994174783,0.16344938970569553,0.6057521468400955,-0.1723970493674278,0.19239495479762556,0.39,25.125,True,False,True,False,0.0,25.12499999999985,0.0,2.442554757838391,0.22075801556961655,-0.7964978121949708,0.05539192458045751,0.05557518447954429,-0.47492843866348267,-0.7827728390693665,0.055575184524059296,0.0
248.07358605369032,51.92641394630968,-2.433031944248125,300.830892740526,3.2126522848386485,0.06764679450833931,3.2123351485953213,0.08728039885320094,-0.21876927192143947,-0.021085108785663085,-2.7245338624883364,-0.001196516021630634,0.1641317656589374,0.6057594120502472,-0.17243983447551725,0.19237773788422347,0.39,25.2,True,False,True,False,0.0,25.19999999999985,0.0,2.429229042091619,0.22104348487425418,-0.7977202963988165,0.05472973485913086,0.05491299475821765,-0.47468626499176025,-0.7839952707290649,0.0549129955470562,0.0
248.3140889540516,51.68591104594839,-2.426299533814502,300.8145511897128,3.2010027184804355,0.07271131173224664,3.200651567365491,0.09227354418965551,-0.21700586191768478,-0.026131174878406608,-2.7252582893109643,-0.0011663053569682218,0.16503926493492924,0.605766521692276,-0.1724878641963005,0.1923603538915515,0.39,25.275,True,False,True,False,0.0,25.27499999999985,0.0,2.4159527670470324,0.22132553041479283,-0.7990925498348773,0.054061119155369194,0.05424437905445598,-0.4744492769241333,-0.7853675484657288,0.054244380444288254,0.0
248.55372251387408,51.44627748612592,-2.4191934595385503,300.7983417200717,3.1895443368841185,0.07774148637921725,3.189159592845994,0.0972459976105235,-0.21524718652898736,-0.031034062543996894,-2.726066182844893,-0.0011348011892377203,0.16617194742659447,0.6057734757661819,-0.17254098206758497,0.19234281008392573,0.39,25.349999999999998,True,False,True,False,0.0,25.34999999999985,0.0,2.402725107527161,0.22160416773873814,-0.8006102216672107,0.05338635717213789,0.05356961707122468,-0.4742174744606018,-0.7868852019309998,0.05356961861252785,0.0
248.7925008887138,51.20749911128621,-2.4117153503753683,300.78226397692833,3.178271279529959,0.08273571756777787,3.17785332210585,0.10219577955417065,-0.2134932878797603,-0.03578856582016821,-2.7269521485339854,-0.001102097152182854,0.1675258910471766,0.6057802724838257,-0.1725990295410156,0.19232511266022922,0.39,25.425,True,False,True,False,0.0,25.424999999999848,0.0,2.389545261736926,0.2218794107813282,-0.802268677525668,0.052705687850542034,0.05288894774962882,-0.47399091720581055,-0.788543701171875,0.05288894847035408,0.0
249.030437770117,50.969562229882996,-2.403866971200827,300.76631758931853,3.1671774712053247,0.0876927789904804,3.1667266432312466,0.10712107799147608,-0.2117442146497727,-0.04039006565049426,-2.727911040792976,-0.0010682872724714883,0.16909329681889534,0.6057869172096252,-0.17266183137893676,0.19230726685076951,0.39,25.5,True,False,True,False,0.0,25.499999999999847,0.0,2.3764124511207414,0.2221512752377212,-0.8040630227135831,0.05201931200260643,0.05220257190169321,-0.4737694263458252,-0.7903380393981934,0.05220257118344307,0.0
249.26754638821362,50.73245361178638,-2.3956502100645256,300.75050220257026,3.15625664466676,0.09261177347051987,3.1557732593874213,0.11202021511502375,-0.21000000947419964,-0.044834524710254314,-2.728937976343416,-0.0010334657640697876,0.17086265873919707,0.605793417096138,-0.1727292102575302,0.19228927711099386,0.39,25.575,True,False,True,False,0.0,25.574999999999847,0.0,2.363325922643565,0.22241977807841676,-0.8059881231067029,0.05132739638097264,0.05151065628005942,-0.47355276346206665,-0.7922631502151489,0.051510658115148544,0.0
249.50383951430777,50.49616048569223,-2.387067095186512,300.7348174489839,3.145502363695043,0.09749208381899162,3.1449867132226754,0.11689161516058659,-0.20826073370987003,-0.04911847556861726,-2.7300283433440544,-0.0009977264465524684,0.17281899582529683,0.6057997614145278,-0.17280097633600233,0.19227114683091642,0.39,25.65,True,False,True,False,0.0,25.649999999999846,0.0,2.350284948648251,0.22268493505979617,-0.8080386275466486,0.05063007790456116,0.05081333780364794,-0.47334128618240356,-0.7943136096000671,0.05081333965063095,0.0
249.73932940644463,50.260670593555375,-2.378119773705789,300.7192629576034,3.134908046002212,0.10233332493933919,3.1343604117010133,0.12173377401363109,-0.20652644709112475,-0.05323900550258875,-2.731177806194278,-0.0009611623001751636,0.17494414029581581,0.6058059698343277,-0.17287693977355956,0.19225287891626358,0.39,25.724999999999998,True,False,True,False,0.0,25.724999999999845,0.0,2.3372888267130727,0.2229467645756673,-0.8102089898750753,0.049927468997763645,0.050110728896850434,-0.4731343388557434,-0.7964839935302734,0.05011072754859924,0.0
249.9740278249673,50.025972175032706,-2.3688104776891525,300.7038383412041,3.1244669835057524,0.10713529309575875,3.1238876443881893,0.12654522949381397,-0.20479721465737258,-0.057193736542932534,-2.732382313820487,-0.0009238657355927154,0.17721707634374687,0.6058120316267014,-0.1729568961262703,0.19223447598218918,0.39,25.8,True,False,True,False,0.0,25.799999999999844,0.0,2.3243368826455457,0.22320528492283281,-0.8124934879570167,0.04921966184871081,0.04940292174779759,-0.47293227910995483,-0.7987684607505798,0.04940292239189148,0.0
250.20794603769488,49.79205396230512,-2.3591415793701604,300.68854323208416,3.114172368074671,0.11189791676631522,3.113561613722762,0.13132453554844847,-0.2030731148709752,-0.06098080589854941,-2.7336380979843464,-0.000885928360403823,0.1796143252079651,0.6058179557323455,-0.17304064303636552,0.19221593977212906,0.39,25.875,True,False,True,False,0.0,25.874999999999844,0.0,2.311428469626799,0.22346051552276114,-0.8148862453501388,0.04850673263265294,0.04868999253173972,-0.47273480892181396,-0.8011612296104431,0.04868999123573303,0.0
250.4410947940067,49.55890520599331,-2.349115540157004,300.67337722674347,3.1040173095030577,0.11662120830865422,3.1033754504937394,0.1360702375684443,-0.20135422799394248,-0.06459884085765602,-2.7349416734039553,-0.0008474404784199084,0.18211036625421587,0.6058237448334693,-0.17312796980142592,0.19219727222323418,0.39,25.95,True,False,True,False,0.0,25.949999999999843,0.0,2.2985629679267814,0.2237124768219923,-0.8173812568686973,0.04778874780762249,0.04797200770670927,-0.47254183888435364,-0.803656280040741,0.04797200858592987,0.0
250.67348431447172,49.32651568552828,-2.3387349276278093,300.6583399509832,3.093994857758378,0.12130521687107339,3.093322236802636,0.14078085134598078,-0.19964064701094572,-0.06804693308787134,-2.7362898339527786,-0.0008084916530450974,0.1846780891652096,0.6058293980360031,-0.17321865946054457,0.1921784746915102,0.39,26.025,True,False,True,False,0.0,26.024999999999842,0.0,2.285739786329632,0.22396119055696906,-0.8199724041302654,0.04706576767305968,0.04724902757214647,-0.47235339879989624,-0.8062474131584167,0.04724902659654617,0.0
250.90512431417568,49.09487568582432,-2.3280024367787253,300.6434309882793,3.084098022223185,0.12594998487149106,3.0833950253476075,0.14545484510946818,-0.19793246433997225,-0.0713246126289337,-2.7376796449650675,-0.0007691701048334906,0.1872892678789676,0.6058349269628525,-0.17331249713897703,0.192159548920393,0.39,26.099999999999998,True,False,True,False,0.0,26.09999999999984,0.0,2.2729583627040553,0.22420667911181777,-0.8226534783604129,0.04633785150358789,0.046521111402674675,-0.47216910123825073,-0.8089284896850586,0.04652111232280731,0.0
251.1360239845788,48.8639760154212,-2.316920864527291,300.62864993187804,3.074319787986832,0.1305555057278368,3.073586852627626,0.15009062436063597,-0.1962297879170562,-0.07443181748893879,-2.7391084343157956,-0.0007295623147088554,0.1899150483065527,0.6058403217792511,-0.1734092617034912,0.19214049636274577,0.39,26.175,True,False,True,False,0.0,26.17499999999984,0.0,2.2602181627203377,0.2244489660724175,-0.8254181997125144,0.04560506243231903,0.04578832233140581,-0.4719892740249634,-0.8116931915283203,0.045788321644067764,0.0
251.36619199351097,48.63380800648903,-2.3054931522035216,300.61399636526994,3.064653137184622,0.1351216874195159,3.063890763074165,0.1546865214117486,-0.19453273150024764,-0.07736886317248864,-2.740573778632901,-0.000689753006308044,0.19252644155854554,0.6058455976843834,-0.1735087341070175,0.19212131905257704,0.39,26.25,True,False,True,False,0.0,26.24999999999984,0.0,2.247518680848166,0.22468807659370543,-0.8282602317680833,0.0448674710403986,0.04505073093948539,-0.4718134105205536,-0.8145352602005005,0.0450507327914238,0.0
251.59563647740072,48.40436352259928,-2.2937223388088652,300.5994698556583,3.0550910645783023,0.1396483187474514,3.0542998215202193,0.15924078712657683,-0.1928414132374513,-0.08013641213921249,-2.7420734914735245,-0.0006498257028647987,0.19509481320094194,0.605850750207901,-0.17361068695783616,0.19210201892703774,0.39,26.325,True,False,True,False,0.0,26.32499999999984,0.0,2.234859440356897,0.2249240368219315,-0.8311732028403414,0.04412516006313645,0.04430841996222323,-0.4716416597366333,-0.8174481987953186,0.04430842027068138,0.0
251.82436508274145,48.17563491725855,-2.2816116332555754,300.58506999304245,3.0456265905327053,0.14413504115048506,3.044807122856446,0.1637515870122378,-0.19115595018220685,-0.0827354460210371,-2.7436056041672248,-0.0006098621990409369,0.197592362270097,0.6058557918667793,-0.17371490120887756,0.19208259860128166,0.39,26.4,True,False,True,False,0.0,26.39999999999984,0.0,2.2222399937429604,0.2251568739187452,-0.8341507222410715,0.04337822659547649,0.043561486494563276,-0.4714736044406891,-0.8204257488250732,0.043561484664678574,0.0
252.05238489870274,47.94761510129726,-2.269164350622725,300.57079630231965,3.036252780194559,0.14858132462243295,3.035405814026954,0.16821700095410683,-0.18947646610397934,-0.08516723462752955,-2.7451683489249885,-0.0005699424378416902,0.19999258043584228,0.6058607172966003,-0.17382114946842192,0.19206306117475033,0.39,26.474999999999998,True,False,True,False,0.0,26.474999999999838,0.0,2.20965992044922,0.22538661423059125,-0.837186394481567,0.04262678671634088,0.04281004661542767,-0.4713094234466553,-0.8234614133834839,0.042810045182704926,0.0
252.27970254007138,47.72029745992862,-2.256383980150999,300.556648353966,3.0269627523516838,0.15298644930137156,3.0260890959817854,0.1726350261783502,-0.18780309579361568,-0.0874333087133345,-2.746760134631947,-0.0005301449150060376,0.20227068460572534,0.6058655327558518,-0.17392920851707458,0.1920434101343155,0.39,26.55,True,False,True,False,0.0,26.549999999999837,0.0,2.197118830571349,0.225613286862888,-0.8402738344988931,0.041870976303324835,0.042054236202411624,-0.47114890813827515,-0.8265488147735596,0.04205423593521118,0.0
252.50632409800556,47.493675901994436,-2.2432741427462335,300.54262566962507,3.017749695676188,0.15734949318442729,3.0168502430895674,0.17700358402053093,-0.18613597468330914,-0.08953543306447993,-2.748379527252143,-0.0004905458030817341,0.2044040145718482,0.6058702427148819,-0.17403885930776594,0.19202364954799414,0.39,26.625,True,False,True,False,0.0,26.624999999999837,0.0,2.184616360296074,0.22583692087625354,-0.8434066818856218,0.04111095457363782,0.041294214472724605,-0.47099190950393677,-0.8296816945075989,0.04129421338438988,0.0
252.73225515558292,47.26774484441708,-2.2298386334721965,300.52872778722576,3.008606875917195,0.16166932474861745,3.0076826033690085,0.18132052886152505,-0.18447523262265866,-0.09147557926582275,-2.7500252269915197,-0.00045121965675354656,0.2063723905147047,0.6058748543262482,-0.1741498765349388,0.19200378425866366,0.39,26.7,True,False,True,False,0.0,26.699999999999836,0.0,2.172152174609694,0.22605754687324506,-0.8465786126726575,0.04034690425021311,0.0405301641492999,-0.47083818912506104,-0.8328536152839661,0.040530163794755936,0.0
252.95750081113113,47.042499188868874,-2.2160814088058105,300.51495421214304,2.99952765111496,0.16594460086931462,2.9985796166146366,0.18558366119923023,-0.18282100655533096,-0.09325590504928485,-2.7516960450807746,-0.00041223938587979476,0.20815842535960333,0.6058793640136718,-0.17426204323768615,0.19198381959348917,0.39,26.775,True,False,True,False,0.0,26.774999999999835,0.0,2.1597259664429393,0.22627519429794618,-0.8497833487877628,0.03957903336194317,0.03976229326102995,-0.4706878662109375,-0.8360583782196045,0.03976229205727577,0.0
253.18206567045286,46.81793432954714,-2.202006578138089,300.501304456262,2.990505476530698,0.17017377085892138,2.9895348130120314,0.18979074240401236,-0.18117343199819935,-0.09487873279147595,-2.7533908766998607,-0.0003736761530357837,0.20974778582440762,0.6058837825059891,-0.17437513828277587,0.19196376175135374,0.39,26.849999999999998,True,False,True,False,0.0,26.849999999999834,0.0,2.147337455387788,0.22648989442234857,-0.8530146744989312,0.0388075751332138,0.03899083503230058,-0.4705405831336975,-0.839289665222168,0.03899083659052849,0.0
253.4059538649665,46.594046135033494,-2.1876184377689842,300.48777801194365,2.9815339142527892,0.174355085473211,2.9805418226773597,0.1939395119680736,-0.17953263832842448,-0.09634653246828834,-2.7551086795896285,-0.0003355990325600528,0.2111293985492241,0.6058881115913392,-0.1744889509677887,0.19194361722171308,0.39,26.925,True,False,True,False,0.0,26.924999999999834,0.0,2.134986388125093,0.22670167815192377,-0.8562664407116768,0.03803278736756009,0.038216047266646874,-0.4703962802886963,-0.8425414562225342,0.03821604698896408,0.0
253.62916903615653,46.370830963843474,-2.1729214454110384,300.47437438132647,2.972606643044366,0.17848661056188148,2.9715943854175904,0.1980277071299786,-0.17789876034877808,-0.09766190400107806,-2.756848450215554,-0.000298075208586366,0.21229559943782086,0.605892351269722,-0.1746032643318176,0.19192339355945587,0.39,27.0,True,False,True,False,0.0,26.999999999999833,0.0,2.1226725374268423,0.22691057624110153,-0.859532574891067,0.03725495239690351,0.0374382122959903,-0.47025495767593384,-0.8458075523376465,0.03743821382522583,0.0
253.85171437963993,46.14828562036007,-2.157920220194196,300.46109302095965,2.9637174610516337,0.18256624585343734,2.9626863481695347,0.2020530832413971,-0.17627193204205974,-0.0988275656697752,-2.7586091989246655,-0.0002611698588916981,0.21324222308329838,0.6058965077996253,-0.17471787393093108,0.191903098513186,0.39,27.075,True,False,True,False,0.0,27.074999999999832,0.0,2.110395703011391,0.22711661980205927,-0.8628070904501479,0.03647437507908781,0.03665763497817459,-0.47011640667915344,-0.8490821123123169,0.03665763512253761,0.0
254.07359261405801,45.926407385941985,-2.1426195639079513,300.44793339717216,2.9548602944869673,0.18659174799556227,2.9538116745882164,0.20601343564713034,-0.17465228054423115,-0.09984634248184858,-2.760389930625775,-0.00022494634719872638,0.21396863167607527,0.6059005856513977,-0.1748325690627098,0.19188274070322514,0.39,27.15,True,False,True,False,0.0,27.14999999999983,0.0,2.098155709119804,0.22731984121625762,-0.8660840916496131,0.03569138091951117,0.03587464081859795,-0.46998047828674316,-0.8523591160774231,0.03587464243173599,0.0
254.29480603033085,45.70519396966915,-2.127024427013858,300.43489497629525,2.94602920275185,0.19056075696749306,2.944964448286855,0.20990662207207436,-0.173039928001437,-0.1007211614136106,-2.7621896244759587,-0.00018946659779759905,0.21447768459043165,0.605904587507248,-0.17494714736938477,0.1918623289436102,0.39,27.224999999999998,True,False,True,False,0.0,27.22499999999983,0.0,2.0859524062268093,0.22752027175014283,-0.8693577809545554,0.03490631429814256,0.03508957419722934,-0.46984708309173584,-0.8556327819824219,0.03508957475423813,0.0
254.51535646573373,45.48464353426627,-2.1111399298882425,300.42197721489765,2.937218381745795,0.19447082559456041,2.9361388745376256,0.21373058517484186,-0.17143499411487242,-0.10145504702160996,-2.7640072144416576,-0.00015479021940804178,0.21477564912445593,0.6059085160493851,-0.17506141066551206,0.1918418726295233,0.39,27.3,True,False,True,False,0.0,27.29999999999983,0.0,2.0737856683318037,0.2277179420713148,-0.8726224676156418,0.034119534978597155,0.03430279487768394,-0.4697161316871643,-0.8588974475860596,0.03430279344320297,0.0
254.73524533241402,45.264754667585976,-2.0949713330815585,300.4091795304789,2.928422170449215,0.19831945228327594,2.9273292885188127,0.2174833752127158,-0.16983758781408592,-0.10205111784859634,-2.765841574047569,-0.00012097444890181594,0.21487205435432036,0.6059123784303665,-0.17517516493797303,0.19182138154357672,0.39,27.375,True,False,True,False,0.0,27.37499999999983,0.0,2.061655394384645,0.22791288284685512,-0.8758725677999663,0.03333141568775003,0.03351467558683681,-0.46958738565444946,-0.8621475696563721,0.03351467475295067,0.0
254.95447362775914,45.04552637224086,-2.0785240415686292,300.39650136984574,2.9196350522428673,0.2021041144833554,2.9185301526611047,0.221163171179967,-0.16824781450288873,-0.10251258621464203,-2.76769150264204,-8.807477658270367e-05,0.21477949169019558,0.6059161728620529,-0.17528821617364881,0.1918008655652404,0.39,27.45,True,False,True,False,0.0,27.44999999999983,0.0,2.049561506717229,0.2281051246233226,-0.8791026126297898,0.03254233809871137,0.03272559799779816,-0.4694609045982361,-0.8653776049613953,0.03272559866309166,0.0
255.17304192662107,44.82695807337893,-2.0618035962495815,300.3839421537705,2.910851660852596,0.2058223039030258,2.9097360648421478,0.22476830213454174,-0.16666579042958804,-0.10284276271320295,-2.769555712452632,-5.614470187871796e-05,0.21451336638630678,0.6059198966622352,-0.17540037870407105,0.1917803346708417,0.39,27.525,True,False,True,False,0.0,27.524999999999828,0.0,2.0375039504732473,0.22829469664497457,-0.8823072513227854,0.03175268959088019,0.031935949489966975,-0.46933677792549133,-0.8685822486877441,0.03193594887852669,0.0
255.3909504150158,44.609049584984206,-2.0448156612062016,300.3715012932498,2.902066782772266,0.20947156382257456,2.9009417605182897,0.22829726624270624,-0.1650916143929579,-0.10304506032083133,-2.771432820092647,-2.5235511702450196e-05,0.21409160305452105,0.6059235668182373,-0.17551146894693373,0.19175979912728072,0.39,27.599999999999998,True,False,True,False,0.0,27.599999999999827,0.0,2.0254826940358415,0.22848163023843626,-0.8854812562205118,0.030962859515936962,0.031146119415023748,-0.46921443939208984,-0.8717562556266785,0.03114612028002739,0.0
255.60819888753585,44.39180111246415,-2.027565981210569,300.35917819928227,2.893275360477216,0.21304952413657346,2.8921421159123115,0.23174874762351955,-0.16352537606900774,-0.10312300138957946,-2.773321344260289,4.603518634467427e-06,0.21353431269230644,0.605927175283432,-0.17562130749225616,0.1917392688624561,0.39,27.675,True,False,True,False,0.0,27.674999999999827,0.0,2.0134977271741312,0.22866595492966033,-0.8886195266215399,0.03017323514789759,0.030356495046984375,-0.4690941572189331,-0.8748944997787476,0.030356494709849358,0.0
255.8247867525302,44.1752132474698,-2.0100604199675987,300.346972279629,2.8844724976286114,0.21655393650012608,2.883332156434353,0.23512163252363982,-0.16196717143050265,-0.10308022532400402,-2.775219699129546,3.3325813560235155e-05,0.21286342788160878,0.6059307247400284,-0.1757297232747078,0.191718753901124,0.39,27.75,True,False,True,False,0.0,27.749999999999826,0.0,2.0015490611855284,0.22884769914981284,-0.8917170922544188,0.029384197116606878,0.029567457015693663,-0.46897584199905396,-0.8779920935630798,0.029567457735538483,0.0
256.04071305803103,43.95928694196897,-1.9923049133776802,300.3348829192514,2.8756534596087002,0.2199827085430897,2.8745070549220055,0.2384150214119605,-0.1604170854403107,-0.10292049569115283,-2.7771261942269456,6.0886934328437135e-05,0.21210230975432556,0.6059342223405838,-0.17583654314279556,0.19169826378375293,0.39,27.825,True,False,True,False,0.0,27.824999999999825,0.0,1.989636728610839,0.22902689218279115,-0.8947691173906519,0.028596116849177358,0.028779376748264144,-0.4688592553138733,-0.8810440897941589,0.028779376298189163,0.0
256.2559764969419,43.74402350305809,-1.9743054355443785,300.32290950311335,2.8668136790778815,0.2233339354355349,2.865662141010243,0.24162823950112045,-0.1588752001925955,-0.10264771176855049,-2.779039039540484,8.724487734623114e-05,0.21127533629675377,0.6059376645088196,-0.1759416064620018,0.19167780790552497,0.39,27.9,True,False,True,False,0.0,27.899999999999824,0.0,1.9777607818082934,0.2292035626752949,-0.89777090393175,0.02780935198013304,0.027992611879219826,-0.46874451637268066,-0.8840458989143372,0.02799261175096035,0.0
256.47057541221886,43.529424587781136,-1.95606802426965,300.31105141944226,2.857948759171455,0.2266059294264547,2.856792905468223,0.24476084419281746,-0.15734159176087212,-0.10226591675759336,-2.780956349043238,0.00011236021686814291,0.21040747844500718,0.6059410583972931,-0.17604475051164625,0.191657395080477,0.39,27.974999999999998,True,False,True,False,0.0,27.974999999999824,0.0,1.9659212926681948,0.22937773892971092,-0.9007178966549942,0.027024242345055977,0.027207502244142763,-0.468631386756897,-0.886992871761322,0.027207503095269203,0.0
256.68450782279825,43.31549217720175,-1.9375987258182665,300.2993080434394,2.8490544769220865,0.22979724568505905,2.8478950049601375,0.2478126292563833,-0.15581633400857406,-0.10177930868703773,-2.7828761497884584,0.00013619605905041505,0.20952387102251596,0.6059444004297256,-0.17614582300186157,0.19163703354150058,0.39,28.05,True,False,True,False,0.0,28.049999999999823,0.0,1.9541183523279626,0.22954944842803673,-0.903605686409756,0.026241107664095785,0.02642436756318257,-0.46851998567581177,-0.8898806571960449,0.026424366980791092,0.0
256.89777142100246,43.10222857899754,-1.9189036161630735,300.2876787535729,2.8401267892205535,0.23290670536270655,2.8389642724211193,0.2507836268047049,-0.15429949899602122,-0.10119224852162115,-2.7847963918509153,0.00015871863782270215,0.20864938630672505,0.6059476950764656,-0.17624467581510544,0.19161673108562827,0.39,28.125,True,False,True,False,0.0,28.124999999999822,0.0,1.942352069746096,0.22971871877784703,-0.9064300150578896,0.025460243576950762,0.025643503476037548,-0.4684101641178131,-0.8927050232887268,0.025643503293395042,0.0
257.11036358810003,42.88963641189997,-1.899988728751848,300.27616290225706,2.831161834598003,0.23593341388243255,2.8299967175606335,0.25367410490904674,-0.1527911592809089,-0.10050926782635568,-2.7867149610872146,0.0001798967414869802,0.2078082166602209,0.605950939655304,-0.17634116291999816,0.19159649468660356,0.39,28.2,True,False,True,False,0.0,28.19999999999982,0.0,1.9306225718448646,0.22988557727233583,-0.9091867801000435,0.02468191986780618,0.024865179766892967,-0.46830201148986816,-0.8954617977142334,0.024865180253982544,0.0
257.3222814357758,42.67771856422422,-1.880860101252022,300.2647598549315,2.8221559402160974,0.23887677577159125,2.8209885384443214,0.2564845634567912,-0.1512913904676696,-0.09973507783549394,-2.7886296935861115,0.00019970183329005815,0.2070234741050038,0.6059541359543801,-0.17643514662981033,0.19157633054330947,0.39,28.275,True,False,True,False,0.0,28.27499999999982,0.0,1.9189300026544984,0.23005005204599738,-0.9118720384605306,0.023906376830552942,0.024089636729639728,-0.46819546818733215,-0.8981470465660095,0.024089636281132698,0.0
257.5335217698494,42.466478230150585,-1.8615236905645496,300.2534689672889,2.8131056250314086,0.24173650507583572,2.8119361258182534,0.2592157260881416,-0.14980025997115506,-0.09887457514401814,-2.7905383925088465,0.0002181086247841968,0.2063168124470709,0.6059572893381119,-0.1765264955163002,0.191556244225055,0.39,28.349999999999998,True,False,True,False,0.0,28.34999999999982,0.0,1.9072745210323323,0.23021217120817455,-0.914482015517185,0.023133824954141426,0.023317084853228212,-0.46809035539627075,-0.9007570147514343,0.023317085579037666,0.0
257.7440811576669,42.255918842333074,-1.8419854153223556,300.2422895852287,2.8040076073718923,0.24451263037112497,2.802836075217632,0.2618685299745907,-0.14831783876517546,-0.09793284459228503,-2.7924388472618005,0.00023509527397522843,0.20570807924376214,0.6059603935480118,-0.17661508440971374,0.1915362402357161,0.39,28.425,True,False,True,False,0.0,28.42499999999982,0.0,1.8956563026582822,0.23037196217787215,-0.9170131051235579,0.022364441756530167,0.022547701655616953,-0.4679868817329407,-0.9032881259918213,0.022547701373696327,0.0
257.9539558969991,42.046044103000895,-1.8222511176449603,300.2312210644445,2.794858807721525,0.24720549582000362,2.7936851884996616,0.26444411216636177,-0.1468441932541574,-0.09691516045759357,-2.7943288501436485,0.0002506428149955072,0.20521500246604713,0.6059634575247764,-0.1767007902264595,0.19151632244959474,0.39,28.5,True,False,True,False,0.0,28.49999999999982,0.0,1.884075536328319,0.2305294530949595,-0.9194618804956227,0.021598372345946398,0.021781632245033183,-0.46788474917411804,-0.9057368636131287,0.02178163267672062,0.0
258.1631420808489,41.8368579191511,-1.802326529152695,300.22026273131314,2.785656356220282,0.24981575677555723,2.7844804856636296,0.2669437941219019,-0.14537939519812432,-0.09582698809723969,-2.7962062178595097,0.0002647356351815209,0.20485291677215234,0.6059664723277092,-0.1767835023999214,0.19149649367555976,0.39,28.575,True,False,True,False,0.0,28.574999999999818,0.0,1.8725324256650493,0.23068467125716313,-0.9218250964264846,0.02083572835912365,0.021018988258210435,-0.46778425574302673,-0.9081000685691833,0.021018987521529198,0.0
258.37163555078905,41.62836444921095,-1.7822173049544685,300.2094139252499,2.776397597445159,0.25234437159562717,2.7752192109384373,0.26936906401336413,-0.14392351963064276,-0.09467397905048798,-2.7980688092878663,0.000277362004386762,0.20463453373551252,0.6059694451093673,-0.17686311453580855,0.19147675604447723,0.39,28.65,True,False,True,False,0.0,28.649999999999817,0.0,1.8610271855533105,0.23083764548438068,-0.9240996993966085,0.020076587551261654,0.02025984745034844,-0.46768516302108765,-0.9103747010231018,0.02025984786450863,0.0
258.57943198510435,41.42056801489565,-1.7619289386752324,300.1986739758977,2.7670800967188036,0.25479258821732864,2.765898840189764,0.2717215565957103,-0.14247664883782668,-0.09346196517332145,-2.7999145472698364,0.00028851332188809534,0.20456975866889157,0.6059723687171936,-0.17693952441215516,0.19145711062178017,0.39,28.724999999999998,True,False,True,False,0.0,28.724999999999817,0.0,1.8495600447066023,0.23098840459817954,-0.9262828287297831,0.019320995464299,0.019504255363385785,-0.4675877094268799,-0.91255784034729,0.019504254683852196,0.0
258.7865268599017,41.2134731400983,-1.741466834686572,300.1880421966207,2.7577016481898253,0.2571619282095318,2.7565170927003284,0.27400303243678487,-0.14103885567361477,-0.09219695266536325,-2.801741437844793,0.00029818402907512176,0.2046655577011655,0.605975256562233,-0.17701263815164564,0.19143755784332753,0.39,28.799999999999997,True,False,True,False,0.0,28.799999999999816,0.0,1.8381312408192607,0.2311369785836085,-0.9283718292557667,0.018568964645147942,0.018752224544234728,-0.4674914479255676,-0.9146468043327332,0.01875222474336624,0.0
258.992915500959,41.007084499041014,-1.7208362528739642,300.177517910563,2.748260276130657,0.2594541641370716,2.7470719302071984,0.27621535427168964,-0.13961022214076602,-0.09088511162801276,-2.8035475899103672,0.0003063727621859653,0.204925876229656,0.6059780934453011,-0.17708237439393998,0.19141809717640282,0.39,28.875,True,False,True,False,0.0,28.874999999999815,0.0,1.8267410227054066,0.23128339678221277,-0.9303642574262685,0.017820478046211122,0.018003737945297908,-0.46739688515663147,-0.9166392683982849,0.018003737553954124,0.0
259.1985930837258,40.801406916274175,-1.7000423043876676,300.16710042784007,2.7387542435569996,0.2616712956327141,2.7375615686512087,0.2783604644735125,-0.13819084176964244,-0.089532759154675,-2.8053312299897772,0.0003130819376659994,0.20535160996380092,0.6059808874130249,-0.17714865177869796,0.19139872750714423,0.39,28.95,True,False,True,False,0.0,28.949999999999815,0.0,1.8153896474472557,0.2314276893400024,-0.9322578831590295,0.017075489908141943,0.01725874980722873,-0.4673037528991699,-0.9185329079627991,0.017258750274777412,0.0
259.4035546592439,40.59644534075608,-1.6790899558946648,300.1567890422966,2.729182057080079,0.2638155220786188,2.727984482513214,0.28044036039574527,-0.1367808034625354,-0.08814634508006723,-2.8070907216361305,0.0003183169367862418,0.20594062666941065,0.6059836393594742,-0.17721139937639235,0.19137944689840078,0.39,29.025,True,False,True,False,0.0,29.024999999999814,0.0,1.8040773803950796,0.23156988817715504,-0.934050699286588,0.016333928046420285,0.01651718794550707,-0.4672120213508606,-0.9203256964683533,0.016517188400030136,0.0
259.60779518525436,40.39220481474564,-1.6579840253329508,300.1465830640541,2.7195424732042106,0.2658892119473141,2.718339413543877,0.2824570707820905,-0.1353802072416125,-0.08673243439445993,-2.808824580376493,0.00032208703441464814,0.20668784032243562,0.6059863430261612,-0.1772705566883087,0.19136025288030506,0.39,29.099999999999998,True,False,True,False,0.0,29.099999999999813,0.0,1.7928044937415841,0.23171002514660557,-0.9357409294649225,0.015595696689504737,0.015778956588591523,-0.4671218991279602,-0.922015905380249,0.015778956934809685,0.0
259.81130952360695,40.18869047639305,-1.6367291606657084,300.1364817674348,2.7098344990568073,0.2678948709465233,2.7086253681899612,0.28441263119661936,-0.1339891492832236,-0.08529768370500902,-2.8105314843839837,0.00032440564937297325,0.20758533374000973,0.605989009141922,-0.17732607156038283,0.19134114242605865,0.39,29.174999999999997,True,False,True,False,0.0,29.174999999999812,0.0,1.7815712648110102,0.23184813294737097,-0.937327034324371,0.014860679438592362,0.015043939337679148,-0.4670330286026001,-0.9236020445823669,0.015043939463794231,0.0
260.0140924713616,39.98590752863839,-1.6153298823757916,300.12648443977423,2.700057399844373,0.2698351077026765,2.6988416269066464,0.2863090608267455,-0.1326077299370444,-0.0838488171576747,-2.812210288844284,0.00032528928333868523,0.20862252789778823,0.6059916287660598,-0.17737789392471312,0.19132211204878988,0.39,29.25,True,False,True,False,0.0,29.24999999999981,0.0,1.7703779762016176,0.23198424489094235,-0.9388077115564437,0.014128741921990384,0.01431200182107717,-0.46694570779800415,-0.9250826835632324,0.014312001876533031,0.0
260.21613879189766,39.78386120810234,-1.5937905537253645,300.1165903553979,2.690210700084644,0.271712598838361,2.6889877436567104,0.2881483403675067,-0.13123606399022253,-0.082392603115768,-2.8138600308762047,0.0003247582018009521,0.20978639517066852,0.6059942027926445,-0.17742599248886107,0.19130315789841115,0.39,29.325,True,False,True,False,0.0,29.32499999999981,0.0,1.7592249140751115,0.23211839439921841,-0.940181907202584,0.013399736289127141,0.013582996188213927,-0.46685990691185,-0.9264569282531738,0.013582996092736721,0.0
260.41744321491393,39.58255678508607,-1.5721153765067915,300.10679877560733,2.680294188548598,0.27353005459428426,2.6790635521647506,0.2899323911561614,-0.129874265351185,-0.08093582464176319,-2.8154799372271495,0.00032283609872204926,0.21106171014766842,0.6059967356920243,-0.17747033387422562,0.19128427585847677,0.39,29.4,True,False,True,False,0.0,29.39999999999981,0.0,1.7481123664456286,0.23225061701689045,-0.9414488172354135,0.012673503959298012,0.012856763858384797,-0.46677547693252563,-0.9277238249778748,0.012856763787567616,0.0
260.61800047530755,39.381999524692446,-1.5503084250397559,300.0971089584564,2.6703079166978894,0.2752901835032164,2.6690691599751553,0.29166305489674393,-0.12852244631389526,-0.07948525320706659,-2.817069428784991,0.000319549747569868,0.2124313354010495,0.6059992265701294,-0.1775109013915062,0.1912654616188258,0.39,29.474999999999998,True,False,True,False,0.0,29.47499999999981,0.0,1.7370406231797337,0.23238094857392227,-0.9426078931714202,0.011949878953241365,0.01213313885232815,-0.4666924476623535,-0.928882896900177,0.012133139185607433,0.0
260.8178053235426,39.182194676457414,-1.5283736461723902,300.0875201457261,2.660252200848455,0.27699565817911964,2.6590049514271046,0.2933420765732349,-0.12718072468346242,-0.07804761805716284,-2.818628120752097,0.00031492961238634035,0.21387653679808602,0.6060016745328903,-0.17754768460988998,0.19124671074822547,0.39,29.549999999999997,True,False,True,False,0.0,29.54999999999981,0.0,1.7260099738580845,0.2325094248039762,-0.9436588433446651,0.011228692275672258,0.011411952174759044,-0.466610848903656,-0.9299338459968567,0.01141195185482502,0.0
261.01685255157315,38.98314744842685,-1.5063148422876733,300.07803158570186,2.650127621258193,0.2786490824310764,2.648871584125053,0.2949710887670452,-0.12584922403398566,-0.07662957494262515,-2.8201558204543336,0.00030900924984598565,0.21537732177671864,0.606004079580307,-0.1775806814432144,0.19122801891230048,0.39,29.625,True,False,True,False,0.0,29.624999999999808,0.0,1.7150207072051578,0.2326360825902324,-0.9446016344185246,0.010509775336397794,0.01069303523548458,-0.4665306806564331,-0.930876612663269,0.010693035088479519,0.0
261.2151370058001,38.7848629941999,-1.4841357095468264,300.0686425006443,2.6399350223991815,0.28025296065348093,2.638669989693979,0.2965515989723408,-0.12452807210900572,-0.07523767561735786,-2.8216525240768244,0.00030182544119582356,0.21691279489055132,0.6060064417123795,-0.17760990232229232,0.19120938180088998,0.39,29.7,True,False,True,False,0.0,29.699999999999807,0.0,1.7040731096634767,0.23276095931302232,-0.9454364930950241,0.009792962814084198,0.009976222713170984,-0.4664519429206848,-0.9317114949226379,0.009976223111152649,0.0
261.41265361558635,38.58734638441365,-1.4618398251450975,300.0593521095466,2.62967550741715,0.2818096692648581,2.628401363180865,0.298084978082217,-0.12321739091393052,-0.07387833594770533,-2.8231184099390636,0.00029341771110866525,0.2184615242606829,0.6060087662935257,-0.17763536185026169,0.1911907952733338,0.39,29.775,True,False,True,False,0.0,29.774999999999807,0.0,1.6931674646809944,0.23288409363375248,-0.9461639068357954,0.009078096673322565,0.009261356572409351,-0.4663744568824768,-0.9324389100074768,0.00926135666668415,0.0
261.609397408805,38.39060259119498,-1.4394306855554408,300.050159624916,2.619350436648555,0.283321430510984,2.6180671618238365,0.29957245274497923,-0.12191730820994413,-0.0725578071221716,-2.8245538305976936,0.00028382811129610327,0.22000191348883055,0.6060110461711884,-0.17765708714723585,0.1911722555037588,0.39,29.849999999999998,True,False,True,False,0.0,29.849999999999806,0.0,1.6823040511427507,0.23300552362327426,-0.9467846208521817,0.008365028702141626,0.008548288601228412,-0.4662984609603882,-0.9330596327781677,0.008548288606107235,0.0
261.805363540355,38.19463645964498,-1.4169116937843032,300.04106423970325,2.6089614213716077,0.2847902905384989,2.6076690957922044,0.3010150998474483,-0.12062794292897136,-0.07128214582492443,-2.825959299652781,0.0002731011625216864,0.22151257179160752,0.6060132938623428,-0.17767511159181593,0.19115375898107886,0.39,29.924999999999997,True,False,True,False,0.0,29.924999999999805,0.0,1.6714831425157237,0.23312528823771397,-0.947299637910239,0.007653624087787619,0.007836883986874404,-0.4662235379219055,-0.9335746169090271,0.007836883887648582,0.0
262.00054728438346,37.99945271561654,-1.3942861678689933,300.03206515665306,2.5985103192482986,0.28621809954923755,2.5972091237477994,0.3024138439921968,-0.11934941735848589,-0.0700571860267765,-2.8273354816226246,0.0002612841581464883,0.22297267630717574,0.6060154968500138,-0.17768948316574096,0.1911353026058525,0.39,30.0,True,False,True,False,0.0,29.999999999999805,0.0,1.6607050052804742,0.23324342596037917,-0.9477102137660902,0.006943763290757687,0.007127023189844473,-0.46615010499954224,-0.9339852333068848,0.007127023302018642,0.0
262.1949440913096,37.805055908690406,-1.3715573706276691,300.02316155571225,2.5879992246316643,0.28760649677488465,2.586689438033637,0.3037694571790723,-0.11808184977829597,-0.06888850955263787,-2.828683173534984,0.0002484263738485237,0.2243623207600924,0.6060176676511765,-0.17770024985074995,0.1911168837023899,0.39,30.075,True,False,True,False,0.0,30.074999999999804,0.0,1.6499698993589098,0.23335997538342645,-0.9480178515730958,0.006235344241801076,0.006418604140887862,-0.4660777449607849,-0.9342928528785706,0.00641860393807292,0.0
262.38854956967873,37.61145043032127,-1.3487285224046828,300.0143525973035,2.5774304620556814,0.28895689875085573,2.576112458363092,0.3050825615509425,-0.11682535693040141,-0.06778142348666691,-2.830003291948935,0.00023457883643291955,0.22566284398446695,0.6060197973251342,-0.17770747631788253,0.19109850015193225,0.39,30.15,True,False,True,False,0.0,30.149999999999803,0.0,1.6392780749779723,0.23347497530202804,-0.948224296905995,0.005528284588203265,0.005711544487290051,-0.4660067558288574,-0.9344993233680725,0.005711544305086136,0.0
262.5813595250469,37.41864047495312,-1.3258027755801762,300.00563746139005,2.566806575939543,0.29027049241161784,2.5654808191744194,0.3063536347184845,-0.11558004765025087,-0.06674093585165482,-2.831296853194194,0.0002197943765687568,0.22685713406289942,0.6060218966007233,-0.1777112293243408,0.19108015035633,0.39,30.224999999999998,True,False,True,False,0.0,30.224999999999802,0.0,1.6286297736676698,0.23358846491254276,-0.9483315307151458,0.004822523185031492,0.005005783084118278,-0.4659367799758911,-0.9346065521240234,0.005005782935768366,0.0
262.7733699677504,37.2266300322496,-1.3027832783075564,299.9970153051395,2.5561303198810057,0.29154823130433705,2.5547973566894324,0.3075830168585931,-0.11434602434397809,-0.06577173617481526,-2.8325649569223805,0.0002041270121493362,0.227929902227733,0.6060239592194557,-0.1777115860581398,0.19106183328647167,0.39,30.299999999999997,True,False,True,False,0.0,30.2999999999998,0.0,1.6180252261224217,0.23370048187632858,-0.9483417610639836,0.004118020148342623,0.004301280047429409,-0.4658680260181427,-0.93461674451828,0.004301280248910189,0.0
262.96457712068514,37.035422879314865,-1.2796731490196958,299.98848527596647,2.545404646347546,0.29279083658856636,2.5440650990927227,0.3087709212939299,-0.11312338915709202,-0.06487817723982377,-2.833808765442094,0.00018763249099159514,0.22886792338136716,0.6060259878635407,-0.17770863413810728,0.19104354848833754,0.39,30.375,True,False,True,False,0.0,30.3749999999998,0.0,1.607464651773728,0.23381106376709285,-0.9482574140829789,0.0034147588272552022,0.003598018726341988,-0.465800404548645,-0.9345324039459229,0.0035980187822133303,0.0
263.15497745300297,36.84502254699703,-1.2564754934290459,299.9800465050089,2.5346326916477797,0.29399880180477506,2.533287247008452,0.3099174452851912,-0.11191223188005964,-0.06406425802750094,-2.835029484797986,0.0001703675307080044,0.2296602377168859,0.6060279861092568,-0.1777024632692337,0.19102529613142835,0.39,30.45,True,False,True,False,0.0,30.4499999999998,0.0,1.5969482583623176,0.233920248419857,-0.9480811230032454,0.0027127450666357585,0.0028960049657225442,-0.4657337963581085,-0.9343560934066772,0.002896005054935813,0.0
263.34456766974114,36.65543233025886,-1.2331934172738324,299.9716981494453,2.523817764616851,0.2951724012189667,2.5224671630341993,0.3110225840326802,-0.11071263926584768,-0.06333361278882339,-2.83622834675324,0.00015238966000174844,0.23029831235845213,0.6060299494862557,-0.1776931756734848,0.19100707694217564,0.39,30.525,True,False,True,False,0.0,30.5249999999998,0.0,1.5864762400848367,0.2340280726753406,-0.9478157165015271,0.00201200715524864,0.002195267054335426,-0.46566835045814514,-0.9340907335281372,0.002195267006754875,0.0
263.5333447455216,36.46665525447838,-1.2098300178235157,299.9634393176266,2.5129633327077094,0.29631170239274307,2.5116083563208287,0.3120862456140326,-0.10952468715164122,-0.0626895013711504,-2.83740658841118,0.00013375656970480483,0.23077615974865198,0.6060318851470947,-0.1776808714866638,0.19098889223420992,0.39,30.599999999999998,True,False,True,False,0.0,30.5999999999998,0.0,1.5760487781642374,0.2341345722285435,-0.94746420713261,0.0013125953099491355,0.0014958552090359213,-0.4656038284301758,-0.933739185333252,0.0014958551619201899,0.0
263.72130590381045,36.278694096189554,-1.1863884136202878,299.9552691472145,2.5020730066076586,0.29741658147078387,2.500714466413645,0.3131082669068195,-0.10834843945962866,-0.06213480591833086,-2.838565435331526,0.00011452641133555373,0.23109041142972994,0.606033790409565,-0.1776656675338745,0.19097074384328444,0.39,30.674999999999997,True,False,True,False,0.0,30.674999999999798,0.0,1.565666038996311,0.23423978292939956,-0.9470297805719887,0.0006145802063135877,0.0007978401054003735,-0.4655403196811676,-0.9333047866821289,0.000797840126324445,0.0
263.90844866098536,36.09155133901464,-1.1628717359856682,299.9471867465677,2.4911505254146196,0.29848674154607074,2.4897892478980923,0.3140884306968636,-0.10718395074421141,-0.06167202557019687,-2.8397060832242307,9.475765572629062e-05,0.23124034687236555,0.6060356679558754,-0.1776476764678955,0.1909526341144112,0.39,30.75,True,False,True,False,0.0,30.749999999999797,0.0,1.5553281752904256,0.2343437383187206,-0.9465157784945619,-8.194780657119066e-05,0.00010131209251559511,-0.46547773480415344,-0.9327907562255859,0.00010131209273822606,0.0
264.0947708185582,35.905229181441825,-1.1392831375178694,299.93919125334014,2.480199741343893,0.29952173380823,2.4788365548297344,0.3150264831543362,-0.10603126115565197,-0.061303278164070586,-2.8408296824225245,7.450860727253853e-05,0.23122787684027843,0.6060375195741653,-0.17762702345848083,0.1909345658572158,0.39,30.825,True,False,True,False,0.0,30.824999999999797,0.0,1.5450353236458054,0.2344464716922745,-0.9459256864573615,-0.0007768807549653686,-0.0005936208558785828,-0.4654160141944885,-0.9322006702423096,-0.0005936208763159811,0.0
264.2802704605839,35.71972953941611,-1.115625783593301,299.93128176613163,2.469224603967031,0.3005209802626257,2.46786032494054,0.3159221516310237,-0.10489040472854197,-0.06103030257872186,-2.8419373230450113,5.383752270688567e-05,0.23105748253031413,0.6060393416881561,-0.17760383367538451,0.1909165422884282,0.39,30.9,True,False,True,False,0.0,30.899999999999796,0.0,1.5347876049793003,0.234548013738474,-0.9452631191500478,-0.0014700949428762648,-0.001286835043789479,-0.4653552770614624,-0.9315381050109863,-0.001286835060454905,0.0
264.4649459718046,35.53505402819542,-1.0919028608667662,299.9234573965605,2.458229144722261,0.3014837989037731,2.4568645643845524,0.31677516247202175,-0.1037614046970746,-0.06085446530384095,-2.8430300211217063,3.2802132130572666e-05,0.23073611165514837,0.6060411387681961,-0.1775782385468483,0.19089856696529314,0.39,30.974999999999998,True,False,True,False,0.0,30.974999999999795,0.0,1.5245851246678859,0.23464839558347605,-0.9445318042537315,-0.0021614534364300456,-0.00197819353734326,-0.46529537439346313,-0.9308068156242371,-0.0019781936425715685,0.0
264.64879605320186,35.35120394679814,-1.068117581522268,299.9157172562427,2.4472174609764012,0.30240942971805823,2.4458533317964735,0.31758525797371445,-0.10264426908687566,-0.060776770089446465,-2.8441087085603485,1.1459253593090508e-05,0.2302730336509011,0.6060429108142853,-0.17755036950111389,0.1908806437424384,0.39,31.049999999999997,True,False,True,False,0.0,31.049999999999795,0.0,1.514427971550748,0.23474764666683456,-0.9437355689072519,-0.0028508083687081506,-0.002667548469621365,-0.4652363061904907,-0.9300105571746826,-0.002667548367753625,0.0
264.83181969089344,35.16818030910656,-1.0442731620240733,299.9080604567989,2.436193701951413,0.3032970612249794,2.4348307268929537,0.318352213605983,-0.10153900283824414,-0.06079787095353364,-2.8451742234881094,-1.0134868192765858e-05,0.22967965788736866,0.6060446533560753,-0.1775203663110733,0.1908627766666934,0.39,31.125,True,False,True,False,0.0,31.124999999999794,0.0,1.5043162170738975,0.23484579460314361,-0.9428783253953176,-0.003538003433749118,-0.003354743534662332,-0.4651782214641571,-0.929153323173523,-0.0033547435887157917,0.0
265.0140161976038,34.98598380239622,-1.0203728571141062,299.90048610333906,2.4251620504614033,0.3041458577957224,2.423800870226347,0.31907585282095374,-0.10044559381105815,-0.060918084461022225,-2.846227301516954,-3.1924724934269435e-05,0.22896931695245745,0.6060463744401932,-0.17748836666345597,0.19084496995136144,0.39,31.2,True,False,True,False,0.0,31.199999999999793,0.0,1.4942499170008607,0.23494286663662167,-0.9419640546869377,-0.004222877071896107,-0.004039617172809321,-0.4651208519935608,-0.9282390475273132,-0.004039617255330086,0.0
265.19538518156264,34.80461481843736,-0.9964199215665784,299.89299331724715,2.414126710297474,0.3049549863359403,2.412767893705409,0.3197560615764442,-0.09936401290979832,-0.061137406757499756,-2.847268573694793,-5.3856034218561545e-05,0.22815702007790128,0.60604807138443,-0.17745451241731644,0.19082722788844259,0.39,31.275,True,False,True,False,0.0,31.274999999999793,0.0,1.484229109131792,0.2350388881571551,-0.9409967907794798,-0.0049052643517195835,-0.004722004452632798,-0.46506428718566895,-0.9272717833518982,-0.0047220042906701565,0.0
265.3759265698351,34.62407343016491,-0.9724176016923193,299.88558120363314,2.4030918912921537,0.3057236418173576,2.4017359264989993,0.320392801245918,-0.09829422628738792,-0.06145553174265278,-2.848298561550545,-7.587564108057361e-05,0.22725918179194335,0.6060497415065765,-0.17741894543170927,0.19080955473966899,0.39,31.349999999999998,True,False,True,False,0.0,31.349999999999792,0.0,1.4742538150140547,0.23513388203176142,-0.9399806073518565,-0.005585000594429571,-0.0054017406953427854,-0.46500861644744873,-0.9262555837631226,-0.0054017407819628716,0.0
265.55564059276554,34.44435940723446,-0.9483691650808346,299.8782488838774,2.392061795051775,0.3064510724260032,2.3907090822886548,0.32098611972316304,-0.09723618874447067,-0.06187187042862337,-2.849317675569474,-9.793136953176908e-05,0.2262933291704223,0.6060513883829117,-0.1773818117380142,0.1907919547304511,0.39,31.424999999999997,True,False,True,False,0.0,31.42499999999979,0.0,1.4643240386590701,0.23522787104549242,-0.9389196039152448,-0.00626192413942778,-0.006078664240340995,-0.4649537205696106,-0.9251946210861206,-0.006078664213418961,0.0
265.73452778916703,34.26547221083297,-0.9242778538606836,299.87099548588185,2.381040602592161,0.3071366025026095,2.379691448549537,0.32153616049420364,-0.09618984605974948,-0.062385570881150466,-2.850326218052125,-0.00011997267655113118,0.22527779352637073,0.6060530084371567,-0.17734325110912322,0.19077443192880603,0.39,31.5,True,False,True,False,0.0,31.49999999999979,0.0,1.4544397673978953,0.23532087613301433,-0.9378178903929434,-0.006935878115579459,-0.006752618216492673,-0.4648997187614441,-0.9240928888320923,-0.006752618122845888,0.0
265.9125890063176,34.0874109936824,-0.9001469186923433,299.8638201147428,2.3700324616200747,0.307779654097898,2.3686870755776757,0.32204316991091375,-0.09515512952916266,-0.06299554213788747,-2.8513243856274513,-0.0001419506199219343,0.22423139245316998,0.6060546070337296,-0.177303409576416,0.19075699019692838,0.39,31.575,True,False,True,False,0.0,31.57499999999979,0.0,1.4446009715958132,0.23541291695071448,-0.9366795763494501,-0.007606713903743859,-0.007423454004657073,-0.4648464322090149,-0.9229545593261719,-0.007423453964293003,0.0
266.08982539996646,33.91017460003354,-0.8759795635298011,299.85672192439733,2.3590414743670047,0.3083797650914919,2.3576999661247533,0.32250750207991963,-0.09413196731718612,-0.06370047531679962,-2.852312274966389,-0.00016381722417817168,0.22317310718895572,0.6060561752319336,-0.1772624310851097,0.19073963315486908,0.39,31.65,True,False,True,False,0.0,31.64999999999979,0.0,1.4348076046525318,0.23550401210121572,-0.9355087582073869,-0.008274292442481217,-0.008091032543394432,-0.4647941589355469,-0.9217837452888489,-0.0080910325050354,0.0
266.26623840063286,33.73376159936714,-0.8517789711115235,299.84970002971613,2.3480716869053677,0.3089366058616645,2.3467340660907654,0.32292962178181267,-0.09312027769348125,-0.06449886458602923,-2.8532898882373385,-0.00018552601746706982,0.22212176094150063,0.6060577210783958,-0.17722045749425888,0.19072236408367754,0.39,31.724999999999998,True,False,True,False,0.0,31.72499999999979,0.0,1.4250596030018448,0.23559417834614232,-0.9343095058135163,-0.00893848742090416,-0.008755227521817375,-0.46474263072013855,-0.920584499835968,-0.00875522755086422,0.0
266.4418297576738,33.558170242326185,-0.8275482944670534,299.8427535911337,2.3371270813252827,0.3094499923694315,2.335793260432683,0.32331010531224225,-0.09211997289167141,-0.06538903018204914,-2.8542571445256444,-0.000207032160907568,0.22109570333317122,0.6060592365264893,-0.17717763066291808,0.19070518591329455,0.39,31.799999999999997,True,False,True,False,0.0,31.799999999999788,0.0,1.4153568879651928,0.23568343243173379,-0.9330858509751091,-0.009599186308378364,-0.009415926409291578,-0.4646921157836914,-0.919360876083374,-0.009415926411747932,0.0
266.6166015004058,33.38339849959419,-0.8032906229198953,299.83588175281693,2.32621156417706,0.30991989636591555,2.324881360553608,0.32364963832369803,-0.09113095609181802,-0.0663691403029478,-2.8552138871888273,-0.0002282925658974619,0.2201125069620165,0.6060607278347016,-0.17713408827781676,0.1906881011620164,0.39,31.875,True,False,True,False,0.0,31.874999999999787,0.0,1.4056993633279402,0.23577178901298912,-0.9318417823191576,-0.010256291875266815,-0.010073031976180029,-0.46464240550994873,-0.9181168079376221,-0.010073032230138779,0.0
266.7905559277339,33.20944407226608,-0.7790089990828165,299.82908366542824,2.3153289603887277,0.31034645234844555,2.314002101842733,0.3239490122848235,-0.09015312197638749,-0.06743723353554233,-2.856159896991142,-0.0002492658538423252,0.21918868032963537,0.6060621905326843,-0.17708996802568436,0.19067111193649472,0.39,31.95,True,False,True,False,0.0,31.949999999999786,0.0,1.3960869174776807,0.2358592621465102,-0.9305812318311742,-0.01090972406359417,-0.010726464164507385,-0.46459364891052246,-0.9168562293052673,-0.010726463980972767,0.0
266.9636956418504,33.03630435814961,-0.7547064146124197,299.82235850568577,2.3044830052240584,0.3107299609471992,2.303159136757694,0.32420911868336727,-0.08918636571900741,-0.06859123818796355,-2.8570949027631944,-0.0002699116987748255,0.2183394025846462,0.6060636228322983,-0.17704540759325027,0.19065421983487904,0.39,32.025,True,False,True,False,0.0,32.024999999999785,0.0,1.3865194239746343,0.23594586467431922,-0.929308068121778,-0.011559420257774143,-0.011376160358687357,-0.4645459055900574,-0.915583074092865,-0.011376160196959972,0.0
267.1360234938055,32.86397650619449,-0.7303857549647876,299.81570543401904,2.2936773388036245,0.3110708894464528,2.29235603082824,0.3244309411522442,-0.08823057998805289,-0.06982898907512264,-2.858018594589536,-0.0002901912409413295,0.21757828314560046,0.6060650247335434,-0.17700053840875624,0.19063742601945996,0.39,32.1,True,False,True,False,0.0,32.09999999999979,0.0,1.3769967396982283,0.23603160871570777,-0.9280260889233797,-0.012205335729409423,-0.012022075830322637,-0.46449917554855347,-0.9143010973930359,-0.012022076174616814,0.0
267.3075426068292,32.6924573931708,-0.7060498716328734,299.8091236368882,2.282915501475105,0.31136986927484295,2.281596259346655,0.3246155457227525,-0.08728564621632426,-0.07114824595315358,-2.8589306383769615,-0.00031006760321439843,0.21691715073272969,0.6060663998126984,-0.17695548981428144,0.1906207311924547,0.39,32.175,True,False,True,False,0.0,32.17499999999979,0.0,1.367518707840697,0.23611650657799524,-0.9267390134448101,-0.012847445070525588,-0.012664185171438802,-0.4644533395767212,-0.9130139946937561,-0.012664184905588627,0.0
267.4782563607866,32.52174363921341,-0.6817015014117437,299.8026123137938,2.272200928531344,0.3116276892960071,2.270883202731444,0.32476406935996116,-0.08635144603225163,-0.07254671012643658,-2.859830689344937,-0.0003295052245388504,0.2163658754904887,0.6060677409172058,-0.17691039115190504,0.19060413552336394,0.39,32.25,True,False,True,False,0.0,32.249999999999794,0.0,1.3580851566243939,0.23620056843931242,-0.9254504800571399,-0.013485740136662462,-0.013302480237575676,-0.46440863609313965,-0.9117254614830017,-0.01330247987061739,0.0
267.64816838439697,32.35183161560303,-0.6573433131379198,299.79617065770117,2.2615369488581165,0.31184528721338195,2.260220147928039,0.32487770800277954,-0.08542786217776847,-0.0740220366896736,-2.8607184043623746,-0.0003484698696737593,0.2159322262442105,0.6060690507292747,-0.1768653655052185,0.19058763874582949,0.39,32.324999999999996,True,False,True,False,0.0,32.3249999999998,0.0,1.3486959001567376,0.23628380411005573,-0.9241640388236841,-0.014120231394307115,-0.01393697149522033,-0.4643649756908417,-0.9104390144348145,-0.013936971314251423,0.0
267.8172825500526,32.182717449947404,-0.6329778736959449,299.78979787461594,2.2509267796180743,0.31202373727831567,2.249610281025013,0.3249577017813347,-0.08451477852566434,-0.0755718463937787,-2.861593455758065,-0.00036692870765771404,0.21562176429957902,0.6060703247785568,-0.17682053595781325,0.19057124015763402,0.39,32.4,True,False,True,False,0.0,32.3999999999998,0.0,1.3393507388581667,0.23636622373029717,-0.9228831497392973,-0.0147509458928902,-0.014567685993803415,-0.4643225073814392,-0.9091581702232361,-0.01456768624484539,0.0
267.9856029686351,32.01439703136492,-0.6086076480178182,299.78349317702987,2.240373527009335,0.31216423645986213,2.2390566903223594,0.32500532082944233,-0.08361207719179482,-0.07719373540591473,-2.86245554444211,-0.00038485087082353845,0.215437776132754,0.6060715666413307,-0.17677601516246794,0.1905549386691302,0.39,32.475,True,False,True,False,0.0,32.4749999999998,0.0,1.3300494597471073,0.23644783718460147,-0.9216111772862824,-0.015377926885432942,-0.015194666986346157,-0.4642811119556427,-0.9078861474990845,-0.01519466657191515,0.0
268.1531339739582,31.846866026041823,-0.584235033074161,299.7772558034885,2.2298801834389455,0.312268087399865,2.2285623632572684,0.3250218496002507,-0.08271964537837237,-0.07888528537798048,-2.863304412160246,-0.0004022065561347802,0.21538124535154227,0.606072769165039,-0.17673192411661148,0.19053873273059727,0.39,32.55,True,False,True,False,0.0,32.549999999999805,0.0,1.3207918367250706,0.23652865395211933,-0.9203513920259112,-0.01600123244554076,-0.015817972546453975,-0.46424102783203125,-0.9066264033317566,-0.015817971900105476,0.0
268.31988012018184,31.680119879818164,-0.5598623026355273,299.7710849729933,2.2194496271151136,0.31233668069019244,2.2181301860137643,0.3250085709817752,-0.08183735996091066,-0.08064406557932373,-2.8641398521540995,-0.00041896717147358605,0.21545086366627567,0.6060739439725876,-0.17668836921453476,0.19052262047752738,0.39,32.625,True,False,True,False,0.0,32.62499999999981,0.0,1.3115776314323002,0.23660868334074922,-0.9191069651189148,-0.016620932913132474,-0.016437673014045688,-0.4642018675804138,-0.905381977558136,-0.016437673941254616,0.0
268.48584617143916,31.514153828560836,-0.5354916497623519,299.764979943614,2.209084622636354,0.3123714738089841,2.2077629438457613,0.3249667500823581,-0.08096510333521265,-0.08246763872351845,-2.8649617215829393,-0.0004351059719933849,0.21564308091935147,0.6060750767588615,-0.17664545893669129,0.19050659990012647,0.39,32.699999999999996,True,False,True,False,0.0,32.69999999999981,0.0,1.302406593389999,0.23668793400550964,-0.9178809680680617,-0.01723711050313106,-0.017053850604044275,-0.4641641080379486,-0.904155969619751,-0.01705384999513626,0.0
268.65103710961546,31.34896289038454,-0.5111251613111514,299.7589399603953,2.1987878200240116,0.3123739700325625,2.1974633191886506,0.32489761881649337,-0.08010277026830401,-0.08435356246395458,-2.8657699455973855,-0.0004505972822542084,0.21595219282640507,0.6060761719942093,-0.1766032975912094,0.19049066848009827,0.39,32.775,True,False,True,False,0.0,32.774999999999814,0.0,1.293278460570846,0.2367664140918061,-0.9166763740094945,-0.017849856136839617,-0.01766659623775283,-0.4641276001930237,-0.9029513597488403,-0.017666596919298172,0.0
268.815458092871,31.184541907129017,-0.48676484342464305,299.7529642846471,2.1885617567378755,0.3123456971548586,2.1872338947954817,0.32480236063830537,-0.07925025161547242,-0.08629938826264895,-2.8665645279398246,-0.0004654165228441864,0.2163704625913577,0.6060772305727005,-0.1765619874000549,0.19047482379600406,0.39,32.85,True,False,True,False,0.0,32.84999999999982,0.0,1.2841929589711498,0.23684413362033718,-0.9154960556173702,-0.018459267970477467,-0.01827600807139068,-0.46409231424331665,-0.901771068572998,-0.01827600784599781,0.0
268.9791144919325,31.020885508067522,-0.46241261303749187,299.7470521842015,2.1784088564651665,0.31228818452895557,2.1770771490051586,0.3246820950070445,-0.0784074372373874,-0.08830265894379791,-2.8673455569883313,-0.0004795407969155401,0.2168882763052394,0.6060782524943352,-0.17652162224054335,0.1904590630874038,0.39,32.925,True,False,True,False,0.0,32.92499999999982,0.0,1.275149804892096,0.23692110165444435,-0.9143427848914679,-0.019065448629869787,-0.018882188730783,-0.4640582501888275,-0.900617778301239,-0.018882188946008682,0.0
269.14201184343256,30.857988156567444,-0.4380703063694307,299.7412029268712,2.1683314313415,0.31220294059435094,2.166995458669535,0.32453786423447306,-0.07757422514971202,-0.09036090725367686,-2.8681132091584,-0.0004929485990876194,0.2174943287990011,0.6060792332887649,-0.1764822980761528,0.19044338369071484,0.39,33.0,True,False,True,False,0.0,32.99999999999982,0.0,1.2661487029437137,0.2369973269424417,-0.9132192351152838,-0.01966850312695826,-0.019485243227871474,-0.4640255570411682,-0.8994942307472229,-0.019485242664813995,0.0
269.3041558706473,30.69584412935268,-0.41373968317663323,299.7354158065309,2.1583316819507132,0.3120914310780844,2.156991097520975,0.32437062080349605,-0.07675051842874564,-0.09247164974708669,-2.8688677500476834,-0.000505619463345848,0.21817583534477103,0.6060801756381988,-0.17644410461187363,0.19042778279706837,0.39,33.074999999999996,True,False,True,False,0.0,33.074999999999825,0.0,1.2571893486112093,0.23707281921182913,-0.912127979928466,-0.02026853640019933,-0.020085276501112543,-0.4639941453933716,-0.898402988910675,-0.020085277035832405,0.0
269.46555245238903,30.534447547610966,-0.3894224394956415,299.72969011377563,2.148411698184644,0.31195505791347095,2.1470662352829275,0.324181215822965,-0.07593621902473857,-0.09463238085045846,-2.869609536848407,-0.0005175345365462908,0.21891876562969578,0.6060810804367065,-0.1764071273803711,0.19041225783973934,0.39,33.15,True,False,True,False,0.0,33.14999999999983,0.0,1.2482714271143973,0.23714758801552221,-0.9110714937630077,-0.02086565102839261,-0.020682391129305824,-0.46396398544311523,-0.8973464965820312,-0.02068239077925682,0.0
269.6262076255987,30.37379237440132,-0.3651201991454312,299.7240251392068,2.1385734614608998,0.311795139439979,2.137222940207714,0.3239703898648164,-0.07513122860670443,-0.09684056729072672,-2.8703390178305264,-0.0005286764533481367,0.21970809671280772,0.606081947684288,-0.1763714498281479,0.19039680620357394,0.39,33.225,True,False,True,False,0.0,33.22499999999983,0.0,1.2393946151186033,0.23722164286969966,-0.9100521521391335,-0.02145994480395606,-0.021276684904869274,-0.46393507719039917,-0.8963271379470825,-0.0212766844779253,0.0
269.78612759311795,30.213872406882047,-0.340834560468454,299.7184201897053,2.1288188421812304,0.31161289086608157,2.1274631723742736,0.3237387643183657,-0.07433546344276301,-0.09909364013218058,-2.8710567275955294,-0.0005390288771966098,0.22052807979895955,0.606082770228386,-0.17633715331554412,0.1903814255155623,0.39,33.3,True,False,True,False,0.0,33.299999999999834,0.0,1.2305585805920725,0.23729499325660092,-0.9090722337755236,-0.02205150896536212,-0.021868249066275335,-0.4639076590538025,-0.8953472375869751,-0.021868249401450157,0.0
269.9453186848116,30.054681315188418,-0.3165670495861972,299.7128745916734,2.1191496020090983,0.31140940872557027,2.1177887861976927,0.3234868358429834,-0.07354883773787226,-0.10138898574185543,-2.8717632827876582,-0.0005485769401111755,0.22136251557758566,0.6060835587978363,-0.17630431294441223,0.1903661136932671,0.39,33.375,True,False,True,False,0.0,33.37499999999984,0.0,1.2217629823785126,0.23736764992197304,-0.908133917557111,-0.02264042507489681,-0.022457165175810024,-0.46388137340545654,-0.8944089412689209,-0.022457165643572807,0.0
270.1037873705216,29.896212629478384,-0.2923191841372248,299.70738763896,2.1095673934516075,0.31118565587037605,2.1082015275741517,0.32321497148789785,-0.07277126038370578,-0.10372393954383721,-2.872459379140538,-0.000557307791373035,0.22219503398676002,0.6060843098163605,-0.17627299964427948,0.19035086889639496,0.39,33.449999999999996,True,False,True,False,0.0,33.44999999999984,0.0,1.213007472335363,0.23743962277834188,-0.9072392835539577,-0.0232267646329021,-0.023043504733815313,-0.4638563394546509,-0.8935142755508423,-0.023043503984808922,0.0
270.2615402548854,29.738459745114596,-0.2680924477819612,299.70195867424354,2.1000737602659014,0.31094244899251233,2.0987030344050206,0.32292340728410707,-0.07200264814550963,-0.1060957795134025,-2.873145782197371,-0.0005652097045129007,0.22300937485412034,0.6060850214958191,-0.17624328643083573,0.19033568952679636,0.39,33.525,True,False,True,False,0.0,33.52499999999984,0.0,1.2042916946213111,0.23751092207724553,-0.9063903144130424,-0.023810585983606986,-0.0236273260845202,-0.4638326168060303,-0.8926653265953064,-0.023627325892448425,0.0
270.41858404622866,29.58141595377134,-0.2438883029466175,299.69658701741764,2.090670134655829,0.3106804485519766,2.0892948296793,0.3226122472354744,-0.07124292208414404,-0.10850171647867456,-2.8738233172036183,-0.000572272429166984,0.22378966229998648,0.6060856956243516,-0.17621523588895796,0.19032057447060943,0.39,33.6,True,False,True,False,0.0,33.599999999999845,0.0,1.1956152859813027,0.2375815575501549,-0.9055888936936245,-0.024391933704702207,-0.02420867380561542,-0.46381014585494995,-0.8918638825416565,-0.02420867420732975,0.0
270.5749255747059,29.4250744252941,-0.21970823331625736,299.6912720176597,2.081357837992941,0.3104001521366803,2.079978322448181,0.32228146553657416,-0.0704919991914645,-0.11093888899286816,-2.8744928613604332,-0.0005784874963778762,0.22452066949543403,0.6060863357782363,-0.1761889126896858,0.19030552300140263,0.39,33.675,True,False,True,False,0.0,33.67499999999985,0.0,1.1869778774574238,0.23765154012756803,-0.9048368020567391,-0.02497083728153222,-0.024787577382445435,-0.46378880739212036,-0.8911117911338806,-0.024787576869130135,0.0
270.730571771568,29.26942822843199,-0.19555370134144806,299.6860130046225,2.072138078327427,0.31010188934032684,2.070754803063988,0.32193091001786767,-0.0697498010920273,-0.1134043570406588,-2.875155332950222,-0.0005838478870601565,0.2251880697196584,0.6060869374871254,-0.17616437524557113,0.19029053473174573,0.39,33.75,True,False,True,False,0.0,33.74999999999985,0.0,1.1783790933911755,0.2377208793731852,-0.9041357195945212,-0.025547309380761597,-0.02536404948167481,-0.46376875042915344,-0.8904107213020325,-0.025364048779010773,0.0
270.8855296510088,29.114470348991176,-0.17142622047111927,299.6808093339987,2.0630119508503193,0.3097858203833596,2.0616254440046515,0.3215603085431835,-0.0690162566305762,-0.1158950974840976,-2.8758116787195296,-0.00058834845466468,0.22577866937845303,0.6060875016450882,-0.17614167779684065,0.1902756097584963,0.39,33.824999999999996,True,False,True,False,0.0,33.824999999999854,0.0,1.1698185525637594,0.237789585992368,-0.9034872215377879,-0.026121346400496483,-0.025938086501409698,-0.4637499451637268,-0.8897622227668762,-0.025938086211681366,0.0
271.03980631794946,28.960193682050544,-0.1473272871676801,299.6756603549625,2.05398043299152,0.3094519376203249,2.0525912913194957,0.32116927540786105,-0.06829128030456735,-0.11840800159690759,-2.876462862084049,-0.0005919859345994843,0.22628061830960988,0.6060880389809609,-0.1761208724975586,0.1902607486627996,0.39,33.9,True,False,True,False,0.0,33.89999999999986,0.0,1.1612958691945148,0.2378576707757083,-0.9028927785651338,-0.026692926526557983,-0.026509666627471198,-0.4637320339679718,-0.8891677856445312,-0.026509666815400124,0.0
271.19340894988517,28.806591050114832,-0.12325845313987734,299.6705654297125,2.0450443833181353,0.30910006838681436,2.04365326371094,0.3207573206298057,-0.0675747904300505,-0.12093987332470035,-2.8771098526009053,-0.0005947586933395666,0.2266835959183936,0.6060885378718376,-0.17610200732946396,0.19024595246165993,0.39,33.975,True,False,True,False,0.0,33.97499999999986,0.0,1.15281065251278,0.23792514298767387,-0.9023537523479391,-0.02726201158284049,-0.027078751683753705,-0.46371540427207947,-0.8886287808418274,-0.027078751474618912,0.0
271.34634478392553,28.65365521607447,-0.09922131684316346,299.6655239237034,2.036204540780484,0.3087298818806944,2.034812152122827,0.32032386141637575,-0.06686671274666155,-0.12348742861081764,-2.8777536097324803,-0.0005966670865135208,0.22697896953237212,0.6060890045762062,-0.1760851240158081,0.19023122255951166,0.39,34.05,True,False,True,False,0.0,34.04999999999986,0.0,1.1443625077563158,0.23799201196023115,-0.9018713929484987,-0.027828545510184502,-0.027645285611097716,-0.4636998474597931,-0.8881464004516602,-0.027645286172628403,0.0
271.49862112197985,28.501378878020148,-0.07521751498204596,299.66053521214644,2.027461519089908,0.3083408980402984,2.026068610932356,0.3198682329386796,-0.06616696673345547,-0.1260472978804264,-2.878395071484861,-0.0005977133526106397,0.22715992095828272,0.6060894399881362,-0.17607026427984238,0.1902165609419346,0.39,34.125,True,False,True,False,0.0,34.124999999999865,0.0,1.1359510368840957,0.23805828781849728,-0.9014468380694154,-0.02839245526699035,-0.028209195367903565,-0.4636853337287903,-0.887721836566925,-0.028209194540977478,0.0
271.6502452918741,28.349754708125886,-0.05124872675494771,299.65559867025377,2.0188158053837695,0.30793249902196934,2.0174231577489175,0.319389701772431,-0.06547546347077055,-0.12861602846165587,-2.879035143294431,-0.0005979014528245477,0.22722154169165643,0.6060898485779762,-0.1760574635863304,0.1902019697882235,0.39,34.199999999999996,True,False,True,False,0.0,34.19999999999987,0.0,1.127575838291108,0.2381239796436214,-0.9010811075040214,-0.028953651929478692,-0.028770392030391907,-0.4636717140674591,-0.8873561024665833,-0.028770392760634422,0.0
271.80122468104463,28.19877531895537,-0.027316716348971908,299.6507136927644,2.01026775697748,0.3075039418093926,2.008876168963832,0.3188874795124834,-0.06479211610132574,-0.13119008955555905,-2.879674685615414,-0.0005972373670397281,0.22716089501630868,0.6060902249813079,-0.1760467532277107,0.1901874519556761,0.39,34.275,True,False,True,False,0.0,34.27499999999987,0.0,1.1192365089469238,0.23818909550887948,-0.9007750993424948,-0.029512031733323243,-0.029328771834236458,-0.4636591672897339,-0.8870500922203064,-0.02932877093553543,0.0
271.95156667174,28.04843332825999,-0.003423277694413543,299.6458796548932,2.0018176000853685,0.30705437399756064,2.0004278799397754,0.31836073800023873,-0.06411683526585234,-0.13376587951819705,-2.8803145011841447,-0.0005957291089270535,0.22697704393976167,0.6060905754566193,-0.17603816032409667,0.19017301039844753,0.39,34.35,True,False,True,False,0.0,34.34999999999987,0.0,1.1109326425425454,0.23825364314922756,-0.900529589169014,-0.030067476272214965,-0.02988421637312818,-0.4636474847793579,-0.8868045806884766,-0.0298842154443264,0.0
272.101278677306,27.898721322693973,0.020429714541975667,299.6410959643931,1.9934654245032004,0.30658284994984697,1.9920783772851018,0.3178086232832161,-0.06344952816556446,-0.13633973472476515,-2.8809553253344853,-0.0005933866750199622,0.22667104437558538,0.6060908973217011,-0.1760317078232765,0.19015864850655198,0.39,34.425,True,False,True,False,0.0,34.424999999999876,0.0,1.1026638330542995,0.2383176305851069,-0.9003452252489231,-0.030619855457395727,-0.03043659555830894,-0.46363675594329834,-0.8866202235221863,-0.030436595901846886,0.0
272.2503681033053,27.749631896694723,0.04424032620677717,299.63636203227634,1.9852111824315264,0.3060883491234748,1.9838275991203826,0.3172302712471383,-0.06279009766807359,-0.1389079401423104,-2.8815978161186013,-0.0005902221951267006,0.22624590522723295,0.6060911950469017,-0.17602741241455078,0.19014437000900508,0.39,34.5,True,False,True,False,0.0,34.49999999999988,0.0,1.0944296727481686,0.23838106444807425,-0.9002225251050717,-0.031169027858534093,-0.030985767959447307,-0.46362683176994324,-0.8864974975585938,-0.030985768884420395,0.0
272.3988423527015,27.60115764729852,0.0680065594102307,299.6316772565265,1.9770546867390004,0.30556979493469383,1.9756753349482017,0.31662482293036887,-0.06213844503993869,-0.14146674194163375,-2.8822425465919737,-0.00058624948108699,0.22570651571363826,0.6060914659500122,-0.17602529078721998,0.19013017882853747,0.39,34.574999999999996,True,False,True,False,0.0,34.57499999999988,0.0,1.0862297543182098,0.23844395075187869,-0.90016187250357,-0.031714843067516915,-0.03153158316843013,-0.46361780166625977,-0.8864368796348572,-0.03153158351778984,0.0
272.5467088051214,27.453291194878602,0.09172634827939177,299.6270410741986,1.9689956072073413,0.30502607408716115,1.9676212200514966,0.3159914385828917,-0.061494468851975244,-0.14401235943006885,-2.8828899960906673,-0.000581484513020902,0.22505954169789108,0.6060917127132416,-0.17602534711360932,0.1901160789847374,0.39,34.65,True,False,True,False,0.0,34.649999999999885,0.0,1.0780636706014186,0.23850629570899845,-0.9001635150997558,-0.03225714347872515,-0.03207388357963836,-0.46360957622528076,-0.8864384889602661,-0.03207388520240784,0.0
272.6939747909346,27.30602520906541,0.11539756745918037,299.62245289954353,1.9610334699401704,0.3044560566591641,1.9596647372680556,0.31532931230689304,-0.06085806442889535,-0.14654100214435173,-2.8835405454985614,-0.0005759451588569037,0.2243132931159677,0.6060919353365898,-0.176027589738369,0.1901020748361945,0.39,34.725,True,False,True,False,0.0,34.72499999999989,0.0,1.069931015718323,0.23856810403627943,-0.9002275605150601,-0.03279576611570091,-0.03261250621661413,-0.4636021554470062,-0.8865025639533997,-0.03261250630021095,0.0
272.8406476223594,27.159352377640573,0.13901803635809057,299.6179121728651,1.9531676553341217,0.30385861597881053,1.9518052150761591,0.3146376851272829,-0.060229118564432,-0.1490488840763175,-2.884194472602232,-0.000569651052996352,0.22347756505123242,0.6060921382904053,-0.17603201448917388,0.19008817054778337,0.39,34.8,True,False,True,False,0.0,34.79999999999989,0.0,1.0618313864985975,0.23862938074516146,-0.9003539737592866,-0.03333054485239592,-0.03314728495330914,-0.4635953903198242,-0.8866289854049683,-0.033147286623716354,0.0
272.9867345390261,27.013265460973912,0.16258550215770518,299.61341834747054,1.9453973994749312,0.3032326480873853,1.9440418315770827,0.31391585789323584,-0.059607513417530095,-0.151532242351892,-2.884851950408074,-0.0005626240530685711,0.22256345594856256,0.6060923188924789,-0.17603861510753632,0.19007437067180874,0.39,34.875,True,False,True,False,0.0,34.87499999999989,0.0,1.0537643807702315,0.23869012904177914,-0.9005425766698829,-0.033861312506833316,-0.033678052607746534,-0.4635893702507019,-0.8868175745010376,-0.033678051084280014,0.0
273.13224270798287,26.86775729201713,0.1860976950511032,299.608970870172,1.9377217910339108,0.3025770899306486,1.9363736101557512,0.3131632019867274,-0.05899313455268397,-0.15398735525876778,-2.885513042943552,-0.0005548875567076058,0.22158316589975388,0.6060924762487412,-0.17604738116264343,0.19006067927628756,0.39,34.949999999999996,True,False,True,False,0.0,34.949999999999896,0.0,1.0457296003535652,0.23875035118598736,-0.9007930472275031,-0.03438790236268116,-0.03420464246359438,-0.46358412504196167,-0.8870680332183838,-0.034204643219709396,0.0
273.2771792366501,26.722820763349887,0.20955226875392796,299.6045692007806,1.9301397726223617,0.3018909376826591,1.9287994232683618,0.3123791696035604,-0.05838586376932978,-0.15641055934784426,-2.8861777064171616,-0.0005464662795245591,0.22054977799804482,0.6060926139354705,-0.17605829805135725,0.1900471008166671,0.39,35.025,True,False,True,False,0.0,35.0249999999999,0.0,1.0377266510609422,0.23881005004116163,-0.9011049150863839,-0.03491015136934244,-0.03472689147025565,-0.46357953548431396,-0.8873799443244934,-0.03472689166665077,0.0
273.4215511209834,26.578448879016605,0.23294685574845905,299.60021281865465,1.9226501440221775,0.30117326360677854,1.9213179981936428,0.3115633024596206,-0.05778557376129716,-0.15879826765400448,-2.886845792870258,-0.0005373869589456654,0.21947702740139943,0.6060927337408065,-0.17607134073972702,0.19003363936096432,0.39,35.1,True,False,True,False,0.0,35.0999999999999,0.0,1.029755141984244,0.23886922762890192,-0.9014775631971669,-0.03542790048711411,-0.03524464058802733,-0.463575541973114,-0.8877525925636292,-0.035244639962911606,0.0
273.56536527398725,26.434634726012746,0.25627906728049715,299.5959011901082,1.9152515617956243,0.3004232302303643,1.9139279155666022,0.3107152380545438,-0.057192140613525934,-0.1611469910285203,-2.8875170516010757,-0.0005276783039736249,0.2183790627081103,0.6060928303003311,-0.1760864821076393,0.19002029878348112,0.39,35.175,True,False,True,False,0.0,35.174999999999905,0.0,1.0218146883459134,0.23892788429171602,-0.9019102295941555,-0.03594099775438933,-0.03575773785530255,-0.46357232332229614,-0.8881852030754089,-0.03575773909687996,0.0
273.70862848942073,26.291371510579268,0.2795464551213542,299.5916338205261,1.9079425415490294,0.29964010435625765,1.9066276142419705,0.30983471539633206,-0.056605436393833614,-0.16345335647334733,-2.8881911325083003,-0.0005173696891030398,0.2172702026786392,0.6060929107666015,-0.17610369503498077,0.19000708295851948,0.39,35.25,True,False,True,False,0.0,35.24999999999991,0.0,1.013904909930701,0.23898602117037773,-0.9024020084728706,-0.036449299705048864,-0.036266039805962075,-0.46356964111328125,-0.8886770009994507,-0.03626604005694389,0.0
273.85134743921446,26.148652560785536,0.3027465965503028,299.58741020877824,1.900721463217591,0.29882326835657813,1.8994153990903744,0.30892157856682756,-0.0560253292214313,-0.16571412214741482,-2.888867595012747,-0.0005064916457841461,0.216164692498236,0.6060929715633392,-0.17612293988466263,0.18999399527609348,0.39,35.324999999999996,True,False,True,False,0.0,35.32499999999991,0.0,1.0060254330818597,0.23904363775147666,-0.9029518478453759,-0.03695267181365962,-0.036769411914572836,-0.4635676145553589,-0.8892268538475037,-0.03676941245794296,0.0
273.993528657912,26.00647134208799,0.3258770391178676,299.5832298635005,1.8935865735584247,0.2979722291129504,1.8922894424901595,0.30797577802044174,-0.0554516897617839,-0.16792619620193833,-2.889545913255515,-0.0004950763884778092,0.21507646490290638,0.6060930126905442,-0.17614417493343354,0.1899810389325023,0.39,35.4,True,False,True,False,0.0,35.39999999999991,0.0,0.9981758908432045,0.23910073324322462,-0.9035585556659549,-0.03745099174941539,-0.0372677318503286,-0.46356624364852905,-0.8898335695266724,-0.03726773336529732,0.0
274.13517854526606,25.864821454733942,0.3489353388875166,299.5790922965725,1.886535992173072,0.2970866255908151,1.8852477931788076,0.3069973710453205,-0.054884387476143576,-0.1700866547688196,-2.8902254842987123,-0.0004831573906958329,0.21401890886527747,0.6060930359363556,-0.17616735219955443,0.1899682169303298,0.39,35.475,True,False,True,False,0.0,35.474999999999916,0.0,0.9903559238148395,0.23915730686639933,-0.9042208025205408,-0.03794414888924173,-0.03776088899015495,-0.463565468788147,-0.890495777130127,-0.037760887295007706,0.0
274.27630334809186,25.723696651908142,0.3719190476903192,299.57499704591555,1.879567715548905,0.29616623356476746,1.8782883807333146,0.30598651969439716,-0.05432328989352873,-0.17219275745427468,-2.89090563761603,-0.00047076864272171004,0.21300465013810607,0.6060930413007736,-0.1761924237012863,0.18995553159415723,0.39,35.55,True,False,True,False,0.0,35.54999999999992,0.0,0.9825651800103669,0.23921335759996146,-0.9049371269440968,-0.03843204603126943,-0.03824878613218265,-0.46356528997421265,-0.8912121057510376,-0.038248784840106964,0.0
274.4169091550854,25.58309084491458,0.3948257343710536,299.57094365270723,1.8726796250461706,0.29521096835994465,1.871409026155381,0.3049434878877825,-0.05376826441527579,-0.17424195904429843,-2.891585646098907,-0.00045794458653709277,0.21204534741497183,0.6060930287837982,-0.17621933311223983,0.18994298515170813,0.39,35.625,True,False,True,False,0.0,35.62499999999992,0.0,0.9748033158549478,0.23926888340975688,-0.9057059369794006,-0.038914599548734725,-0.038731339649647936,-0.4635657072067261,-0.8919809460639954,-0.03873134031891823,0.0
274.55700188386623,25.442998116133765,0.41765301878248984,299.5669316711351,1.8658694925821453,0.2942208849640926,1.8646074462835314,0.30386863572405093,-0.05321917481309136,-0.1762319222966824,-2.892264735858695,-0.0004447208699579136,0.21115150714258252,0.6060930010676384,-0.176248017847538,0.18993057954013348,0.39,35.699999999999996,True,False,True,False,0.0,35.699999999999925,0.0,0.9670699964703019,0.23932388214861625,-0.9065255177489429,-0.03939174019527081,-0.039208480296184026,-0.4635666310787201,-0.892800509929657,-0.03920847922563553,0.0
274.696587280972,25.303412719028017,0.4403985207960899,299.56296063910713,1.859134989272311,0.2931961755026409,1.857881264724242,0.30276241363928796,-0.05267589871480747,-0.17816053102388066,-2.8929420971457263,-0.0004311336622978678,0.21033232037417085,0.6060929483175278,-0.17627841532230376,0.1899183160185814,0.39,35.775,True,False,True,False,0.0,35.77499999999993,0.0,0.9593648963873571,0.23937835084351855,-0.907394037934704,-0.039863413965971504,-0.039680154066884715,-0.46356838941574097,-0.8936690092086792,-0.039680153131484985,0.0
274.8356709063112,25.16432909368882,0.4630599112930067,299.5590301433699,1.8524736921334,0.29213716600400547,1.8512280185527155,0.30162535452872874,-0.052138309445660974,-0.1800258974812783,-2.8936168942331046,-0.0004172190307391371,0.20959552298256418,0.6060928839445114,-0.17631045877933502,0.1899061956524849,0.39,35.85,True,False,True,False,0.0,35.84999999999993,0.0,0.951687699546541,0.23943228867256292,-0.9083095570503658,-0.040329580570166335,-0.04014632067107955,-0.4635705351829529,-0.8945845365524292,-0.040146321058273315,0.0
274.97425813575273,25.025741864247266,0.4856348909182596,299.5551397511131,1.845883094989571,0.29104430966863293,1.8446451712318404,0.3004580648397428,-0.051606281387972186,-0.18182636867796886,-2.894288281482305,-0.000403013360682237,0.20894728202176452,0.6060927981138229,-0.17634407520294187,0.18989421921670438,0.39,35.925,True,False,True,False,0.0,35.92499999999993,0.0,0.9440381001528851,0.23948569283238202,-0.9092700300419931,-0.04079021438272572,-0.040606954483638935,-0.4635733962059021,-0.8955450057983398,-0.04060695320367813,0.0
275.11235416372244,24.887645836277557,0.5081212283224252,299.5512890620985,1.839360615222517,0.2899181785508572,1.8381301174655693,0.2992612143339413,-0.05107969361655398,-0.1835605318032902,-2.8949554107284143,-0.00038855308099823555,0.20839211097692176,0.6060926961898804,-0.17637919157743454,0.18988238690495493,0.39,36.0,True,False,True,False,0.0,35.999999999999936,0.0,0.9364158025335996,0.23953856123316444,-0.9102733191773359,-0.041245303239819786,-0.041062043340733004,-0.4635767936706543,-0.896548330783844,-0.041062042117118835,0.0
275.24996396431806,24.750036035681944,0.5305167346712372,299.5474776695587,1.8329036051631584,0.2887594538538768,1.8316801963032459,0.298035525492758,-0.05055842346529129,-0.18522721720895421,-2.8956174444760086,-0.000373874856328822,0.20793281300244973,0.6060925781726837,-0.17641572654247284,0.18987069871723652,0.39,36.074999999999996,True,False,True,False,0.0,36.07499999999994,0.0,0.9288205209952656,0.23959089137103218,-0.9113172003892479,-0.041694848563146356,-0.04151158866405957,-0.4635807275772095,-0.8975921869277954,-0.04151158779859543,0.0
275.3870923301914,24.61290766980858,0.5528192636413363,299.5437051732315,1.8265093610239505,0.2875689139763721,1.8252926996832954,0.2967817621639046,-0.050042356609005204,-0.1868255008086641,-2.896273566150214,-0.00035901500459551924,0.20757045448451825,0.6060924404859542,-0.1764536029100418,0.18985915426611902,0.39,36.15,True,False,True,False,0.0,36.14999999999994,0.0,0.9212519819625069,0.23964268072907388,-0.9123993729133092,-0.04213886375216861,-0.04195560385308182,-0.4635853171348572,-0.8986743688583374,-0.041955605149269104,0.0
275.5237438258939,24.476256174106084,0.5750267496673439,299.53997118914685,1.8201751326513311,0.2863474218938121,1.8189648820549786,0.29550071781276327,-0.04953138311209085,-0.1883547006532491,-2.8969229893508506,-0.00034400909241344993,0.20730436775335342,0.6060922867059707,-0.17649273723363876,0.18984775306731463,0.39,36.225,True,False,True,False,0.0,36.224999999999945,0.0,0.9137099218394719,0.2396939275961356,-0.9135174691936696,-0.04257737298867061,-0.042394113089583824,-0.46359044313430786,-0.899792492389679,-0.042394112795591354,0.0
275.6599228423079,24.34007715769212,0.5971371739430491,299.53627533982126,1.8138981347149417,0.28509591091319153,1.8126939712504944,0.29419320343297883,-0.049025401206236593,-0.18981437384533226,-2.897564968573924,-0.00032889269496251175,0.20713218300427702,0.6060921123623848,-0.17653304189443586,0.18983649405539035,0.39,36.3,True,False,True,False,0.0,36.29999999999995,0.0,0.9061940895758346,0.23974463029904527,-0.9146690612603234,-0.04301041093106481,-0.042827151031978025,-0.46359625458717346,-0.9009440541267395,-0.04282715171575546,0.0
275.7956335344367,24.204366465563282,0.6191485771755282,299.5326172575428,1.807675556000249,0.2838153703231309,1.8064771773407373,0.2928600356696606,-0.04852431063323179,-0.19120431302505397,-2.8981988069559343,-0.0003137007115449533,0.2070498888537117,0.606091923713684,-0.1765744334459305,0.18982537626177073,0.39,36.375,True,False,True,False,0.0,36.37499999999995,0.0,0.8987042436730667,0.2397947879501106,-0.9158516764318,-0.043438020439895385,-0.043254760540808596,-0.46360254287719727,-0.902126669883728,-0.04325475916266441,0.0
275.9308798525115,24.06912014748849,0.6410590723290739,299.5289965713414,1.80150456913487,0.28250682964977564,1.8003117014076113,0.29150202462333197,-0.04802801280828048,-0.19252453773230815,-2.898823865044854,-0.0002984671648771767,0.2070519196882304,0.6060917180776596,-0.17661682218313215,0.18981439823359253,0.39,36.449999999999996,True,False,True,False,0.0,36.44999999999995,0.0,0.8912401556059806,0.2398443995497031,-0.9170628018173584,-0.0438602514617013,-0.04367699156261451,-0.46360939741134644,-0.9033377766609192,-0.043676991015672684,0.0
276.06566554976604,23.934334450233962,0.6628668276279098,299.52541293628883,1.7953823422243602,0.28117134310495717,1.7941947478857974,0.29011996315266536,-0.04753641642176352,-0.19377528598101318,-2.8994395669078137,-0.0002832253191439856,0.20713126902863374,0.6060914954543114,-0.17666012048721313,0.18980355861485004,0.39,36.525,True,False,True,False,0.0,36.524999999999956,0.0,0.883801608111867,0.23989346439675183,-0.9182998953527572,-0.044277159773204414,-0.04409389987411763,-0.46361681818962097,-0.9045748710632324,-0.04409389942884445,0.0
276.1999941616997,23.800005838300308,0.6845700665584589,299.5218659911684,1.7893060462413104,0.279809973503524,1.7881235289502795,0.28871461539326393,-0.047049437611171946,-0.19495700319768175,-2.9000454041076886,-0.0002680074749054529,0.20727962532828725,0.6060912558436393,-0.17670423865318297,0.18979285585582256,0.39,36.6,True,False,True,False,0.0,36.59999999999996,0.0,0.8763883947628679,0.2399419818819467,-0.9195603980997803,-0.04468880500119346,-0.04450554510210668,-0.4636248052120209,-0.9058353900909424,-0.04450554400682449,0.0
276.33386900607655,23.666130993923446,0.7061670636202321,299.5183554073351,1.783272866319999,0.2784237770459919,1.782095276344428,0.28728670725253425,-0.046566999598074164,-0.19607033094958132,-2.9006409406576017,-0.00025284529523102764,0.2074875283739713,0.6060909992456436,-0.17674908488988875,0.18978228830993177,0.39,36.675,True,False,True,False,0.0,36.67499999999996,0.0,0.8690003211065169,0.23998995277828872,-0.9208417400846044,-0.04509524901431387,-0.04491198911522709,-0.46363335847854614,-0.907116711139679,-0.04491198807954788,0.0
276.46729320884896,23.532706791151043,0.7276561613194321,299.51488083007007,1.7772800097505579,0.27701378856256376,1.7761072480428797,0.28583691721403137,-0.04608902659304662,-0.19711609505527988,-2.9012258157198065,-0.0002377693430114726,0.20774454327453762,0.6060907292366028,-0.17679457157850265,0.18977185433059932,0.39,36.75,True,False,True,False,0.0,36.749999999999964,0.0,0.8616372046657895,0.2400373777317161,-0.9221413522446715,-0.04549655429510499,-0.04531329439601821,-0.4636423587799072,-0.9084163308143616,-0.04531329497694969,0.0
276.60026968082605,23.399730319173955,0.7490357489259594,299.5114419372262,1.7713247143478865,0.275581007034388,1.770156735572496,0.2843658682697951,-0.04561544651713861,-0.19809529021172279,-2.901799745538563,-0.00022280882143495986,0.2080394490691247,0.6060904440283775,-0.17684060901403426,0.18976155236810446,0.39,36.824999999999996,True,False,True,False,0.0,36.82499999999997,0.0,0.8542988735133074,0.24008425828906352,-0.9234566749232734,-0.04589278288924218,-0.04570952299015539,-0.4636518657207489,-0.9097316861152649,-0.0457095243036747,0.0
276.7328011487761,23.267198851223895,0.7703042327262553,299.5080384066482,1.765404257331044,0.27412638233406067,1.7642410718075487,0.282874121327863,-0.04514619413497858,-0.19900906521526993,-2.9023625225973984,-0.00020799223344987773,0.2083604387565167,0.6060901445150375,-0.17688710540533065,0.18975138087272644,0.39,36.9,True,False,True,False,0.0,36.89999999999997,0.0,0.8469851675545675,0.24013059546527035,-0.9247851644361889,-0.04628399442658779,-0.046100734527501006,-0.4636618494987488,-0.9110601544380188,-0.046100735664367676,0.0
276.8648901165506,23.13510988344939,0.7914600955150676,299.5046699031577,1.7595159620961507,0.2726508031899354,1.7583576366561784,0.28136216981591083,-0.04468121169034312,-0.19985870932567767,-2.9029140140848737,-0.00019334688367796587,0.2086953267071543,0.6060898298025131,-0.17693397521972656,0.18974133839160204,0.39,36.975,True,False,True,False,0.0,36.97499999999997,0.0,0.8396959368173142,0.2401763910967511,-0.9261243049806295,-0.04667024405156245,-0.046486984152475666,-0.46367233991622925,-0.9123992919921875,-0.0464869849383831,0.0
276.9965389065523,23.003461093447697,0.8125018328542934,299.50133611762067,1.753657204753588,0.27115508677329625,1.7525038625432499,0.2798304356185465,-0.04422044380979086,-0.20064563500671045,-2.903454159576884,-0.00017889861696107598,0.20903175987300845,0.606089503467083,-0.17698113083839417,0.1897314235687256,0.39,37.05,True,False,True,False,0.0,37.049999999999976,0.0,0.8324310435897163,0.2402216483081096,-0.9274716122737903,-0.04705158270687023,-0.04686832280778344,-0.46368321776390076,-0.9137465953826904,-0.046868324279785156,0.0
277.1277496493689,22.872250350631077,0.8334279828178707,299.498036727869,1.7478254206916883,0.2696399695218899,1.7466772399270643,0.27827926641563683,-0.04376383770350577,-0.2013713620283481,-2.903982968333959,-0.00016467221956092184,0.20935742957789213,0.6060891646146774,-0.17702848672866822,0.18972163533866407,0.39,37.125,True,False,True,False,0.0,37.12499999999998,0.0,0.8251903601396233,0.2402663697285549,-0.9288246418478869,-0.047428054498686964,-0.04724479459960018,-0.4636945128440857,-0.9150996208190918,-0.04724479466676712,0.0
277.2585242967302,22.741475703269828,0.8542370834992788,299.49477143778813,1.7420181099023917,0.26810609957861015,1.7408753216016049,0.2767089346962674,-0.043311348716093746,-0.2020375020244522,-2.9045005134052575,-0.00015069125929218787,0.2096602804664427,0.6060888123512268,-0.17707595944404603,0.18971197263598444,0.39,37.199999999999996,True,False,True,False,0.0,37.19999999999998,0.0,0.8179737692847092,0.24031055868835005,-0.9301809958461009,-0.04779969652263576,-0.047616436623548974,-0.46370625495910645,-0.9164559841156006,-0.04761643707752228,0.0
277.3888646033671,22.611135396632903,0.8749277155046048,299.4915399284723,1.736232841867908,0.2665540316724701,1.7350957266806355,0.2751196380709551,-0.0428629297934252,-0.20264574311834765,-2.905006925868388,-0.00013697829582801825,0.20992871236723593,0.6060884529352188,-0.17712346553802488,0.18970243478268387,0.39,37.275,True,False,True,False,0.0,37.274999999999984,0.0,0.8107811636798405,0.24035421871228732,-0.9315383287411355,-0.04816653704534299,-0.047983277146256206,-0.4637182354927063,-0.9178133010864258,-0.04798327758908272,0.0
277.51877216588946,22.48122783411054,0.8954984637063192,299.4883419005346,1.7304672591188277,0.26498422302966984,1.7293361432770114,0.2735115009481678,-0.04241853560310917,-0.20319783571987107,-2.905502389184928,-0.00012355449867625673,0.21015177242935604,0.6060880827903747,-0.17717092782258986,0.1896930212944746,0.39,37.35,True,False,True,False,0.0,37.34999999999999,0.0,0.8036124468148097,0.2403973537210414,-0.9328943516447544,-0.048528596054862136,-0.048345336155775354,-0.4637305736541748,-0.9191693663597107,-0.04834533482789993,0.0
277.64824839686446,22.35175160313554,0.9159479087478923,299.4851770480959,1.7247190811879964,0.26339703137471565,1.723594331654008,0.27188457798263027,-0.04197812997816578,-0.2036955769631206,-2.905987130064513,-0.00011043996372801181,0.21031933441654824,0.6060877019166946,-0.1772182649374008,0.1896837317839265,0.39,37.425,True,False,True,False,0.0,37.42499999999999,0.0,0.7964675308760798,0.24043996725633573,-0.9342468372401004,-0.04888588389562497,-0.048702623996538186,-0.46374326944351196,-0.9205218553543091,-0.04870262369513512,0.0
277.7772945429641,22.222705457035886,0.9362746567855701,299.4820450782763,1.7189861074138255,0.2617927153675369,1.717868126379561,0.270238858629915,-0.04154167896642353,-0.20414079930122497,-2.90646141053172,-9.765399988433552e-05,0.21042226142327647,0.6060873129963875,-0.17726540178060532,0.18967456634789706,0.39,37.5,True,False,True,False,0.0,37.49999999999999,0.0,0.7893463381724547,0.2404820641545023,-0.9355936229429977,-0.049238400856168874,-0.04905514095708209,-0.4637562334537506,-0.921868622303009,-0.04905514046549797,0.0
277.90591170569735,22.09408829430265,0.9564772884968082,299.478945698213,1.7132662179932394,0.2601714367012074,1.7121554368390735,0.26857427277259976,-0.04110914498916404,-0.2045353581537673,-2.906925520166967,-8.521437589514459e-05,0.210452549991152,0.6060869187116623,-0.17731226742267608,0.1896655251801014,0.39,37.574999999999996,True,False,True,False,0.0,37.574999999999996,0.0,0.7822488001369737,0.2405236491276814,-0.9369326152766204,-0.04958613795639294,-0.04940287805730616,-0.4637693762779236,-0.9232076406478882,-0.0494028776884079,0.0
278.03410082067404,21.96589917932596,0.976554371829863,299.47587861178,1.7075573763649208,0.25853326380566904,1.7064542491770256,0.2668906975344582,-0.04068048614181821,-0.20488111954409546,-2.907379767844517,-7.313806905026169e-05,0.21040345379691391,0.6060865208506584,-0.1773587867617607,0.18965660876482726,0.39,37.65,True,False,True,False,0.0,37.65,0.0,0.7751748561866458,0.24056472645230936,-0.9382617905583839,-0.049929075882540946,-0.049745815983454164,-0.4637826383113861,-0.9245367646217346,-0.049745816737413406,0.0
278.1618626731627,21.838137326837284,0.9965045044931744,299.4728435260936,1.701857629361632,0.25687817685480835,1.7007626260782647,0.2651879653359574,-0.04025566883576457,-0.20517995207363254,-2.9078244716068298,-6.144073026398623e-05,0.21026958511823,0.6060861140489578,-0.17740489721298217,0.18964781797379257,0.39,37.725,True,False,True,False,0.0,37.725,0.0,0.7681244548629277,0.2406052999836185,-0.9395791976400936,-0.05026718567631348,-0.0500839257772267,-0.4637961983680725,-0.9258542060852051,-0.05008392408490181,0.0
278.2891979162239,21.710802083776116,1.016326211974786,299.4698401678279,1.6961651079941371,0.2552060756061494,1.6950787074107645,0.2634658726274959,-0.039834653347872596,-0.2054337159755738,-2.90825994881761,-5.0137077426590026e-05,0.21004699141178457,0.6060857090353966,-0.1774505278468132,0.18963915358185768,0.39,37.8,True,False,True,False,0.0,37.800000000000004,0.0,0.7610975529760506,0.24064537447748421,-0.9408829578461094,-0.050600430297810195,-0.05041717039872341,-0.46380969882011414,-0.9271579384803772,-0.05041716992855072,0.0
278.41610706035414,21.583892939645864,1.0360180537711836,299.46686823757864,1.6904780271692257,0.253516787288709,1.6894007098401382,0.26172418911053974,-0.039417403497368275,-0.20564425861424737,-2.9086865099365067,-3.924094364584061e-05,0.2097332069885648,0.6060852959752083,-0.1774956202507019,0.1896306169450283,0.39,37.875,True,False,True,False,0.0,37.87500000000001,0.0,0.7540941146076864,0.2406849533669078,-0.9421712675413039,-0.05092876285998459,-0.050745502960897804,-0.46382346749305725,-0.9284462928771973,-0.05074550211429596,0.0
278.54259048643786,21.45740951356214,1.0555785511510378,299.4639274587548,1.6847946849239583,0.251810076648772,1.6837269257720222,0.25996266794842127,-0.039003889556732965,-0.20581340728441863,-2.909104446592511,-2.8765199433435732e-05,0.20932727927506425,0.6060848802328109,-0.1775401097536087,0.1896222094193101,0.39,37.949999999999996,True,False,True,False,0.0,37.95000000000001,0.0,0.7471141116805226,0.24072404129232508,-0.9434423973759948,-0.05125213007315049,-0.05106887017406371,-0.46383732557296753,-0.9297174215316772,-0.05106886848807335,0.0
278.6686484535258,21.331351546474195,1.075006199901682,299.46101756126745,1.6791134629524231,0.25008565743078925,1.6780557254558652,0.2581810561178106,-0.038594076233967996,-0.20594296731381817,-2.9095140261362116,-1.872214385579774e-05,0.2088297683421032,0.6060844635963439,-0.1775839400291443,0.18961393245756628,0.39,38.025,True,False,True,False,0.0,38.02500000000001,0.0,0.7401575232459178,0.24076264298416322,-0.9446946920769075,-0.05157047144365315,-0.051387211544566366,-0.4638512134552002,-0.9309697151184082,-0.05138721317052841,0.0
278.79428108846764,21.205718911532358,1.0942994830775672,299.4581382587471,1.6734328229508941,0.24834320383011915,1.672385551594091,0.25637910416888077,-0.038187924329182533,-0.20603471909582596,-2.9099154838066617,-9.123064848806696e-06,0.20824272147883807,0.6060840460658073,-0.17762705475091933,0.18960578799694777,0.39,38.1,True,False,True,False,0.0,38.100000000000016,0.0,0.7332243350560808,0.24080076231005254,-0.945926572184054,-0.051883720740620975,-0.05170046084153419,-0.46386513113975525,-0.9322015643119812,-0.05170046165585518,0.0
278.91948841442513,21.080511585574868,1.1134568667480398,299.45528928760996,1.6677513062724632,0.24658236320576205,1.6667149207574345,0.2545565769797068,-0.03778539063462711,-0.20609041654246457,-2.910309015828276,2.1909312419245794e-08,0.20756962309492882,0.6060836303234101,-0.17766940385103225,0.1895977777808905,0.39,38.175,True,False,True,False,0.0,38.17500000000002,0.0,0.7263145401342797,0.24083840315708854,-0.9471365289463121,-0.0521918074599511,-0.052008547560864316,-0.4638789892196655,-0.9334115386009216,-0.05200854688882828,0.0
279.04427035346566,20.955729646534337,1.1324768127443825,299.4524703614875,1.662067532524118,0.24480276853095173,1.6610424221203552,0.25271326378339015,-0.03738643686299758,-0.2061117857015201,-2.910694773901059,8.703492211545972e-06,0.20681532081887516,0.6060832110047341,-0.17771093517541886,0.18958990364968778,0.39,38.25,True,False,True,False,0.0,38.25000000000002,0.0,0.7194281372066178,0.24087556824785653,-0.9483231252472205,-0.0524946579892772,-0.05231139809019042,-0.46389296650886536,-0.9345981478691101,-0.05231139808893204,0.0
279.1686267084127,20.831373291587283,1.1513577361707152,299.44968122330283,1.6563801981556217,0.24300405228137673,1.6553667166882673,0.2508489880468796,-0.03699101834447861,-0.20610052735273673,-2.9110728596357203,1.6912794554290126e-05,0.2059859292484777,0.6060827970504761,-0.1777516007423401,0.18958216763734817,0.39,38.324999999999996,True,False,True,False,0.0,38.325000000000024,0.0,0.7125651305593885,0.24091226157893514,-0.9494849949803065,-0.05279219717170473,-0.05260893727261795,-0.46390676498413086,-0.9357600212097168,-0.05260893702507019,0.0
279.29255719136654,20.70744280863346,1.170098073386611,299.4469216192392,1.6506880744201013,0.24118585923762606,1.6496865359327118,0.2489636163435978,-0.036599084875467904,-0.2060583207148178,-2.9114433225487213,2.464160120070572e-05,0.20508871327254585,0.6060823839902878,-0.17779135465621948,0.18957457168102265,0.39,38.4,True,False,True,False,0.0,38.40000000000003,0.0,0.7057255310373006,0.24094848550225248,-0.9506208415292124,-0.053084348632405555,-0.052901088733318766,-0.463920533657074,-0.9368958473205566,-0.05290108919143677,0.0
279.41606142369983,20.58393857630017,1.1886962352669057,299.4441912791963,1.6449900053915805,0.2393478591120422,1.6440006805072178,0.24705706712453637,-0.036210591601204954,-0.20598682662808449,-2.911806155301394,3.1882758182910935e-05,0.2041319539928596,0.6060819709300995,-0.17783015519380568,0.1895671178147197,0.39,38.475,True,False,True,False,0.0,38.47500000000003,0.0,0.6989093544748403,0.24098424160787957,-0.9517294367428597,-0.053371037758427886,-0.053187777859341104,-0.4639343023300171,-0.9380044341087341,-0.0531877763569355,0.0
279.5391389412433,20.460861058756677,1.2071506284466724,299.44148994935085,1.639284906572298,0.23748975932582872,1.638308019679454,0.24512931824296832,-0.035825490174274374,-0.20588769066411683,-2.9121612923206524,3.8629921635743125e-05,0.2031247980965855,0.6060815614461899,-0.17786796063184737,0.18955980778187514,0.39,38.55,True,False,True,False,0.0,38.55000000000003,0.0,0.6921166216965093,0.24101953261625636,-0.9528096181787054,-0.05365219179287686,-0.05346893189379008,-0.46394795179367065,-0.9390845894813538,-0.05346893146634102,0.0
279.6617891916964,20.338210808303586,1.2254596723179387,299.43881738239315,1.6335717631945024,0.2356113163473702,1.6326074904345076,0.24318041354715322,-0.035443735409742876,-0.20576254830777235,-2.9125086107213027,4.487771327073763e-05,0.20207709455850825,0.6060811501741409,-0.1779047355055809,0.18955264351964,0.39,38.625,True,False,True,False,0.0,38.625000000000036,0.0,0.6853473582316173,0.24105436034038732,-0.9538602884974093,-0.05392774164374969,-0.0537444817446629,-0.463961660861969,-0.9401353001594543,-0.05374448001384735,0.0
279.78401153980803,20.215988460191966,1.2436217735344695,299.4361733114697,1.6278496294108895,0.23371234724168022,1.6268980975606226,0.24121046843776522,-0.03506527116422824,-0.20561302949052626,-2.912847930209667,5.062123454323166e-05,0.20099922130260678,0.6060807478427886,-0.17794044017791746,0.18954562657773497,0.39,38.699999999999996,True,False,True,False,0.0,38.70000000000004,0.0,0.6786015944566972,0.24108872677737453,-0.9548804133112637,-0.05419762344268549,-0.054014363543598704,-0.46397507190704346,-0.9411554336547852,-0.05401436239480972,0.0
279.9058052984885,20.094194701511526,1.261635376997669,299.4335575022933,1.62211762727985,0.23179273888980684,1.6211789134658903,0.23921967391186305,-0.03469003418165501,-0.2054407671106887,-2.913179017097178,5.585594577250528e-05,0.19990190519118345,0.6060803481936454,-0.17797504127025604,0.18953875850588084,0.39,38.775,True,False,True,False,0.0,38.77500000000004,0.0,0.6718793653105581,0.24112263319561633,-0.9558690216312449,-0.05446177906252976,-0.05427851916344298,-0.46398839354515076,-0.9421440362930298,-0.05427851900458336,0.0
280.02716969769756,19.97283030230244,1.2794989148706797,299.43096972055946,1.6163749453218488,0.22985245592267978,1.6154490774924277,0.23720830013618854,-0.034317973676844145,-0.20524740276171985,-2.9135015838043543,6.057849393129157e-05,0.19879603893597925,0.6060799467563629,-0.17800850749015806,0.1895320406600833,0.39,38.85,True,False,True,False,0.0,38.850000000000044,0.0,0.6651807085831339,0.24115607903299968,-0.9568252068051711,-0.05472015831392241,-0.054536898414835625,-0.46400177478790283,-0.9431002140045166,-0.05453689768910408,0.0
280.1481039103724,19.851896089627587,1.2972108575648493,299.428409725464,1.610620837955389,0.22789154854636848,1.609707796211609,0.2351766982454683,-0.0339490371178838,-0.2050345911323843,-2.9138152926916265,6.478655645213499e-05,0.19769249585266946,0.6060795497894287,-0.17804080963134766,0.18952547410577536,0.39,38.925,True,False,True,False,0.0,38.92500000000005,0.0,0.6585056666266342,0.2411890652244375,-0.9577481217073519,-0.054972718464034974,-0.054789458564948185,-0.46401500701904297,-0.9440231323242188,-0.054789457470178604,0.0
280.2686070446501,19.731392955349918,1.31476971374058,299.4258772859562,1.6048546256909817,0.22591015805823672,1.6039543443926652,0.23312530059465547,-0.03358316749943184,-0.20480400577065605,-2.914119764101369,6.847837483170768e-05,0.19660194712753962,0.6060791546106339,-0.17807191848754883,0.18951905971467495,0.39,39.0,True,False,True,False,0.0,39.00000000000005,0.0,0.6518542849295172,0.24122159269022583,-0.9586369799129675,-0.05521942629375809,-0.05503616639467131,-0.46402817964553833,-0.9449119567871094,-0.055036164820194244,0.0
280.38867817237923,19.61132182762077,1.332174004809565,299.42337217751174,1.5990756946237807,0.2239085208924857,1.5981880651890403,0.23105462009126093,-0.0332203059922622,-0.20455734545086,-2.914414580884664,7.165315182607572e-05,0.19553468543351538,0.6060787630081177,-0.17810181111097334,0.18951279806792737,0.39,39.074999999999996,True,False,True,False,0.0,39.07500000000005,0.0,0.6452266125442455,0.24125366152124655,-0.9594910563970728,-0.05546025864933818,-0.055276998750251397,-0.46404123306274414,-0.945766031742096,-0.05527699738740921,0.0
280.5083163006113,19.491683699388716,1.3494223116780928,299.4208941658103,1.593283496198626,0.22188697068377244,1.5924083702066205,0.22896524792087763,-0.0328603963027437,-0.20429633752312545,-2.914699294578805,7.431129961736354e-05,0.19450045661849116,0.6060783714056015,-0.178130464553833,0.18950668945610524,0.39,39.15,True,False,True,False,0.0,39.150000000000055,0.0,0.6386227005191424,0.24128527139371933,-0.9603096878009862,-0.0556952022094877,-0.05551194231040091,-0.46405428647994995,-0.9465847015380859,-0.055511943995952606,0.0
280.62752041307357,19.37247958692643,1.366513266244303,299.4184430426085,1.5874775500600582,0.2198459394942575,1.5866147442032204,0.22685785068025882,-0.03250338111499162,-0.20402274234694215,-2.914973432878684,7.64535533996273e-05,0.19350830260923588,0.606077983379364,-0.17815785378217697,0.18950073416978122,0.39,39.225,True,False,True,False,0.0,39.22500000000006,0.0,0.6320426034663794,0.24131642258202038,-0.9610922701330118,-0.055924254860329564,-0.05574099496124278,-0.4640672206878662,-0.947367250919342,-0.05574099346995354,0.0
280.7462894468388,19.253710553161227,1.3834455344042966,299.4160185931146,1.5816574419289031,0.2177859563621283,1.580806741500894,0.22473316520781092,-0.032149206013734416,-0.20373835883751013,-2.915236506721323,7.808173725552012e-05,0.19256641790649606,0.6060775935649871,-0.17818396419286728,0.18949493172466755,0.39,39.3,True,False,True,False,0.0,39.30000000000006,0.0,0.6254863772809537,0.24134711445554438,-0.9618382656723052,-0.056147425605533326,-0.055964165706446536,-0.46408021450042725,-0.9481132626533508,-0.055964164435863495,0.0
280.86462230528866,19.135377694711337,1.4002178500435922,299.413620592798,1.5758228257663371,0.21570764521300972,1.5749839898231845,0.22259199337868607,-0.03179781550987877,-0.20344502451751537,-2.915488018385519,7.919897975882494e-05,0.19168202200686632,0.6060772073268891,-0.17820877701044083,0.18948928163647652,0.39,39.375,True,False,True,False,0.0,39.375000000000064,0.0,0.6189540804238675,0.24137734692821053,-0.9625471980305246,-0.05636473399632025,-0.056181474097233466,-0.46409308910369873,-0.9488222002983093,-0.05618147552013397,0.0
280.9825178762595,19.01748212374048,1.4168290107860315,299.4112488464043,1.5699734253512108,0.2136117202421241,1.569146191803812,0.22043519527771155,-0.03144916030677969,-0.20314461745332021,-2.915727470849734,7.980912730525895e-05,0.1908612496937793,0.6060768166184425,-0.17823227763175964,0.18948378332406282,0.39,39.449999999999996,True,False,True,False,0.0,39.45000000000007,0.0,0.6124457732091235,0.24140712007724552,-0.963218654597696,-0.05657621077239078,-0.056392950873303996,-0.46410611271858215,-0.9494936466217041,-0.05639294907450676,0.0
281.0999750216724,18.90002497832762,1.4332778737458038,299.40890314567423,1.5641090349446916,0.21149898086021282,1.5632931258539637,0.21826368182078285,-0.031103189506268055,-0.20283905675692612,-2.915954374280329,7.991724089931727e-05,0.19010906105551728,0.6060764294862747,-0.1782544556260109,0.18947843543142082,0.39,39.525,True,False,True,False,0.0,39.52500000000007,0.0,0.6059615168057263,0.2414364338446844,-0.9638522902908739,-0.056781897293863196,-0.05659863739477641,-0.464119017124176,-0.9501273036003113,-0.056598637253046036,0.0
281.216992587905,18.783007412095003,1.4495633852700744,299.40658329861117,1.55822952124238,0.20937030429960984,1.5574246481847127,0.2160784061399575,-0.03075985223955629,-0.20253030112519052,-2.916168256861886,7.95292503166643e-05,0.18942917200782716,0.6060760396718979,-0.17827529847621917,0.18947323679625988,0.39,39.6,True,False,True,False,0.0,39.60000000000007,0.0,0.5995013738080192,0.24146528837052525,-0.9644478266548737,-0.056981844929666375,-0.05679858503057959,-0.46413201093673706,-0.9507228136062622,-0.05679858475923538,0.0
281.33356942393175,18.66643057606825,1.4656845299476988,299.4042891034528,1.5523348244313002,0.20722663757226262,1.5515406938324456,0.21388035491524363,-0.03041909818202781,-0.20222034773005446,-2.9163686709787506,7.865227968005504e-05,0.18882400736926347,0.6060756516456604,-0.17829480201005934,0.18946818577200175,0.39,39.675,True,False,True,False,0.0,39.675000000000075,0.0,0.5930654076652252,0.24149368331041174,-0.9650050550765215,-0.05717611506171285,-0.05699285516262606,-0.4641449451446533,-0.9512800574302673,-0.05699285492300987,0.0
281.44970436318545,18.550295636814553,1.4816403985969402,299.40202037145764,1.5464249597733066,0.20506898761085274,1.5456412780974969,0.21167053882270795,-0.030080884053574054,-0.201911227311605,-2.916555201720215,7.72947551464583e-05,0.18829467571424716,0.6060752582550049,-0.17831295996904373,0.18946328051835298,0.39,39.75,True,False,True,False,0.0,39.75000000000008,0.0,0.5866536816837538,0.241521618678259,-0.9655238381881863,-0.057364777005918736,-0.05718151710683195,-0.4641580581665039,-0.9517988562583923,-0.05718151852488518,0.0
281.56539625206676,18.434603747933238,1.4974301457712709,299.3997769106304,1.5405000198181509,0.20289841129206973,1.5397264985451742,0.20944998310527807,-0.029745172449087982,-0.2016050002149645,-2.9167274730318877,7.546575894296293e-05,0.18784096694118824,0.6060748630762101,-0.17832976818084717,0.18945851909816266,0.39,39.824999999999996,True,False,True,False,0.0,39.82500000000008,0.0,0.5802662600248004,0.24154909494269974,-0.9660041102382133,-0.05754790872600878,-0.05736464882692199,-0.46417123079299927,-0.9522790908813477,-0.05736465007066727,0.0
281.68064394994644,18.319356050053557,1.5130530110049134,299.3975585387416,1.5345601747226856,0.20071600453634597,1.5337965350552412,0.20721971746856774,-0.029411924060414596,-0.20130375189905023,-2.9168851556135746,7.317576042426786e-05,0.18746137160773904,0.6060744661092758,-0.1783452308177948,0.18945389928370715,0.39,39.9,True,False,True,False,0.0,39.900000000000084,0.0,0.5739032061363281,0.2415761133749783,-0.9664458821639369,-0.05772559477348875,-0.05754233487440197,-0.4641844630241394,-0.9527208805084229,-0.057542335242033005,0.0
281.79544632138595,18.204553678614047,1.5285082933190406,299.3953650637909,1.528605673903687,0.19852289051267605,1.5278516510929978,0.20498076618597408,-0.029081099909016136,-0.2010095840233343,-2.917027973330275,7.043640785255192e-05,0.18715312246693025,0.6060740673542022,-0.1783593478798866,0.18944941865354778,0.39,39.975,True,False,True,False,0.0,39.97500000000009,0.0,0.5675645827529456,0.2416026747250024,-0.9668492404488914,-0.05789792572875743,-0.05771466582967065,-0.4641977548599243,-0.9531242251396179,-0.05771466717123985,0.0
281.9098022646558,18.09019773534419,1.5437953937097433,299.3931963133091,1.5226368471859162,0.19632020726901678,1.5218921943803716,0.20273413854903347,-0.028752671184940636,-0.2007246076017174,-2.9171557076956236,6.726040358348911e-05,0.18691225702529712,0.6060736614465714,-0.1783721277117729,0.1894450748831034,0.39,40.05,True,False,True,False,0.0,40.05000000000009,0.0,0.5612504523237726,0.24162878007535477,-0.9672143487642094,-0.05806499638424363,-0.05788173648515685,-0.46421128511428833,-0.953489363193512,-0.057881735265254974,0.0
282.0237107013602,17.976289298639813,1.5589137514125375,299.3910521018088,1.5166541056002176,0.19410909597877432,1.5159185972225246,0.20048081956873953,-0.028426612679772475,-0.20045093337881176,-2.9172682011619853,6.366148207537807e-05,0.18673369905187057,0.6060732528567314,-0.17838357657194137,0.18944086526036263,0.39,40.125,True,False,True,False,0.0,40.12500000000009,0.0,0.5549608754439305,0.24165443114292018,-0.9675414509348187,-0.058226905569645264,-0.058043645670558475,-0.4642249047756195,-0.9538164734840393,-0.058043643832206726,0.0
282.13717058940676,17.862829410593235,1.5738629288831172,299.38893226332675,1.5106579421973172,0.191890688757887,1.5099313767913183,0.19822176088853471,-0.02810290055542413,-0.2001906637366161,-2.9173653624599245,5.965401707458336e-05,0.1866113578419145,0.6060728389024734,-0.17839370489120482,0.18943678717017173,0.39,40.199999999999996,True,False,True,False,0.0,40.200000000000095,0.0,0.5486959114251897,0.24167963046730925,-0.9678308712108772,-0.05838375338319087,-0.05820049348410408,-0.464238703250885,-0.9541058540344238,-0.058200493454933167,0.0
282.2501809307721,17.749819069227897,1.588642509817902,299.3868366058664,1.504648930969741,0.18966609672104848,1.5039311334619065,0.19595787261081296,-0.027781516099277245,-0.19994588246962616,-2.9174471678518343,5.5254018553443446e-05,0.18653824396580937,0.6060724195837974,-0.17840253144502638,0.18943283809423447,0.39,40.275,True,False,True,False,0.0,40.2750000000001,0.0,0.542455617582628,0.24170438016684836,-0.9680830165805401,-0.05853564209786664,-0.05835238219877985,-0.46425268054008484,-0.9543580412864685,-0.058352380990982056,0.0
282.3627407741007,17.6372592258993,1.6032521628903813,299.38476496671865,1.4986277275019302,0.18743639878991128,1.4979185509031216,0.19369001555626192,-0.02746243750439771,-0.19971864117146926,-2.917513663007099,5.04783634081148e-05,0.18650659838903808,0.6060719984769821,-0.17841006875038146,0.1894290153205395,0.39,40.35,True,False,True,False,0.0,40.3500000000001,0.0,0.5362400488075343,0.24172868375592152,-0.9682983741250999,-0.0586826724175524,-0.05849941251846562,-0.46426671743392944,-0.954573392868042,-0.05849941074848175,0.0
282.47484922507294,17.525150774927056,1.6176916332517628,299.38271717992893,1.4925950687013088,0.18520263040697926,1.491894395173369,0.19141899456468664,-0.02714564949795482,-0.1995109506503836,-2.9175649639904737,4.5344360435874227e-05,0.18650803373087363,0.6060715693235398,-0.17841633766889572,0.189425316233933,0.39,40.425,True,False,True,False,0.0,40.425000000000104,0.0,0.5300492574244615,0.24175254349896824,-0.9684775133506525,-0.058824943951250666,-0.058641684052163884,-0.46428102254867554,-0.954752504825592,-0.05864168331027031,0.0
282.58650544899297,17.413494551007034,1.631960708537824,299.38069306651187,1.4865517705327536,0.18296577376656425,1.4858595118625604,0.18914555289740945,-0.026831142096211687,-0.19932476915536235,-2.9176012544383503,3.9870693863609455e-05,0.18653368434691747,0.606071135699749,-0.17842136323451996,0.18942173831611872,0.39,40.5,True,False,True,False,0.0,40.50000000000011,0.0,0.5238832926209881,0.24177596254188663,-0.968621087359449,-0.058962553871992,-0.05877929397290521,-0.46429547667503357,-0.954896092414856,-0.05877929553389549,0.0
282.6977086707912,17.3022913292088,1.6460592358653452,299.3786924572537,1.4804987271599617,0.18072674866203006,1.4798148246618459,0.18687036727385797,-0.026518908497372713,-0.19916198913069738,-2.9176227854143746,3.407676464794398e-05,0.1865743621598165,0.6060706949234008,-0.1784251683950424,0.18941827924251559,0.39,40.574999999999996,True,False,True,False,0.0,40.57500000000011,0.0,0.5177422003053869,0.2417989450561894,-0.9687298288396394,-0.059095595090102024,-0.05891233519101524,-0.4643101692199707,-0.9550048112869263,-0.05891233682632446,0.0
282.80845819834985,17.191541801650146,1.6599870920858022,299.3767151764223,1.474436908626772,0.1784864047633487,1.4737613324985128,0.18459404426833537,-0.02620894162465949,-0.19902442697894052,-2.9176298724337113,2.7982664835874922e-05,0.1866207166474227,0.6060702505707741,-0.1784277844429016,0.18941493668854237,0.39,40.65,True,False,True,False,0.0,40.65000000000011,0.0,0.511626023106484,0.24182149530207397,-0.9688045505241818,-0.05922415576283664,-0.05904089586374986,-0.4643249809741974,-0.9550795555114746,-0.059040896594524384,0.0
282.9187534043641,17.08124659563589,1.6737442347766485,299.37476106132226,1.4683673583613568,0.17624551448414785,1.4677001065013295,0.1823171176221021,-0.025901238645915245,-0.19891381105724742,-2.9176228922795118,2.1609167275055853e-05,0.18666339564054438,0.6060697981715202,-0.17842924058437348,0.18941170852333308,0.39,40.725,True,False,True,False,0.0,40.725000000000115,0.0,0.505534799090758,0.24184361770229032,-0.9688461442063421,-0.05934831777847993,-0.05916505787939315,-0.46434006094932556,-0.9551211595535278,-0.05916505679488182,0.0
283.0285937574378,16.971406242562182,1.6873306172557507,299.3728299329641,1.462291190432318,0.17400476789611077,1.4616322867911251,0.18004004695967887,-0.025595795798135836,-0.1988317719188305,-2.917602277560723,1.4977287581534831e-05,0.18669320449126042,0.6060693430900573,-0.17842957019805908,0.1894085927128792,0.39,40.8,True,False,True,False,0.0,40.80000000000012,0.0,0.4994685627599739,0.241865316797842,-0.9688555772668327,-0.059468157317831,-0.05928489741874421,-0.4643552303314209,-0.9551305770874023,-0.05928489565849304,0.0
283.1379788091303,16.86202119086971,1.700746252319429,299.3709216384127,1.4562095855049069,0.17176476814568767,1.4555590779793854,0.17776321740408718,-0.025292615439588932,-0.19877983275148273,-2.9175685122505164,8.108703851075055e-06,0.18670126058449585,0.6060688781738282,-0.17842881083488463,0.1894055874168873,0.39,40.875,True,False,True,False,0.0,40.87500000000012,0.0,0.49342734334092003,0.2418865975068526,-0.9688338925162349,-0.05958374222100485,-0.059400482321918066,-0.4643707275390625,-0.9551088809967041,-0.05940048396587372,0.0
283.24690820172816,16.75309179827184,1.7139911697505248,299.3690359889174,1.4501237866859058,0.16952602922416463,1.4494817446509562,0.17548694066347761,-0.024991701230585587,-0.1987593985240377,-2.9175221243015232,1.0257848603561025e-06,0.18667914084242823,0.6060684096813201,-0.17842700213193893,0.18940269127935172,0.39,40.949999999999996,True,False,True,False,0.0,40.950000000000124,0.0,0.48741116549783414,0.24190746470036936,-0.9687822025993705,-0.05969513312255449,-0.05951187322346771,-0.46438634395599365,-0.9550572037696838,-0.05951187387108803,0.0
283.3553816734302,16.6446183265698,1.7270654248160506,299.3671728250288,1.4440350957012245,0.16728897445135535,1.4434016072203606,0.17321145678753452,-0.024693059232651412,-0.19877174712099088,-2.9174636807496945,-6.249021056407854e-06,0.18661901940410958,0.6060679322481155,-0.17842418372631072,0.18939990284740926,0.39,41.025,True,False,True,False,0.0,41.02500000000013,0.0,0.48142004890495116,0.24192792448014816,-0.968701686211234,-0.059802382166179585,-0.0596191222670928,-0.4644022583961487,-0.9549766778945923,-0.05961912125349045,0.0
283.46339906871293,16.53660093128707,1.7399690685222988,299.36533197102153,1.437944867585629,0.1650539372036416,1.4373200363912764,0.17093693732849055,-0.024396689964457714,-0.19881802278864213,-2.9173937798966296,-1.3693042914877407e-05,0.1865137941242939,0.6060674539208412,-0.1784204015135765,0.18939722086191177,0.39,41.1,True,False,True,False,0.0,41.10000000000013,0.0,0.4754540079613389,0.24194798235705495,-0.9685935857819983,-0.05990553306553681,-0.05972227316645003,-0.4644182026386261,-0.9548686146736145,-0.05972227454185486,0.0
283.570960327968,16.42903967203199,1.7527022028543828,299.36351326093836,1.4318545060194294,0.1628211617668623,1.4312384482598808,0.16866348922598465,-0.024102600577404935,-0.19889922930268425,-2.9173130450392266,-2.1283713226497155e-05,0.18635719928260053,0.6060669639706612,-0.1784156972169876,0.18939464464485647,0.39,41.175,True,False,True,False,0.0,41.17500000000013,0.0,0.4695130512207888,0.24196764366508894,-0.96845920245067,-0.06000462043342164,-0.05982136053433486,-0.46443453431129456,-0.954734206199646,-0.05982135981321335,0.0
283.6780655108215,16.32193448917849,1.7652648872933057,299.3617165255605,1.4257654573759733,0.16059080710366364,1.425158298265732,0.1663911600660335,-0.023810795827010317,-0.1990162261981805,-2.9172221140844,-2.8998481685842965e-05,0.1861439030922474,0.6060664731264115,-0.17841012090444563,0.18939217332452538,0.39,41.25,True,False,True,False,0.0,41.250000000000135,0.0,0.4635971819617595,0.24198691424113772,-0.968299891484123,-0.0600996712480458,-0.05991641134895902,-0.4644508957862854,-0.9545748829841614,-0.059916410595178604,0.0
283.7847147831807,16.215285216819325,1.7776572110522164,299.35994158916856,1.4196792043627158,0.15836295063997488,1.4190810747703888,0.16411994340652478,-0.02352127976452067,-0.19916972341107025,-2.9171216348471316,-3.681439595744639e-05,0.1858695875613616,0.606065973341465,-0.17840372264385224,0.1893898065134883,0.39,41.324999999999996,True,False,True,False,0.0,41.32500000000014,0.0,0.45770639690481685,0.24200579973242636,-0.9681170574345281,-0.06019070289269901,-0.06000744299361223,-0.4644675552845001,-0.9543920755386353,-0.06000744178891182,0.0
283.89090841204694,16.10909158795306,1.7898792633332195,299.3581882792887,1.4135972609686016,0.1561375940061492,1.4130082940030058,0.1618497855636006,-0.02323405707380555,-0.19936027764986627,-2.9170122556486775,-4.470897712392002e-05,0.18553101114016154,0.6060654699802399,-0.1783965504169464,0.18938754392117263,0.39,41.4,True,False,True,False,0.0,41.40000000000014,0.0,0.45184068692506285,0.2420243058966858,-0.9679121462295678,-0.0602777253403029,-0.06009446544121612,-0.4644843339920044,-0.9541871547698975,-0.06009446457028389,0.0
283.99664679921085,16.00335320078915,1.80193111207815,299.3564564234521,1.4075211658383497,0.15391466968177808,1.4069414935240054,0.15958059238804478,-0.022949126827645893,-0.1995882930818879,-2.916894618843277,-5.266014387567831e-05,0.18512605187658032,0.6060649621486663,-0.1783886584639549,0.18938538545072078,0.39,41.475,True,False,True,False,0.0,41.47500000000014,0.0,0.4460000373374183,0.24204243847019577,-0.9676866415854313,-0.06036074098394541,-0.060177481084858625,-0.4645012617111206,-0.9539616703987122,-0.060177482664585114,0.0
284.1019304449655,15.89806955503451,1.8138128294671907,299.3547458524399,1.4014524760884737,0.15169404831536937,1.400882226145699,0.15731223684464182,-0.02266648831758273,-0.19985402090452709,-2.9167693529802414,-6.0646229829812735e-05,0.18465373165565452,0.6060644489526749,-0.1783800968527794,0.18938333139270544,0.39,41.55,True,False,True,False,0.0,41.550000000000146,0.0,0.44018442604340324,0.24206020251575533,-0.9674420600826978,-0.06043974477013156,-0.06025648487104478,-0.46451836824417114,-0.953717052936554,-0.060256484895944595,0.0
284.20675997661857,15.79324002338143,1.8255244834175373,299.3530563905392,1.3953927603265843,0.1494755472187937,1.3948320531422633,0.15504456681452763,-0.0223861380339735,-0.20015756142691465,-2.9166370653157787,-6.86456988362829e-05,0.18411422060624627,0.6060639321804047,-0.17837092399597168,0.18938138194084167,0.39,41.625,True,False,True,False,0.0,41.62500000000015,0.0,0.4343938255268981,0.24207760302491235,-0.9671799430212352,-0.0605147255682167,-0.06033146566912992,-0.46453559398651123,-0.9534549713134766,-0.06033146381378174,0.0
284.31113613034375,15.688863869656245,1.837066099343408,299.3513878750405,1.3893435929346565,0.1472589391783713,1.3887925387587146,0.15277741298291328,-0.022108071324102023,-0.200498864883502,-2.9164983363761623,-7.663762254697344e-05,0.18350882186913825,0.6060634100437164,-0.1783611899614334,0.18937953738570215,0.39,41.699999999999996,True,False,True,False,0.0,41.70000000000015,0.0,0.4286282012859786,0.24209464484790014,-0.9669018504382784,-0.060585666807317806,-0.060402406908231024,-0.46455299854278564,-0.9531768560409546,-0.06040240824222565,0.0
284.4150597693308,15.58494023066919,1.8484377111433608,299.3497401237041,1.3833065476437563,0.14504396200570321,1.382765244052061,0.15051059702667216,-0.021832284174102434,-0.20087773753481036,-2.916353713538992,-8.460179007052602e-05,0.18283993766700307,0.6060628825426102,-0.17835095316171645,0.18937779859900475,0.39,41.775,True,False,True,False,0.0,41.775000000000155,0.0,0.4228875128310935,0.24211133230767806,-0.9666093553486569,-0.060652546401422334,-0.060469286502335545,-0.4645705819129944,-0.9528843760490417,-0.060469284653663635,0.0
284.5185318682316,15.481468131768395,1.8596393484546665,299.3481129770953,1.3772831913135266,0.14283032834212847,1.3767517209903621,0.14824393945420067,-0.02155877136946197,-0.20129384604015807,-2.9162037054923404,-9.25186268060911e-05,0.18211101678309,0.6060623496770858,-0.17834026575088502,0.18937616596817972,0.39,41.85,True,False,True,False,0.0,41.85000000000016,0.0,0.4171717126868055,0.2421276703897686,-0.9663040385370918,-0.06071533897915434,-0.06053207908006755,-0.46458834409713745,-0.9525790214538574,-0.06053207814693451,0.0
284.6215535183419,15.378446481658102,1.8706710154072024,299.3465062594737,1.3712750776921987,0.1406177356978368,1.3707535065637095,0.14597726728811528,-0.021287524220195204,-0.20174672482199033,-2.916048778492032,-0.00010036919258535431,0.18132648506801316,0.6060618123412133,-0.17832918614149093,0.18937464036494495,0.39,41.925,True,False,True,False,0.0,41.92500000000016,0.0,0.41148074724726175,0.24214366325147652,-0.9659874813198771,-0.06077401654557951,-0.06059075664649273,-0.46460625529289246,-0.9522624611854553,-0.06059075519442558,0.0
284.7241259250098,15.275874074990213,1.8815326948728421,299.3449198016342,1.365283741542516,0.13840587623420395,1.3647721172742586,0.14371042133710826,-0.021018531578700587,-0.20223578203002732,-2.9158893527973087,-0.0001081350624262526,0.18049166021009735,0.6060612696409226,-0.17831776857376097,0.1893732224673033,0.39,42.0,True,False,True,False,0.0,42.00000000000016,0.0,0.40581455649119563,0.24215931512221245,-0.9656612595861738,-0.06082854895496374,-0.06064528905587696,-0.4646243453025818,-0.9519362449645996,-0.06064528971910477,0.0
284.82625040504695,15.173749594953051,1.8922243782094987,299.343353427852,1.359310693655822,0.13619444664642988,1.3588090445460979,0.14144326306069424,-0.02075177621919594,-0.20276030823889687,-2.915725799880341,-0.00011579888443838773,0.1796126525140559,0.6060607242584228,-0.1783060672879219,0.1893719132438302,0.39,42.074999999999996,True,False,True,False,0.0,42.075000000000166,0.0,0.40017307412446174,0.24217462974041792,-0.9653269375429068,-0.06087890499524145,-0.06069564509615466,-0.4646425247192383,-0.9516019225120544,-0.06069564446806908,0.0
284.927928386724,15.072071613276023,1.9027460270191479,299.3418069786767,1.3533574154935628,0.13398315718880088,1.3528657497411678,0.13917568078811554,-0.020487239707660754,-0.2033194865918491,-2.9155584404804196,-0.00012334420974753762,0.1786962535187802,0.6060601726174355,-0.17829413652420043,0.18937071337252856,0.39,42.15,True,False,True,False,0.0,42.15000000000017,0.0,0.39455622772241783,0.24218961031074412,-0.9649860637022809,-0.06092505411988046,-0.06074179422079368,-0.4646609127521515,-0.951261043548584,-0.06074179336428642,0.0
285.02916141236864,14.970838587631363,1.913097624136847,299.3402802881492,1.3474253538315397,0.13177174048264956,1.3469436589184813,0.13690759537978206,-0.02022490434058817,-0.2039124022793134,-2.9153875424651123,-0.0001307552433003397,0.17774981433361708,0.60605961561203,-0.17828203052282332,0.1893696236282587,0.39,42.225,True,False,True,False,0.0,42.22500000000017,0.0,0.38896393873018126,0.2422042594046187,-0.9646401651828765,-0.060966966394358786,-0.060783706495272,-0.464679479598999,-0.9509151577949524,-0.06078370660543442,0.0
285.1299511176222,14.870048882377773,1.9232791183945896,299.33877319030853,1.3415159175509537,0.12955995997649772,1.3410441611211634,0.13463896513539206,-0.019964746583092476,-0.20453805230663932,-2.9152133221170913,-0.00013801702687169816,0.17678111547706893,0.606059055030346,-0.17826980143785476,0.18936864478588106,0.39,42.3,True,False,True,False,0.0,42.300000000000175,0.0,0.383396122319725,0.24221857987639495,-0.9642907419984155,-0.06100461465168613,-0.06082135475259934,-0.4646981656551361,-0.950565755367279,-0.060821354389190674,0.0
285.23029925218185,14.769700747818149,1.9332904671101263,299.3372855191965,1.335630472439494,0.12734761673301745,1.3351686018936448,0.13236978945883626,-0.019706745269720723,-0.2051953563783506,-2.915035944150094,-0.00014511570134266135,0.17579823125644087,0.606058485507965,-0.17825749933719634,0.18936777742654087,0.39,42.375,True,False,True,False,0.0,42.37500000000018,0.0,0.3778526885307775,0.2422325738807152,-0.9639392630739195,-0.061037973957514514,-0.060854714058427725,-0.46471714973449707,-0.9502142667770386,-0.0608547143638134,0.0
285.3302076642474,14.669792335752618,1.9431316403377703,299.33581712512523,1.3297703382017594,0.12513455635613685,1.329318281751254,0.13010011225921972,-0.019450876192319323,-0.2058831684875746,-2.9148555225765893,-0.00015203814173138957,0.174809390651168,0.6060579124093056,-0.17824517637491225,0.18936702213138343,0.39,42.449999999999996,True,False,True,False,0.0,42.45000000000018,0.0,0.3723335411299982,0.24224624385647198,-0.9635871627121813,-0.061067023351054905,-0.06088376345196812,-0.4647362530231476,-0.9498621821403503,-0.060883764177560806,0.0
285.42967828755764,14.570321712442365,1.9528025868769463,299.3343678388819,1.3239367855397737,0.12292067399546615,1.3234944533038187,0.12783002382561845,-0.019197115982382898,-0.206600286976227,-2.914672124374596,-0.00015877218687813079,0.17382283683458488,0.6060573294758796,-0.17823287844657898,0.1893663793846965,0.39,42.525,True,False,True,False,0.0,42.52500000000018,0.0,0.366838578466394,0.24225959138932138,-0.9632358360188281,-0.06109174664405795,-0.060908486744971166,-0.46475568413734436,-0.9495108127593994,-0.0609084852039814,0.0
285.5287131569498,14.471286843050223,1.9623032980071176,299.33293750101166,1.3181310328607059,0.12070591915674792,1.3176983182823532,0.12555966212195963,-0.01894543538480071,-0.20734546595552614,-2.914485771471049,-0.0001653062298473506,0.17284668841230433,0.6060567438602448,-0.17822065770626067,0.1893658492833376,0.39,42.6,True,False,True,False,0.0,42.600000000000186,0.0,0.36136769418433007,0.24227261875142844,-0.9628866357292,-0.061112132071470274,-0.06092887217238349,-0.4647752046585083,-0.9491616487503052,-0.06092887371778488,0.0
285.62731439539317,14.37268560460683,1.9716337564999027,299.3315259683386,1.3123542447585559,0.11849029836603411,1.3119310262623771,0.12328921271917698,-0.01869580455329003,-0.2081174238426127,-2.9142964463361754,-0.00017162953811924726,0.17188880400600529,0.6060561484098435,-0.1782085558772087,0.18936543221473695,0.39,42.675,True,False,True,False,0.0,42.67500000000019,0.0,0.35592077636776226,0.2422853272158264,-0.9625408689526382,-0.06112817436585273,-0.06094491446676595,-0.4647950530052185,-0.9488158822059631,-0.06094491481781006,0.0
285.7254842062144,14.27451579378561,1.9807939493672468,299.3301330846689,1.3066075305959033,0.11627387721309113,1.3061936734384616,0.12101890838225902,-0.0184481992858412,-0.20891485535833756,-2.914104093951974,-0.00017773247915775668,0.1709566534080431,0.6060555440187454,-0.17819661885499954,0.18936512808203698,0.39,42.75,True,False,True,False,0.0,42.75000000000019,0.0,0.3504977082533756,0.2422977174962365,-0.9621997955814188,-0.06113987374910099,-0.060956613850014205,-0.4648151993751526,-0.9484748244285583,-0.06095661222934723,0.0
285.82322487828606,14.176775121713945,1.989783910351943,299.3287587003101,1.3008919430367571,0.11405678181837114,1.3004873014013503,0.11874902705261346,-0.018202582332785735,-0.20973644133111222,-2.913908627872263,-0.00018360638591472214,0.170057195745926,0.606054937839508,-0.17818488627672194,0.18936493659466505,0.39,42.824999999999996,True,False,True,False,0.0,42.825000000000195,0.0,0.3450983686582086,0.24230979137423433,-0.9618646268960103,-0.061147236455490285,-0.060963976556403496,-0.46483540534973145,-0.9481396079063416,-0.06096397712826729,0.0
285.92053876010067,14.07946123989933,1.998603677439377,299.32740264930135,1.2952084765751322,0.11183919741054014,1.294812895722407,0.11647988921150715,-0.017958923132992723,-0.21058085828085807,-2.913709936710718,-0.00018924281847131297,0.1691967685329652,0.6060543173551559,-0.17817340403795243,0.18936485755890609,0.39,42.9,True,False,True,False,0.0,42.9000000000002,0.0,0.339722631694267,0.24232154887063076,-0.9615365241143197,-0.0611502759406357,-0.060967016041548916,-0.4648560881614685,-0.9478115439414978,-0.06096701696515083,0.0
286.017428298657,13.982571701342977,2.007253331095257,299.3260648112496,1.2895580680619834,0.10962136737659729,1.2891713865798742,0.11421185478085287,-0.017717192638700523,-0.21144678355731647,-2.913507886552588,-0.0001946341293321127,0.1683809882445171,0.6060536915063858,-0.178162205517292,0.18936489049047234,0.39,42.975,True,False,True,False,0.0,42.9750000000002,0.0,0.3343703681944632,0.2423329912969187,-0.9612165940176116,-0.06114901167703844,-0.06096575177795166,-0.4648769497871399,-0.9474915862083435,-0.060965750366449356,0.0
286.11389599020595,13.886104009794053,2.0157329602781267,299.32474502669766,1.2839415968150378,0.10740359057863613,1.28356364893114,0.11194531851488697,-0.017477356055712615,-0.21233290572632724,-2.91330232988561,-0.0001997737873492764,0.16761466351858526,0.6060530567169189,-0.1781513303518295,0.18936503451764586,0.39,43.05,True,False,True,False,0.0,43.0500000000002,0.0,0.3290414435738637,0.24234411877915665,-0.9609058927467838,-0.061143470015041154,-0.06096021011595437,-0.46489810943603516,-0.9471808671951294,-0.06096021085977554,0.0
286.2099443932143,13.7900556067857,2.024042696430815,299.323443158979,1.2783598842795616,0.10518621706225681,1.2779905020978473,0.10968070540034251,-0.01723938963094726,-0.21323793026787377,-2.9130931100655637,-0.00020465543567129094,0.16690172392086058,0.6060524076223374,-0.17814081400632858,0.1893652889624238,0.39,43.125,True,False,True,False,0.0,43.125000000000206,0.0,0.32373572053867294,0.24235493192575586,-0.9606054238510634,-0.061133683064816785,-0.06095042316573,-0.4649197459220886,-0.9468804001808167,-0.060950424522161484,0.0
286.3055761361393,13.69442386386072,2.0321826922340467,299.32215907467616,1.2728136951050297,0.10296964393727107,1.2724527108256465,0.10741846520720394,-0.017003270119288243,-0.21416058390231063,-2.912880066249708,-0.00020927329935423503,0.1662451634776371,0.606051749587059,-0.17813068985939026,0.18936565285623075,0.39,43.199999999999996,True,False,True,False,0.0,43.20000000000021,0.0,0.31845305837321347,0.242365431986344,-0.9603161367776907,-0.06111968911699606,-0.060936429217909274,-0.46494168043136597,-0.9465911388397217,-0.06093642860651016,0.0
286.40079389410323,13.59920610589677,2.040153155601857,299.3208926240977,1.2673037385823727,0.10075430988056511,1.266950986652975,0.10515906620292809,-0.016768967311989538,-0.21509962002422486,-2.9126630418368302,-0.00021362264657266635,0.1656470005658115,0.606051082611084,-0.1781209871172905,0.18936612493991853,0.39,43.275,True,False,True,False,0.0,43.27500000000021,0.0,0.3131933125123396,0.24237562017402964,-0.9600389291913985,-0.06110153169957828,-0.06091827180049149,-0.4649639129638672,-0.9463139176368713,-0.06091827154159546,0.0
286.4956003992571,13.504399600742886,2.0479543114384837,299.3196436770859,1.261830669092605,0.09854068861533709,1.2614859879526628,0.10290298883100664,-0.01653644848385595,-0.21605382394574504,-2.9124418893972055,-0.0002176993060798295,0.16510825564141773,0.6060504066944122,-0.1781117370724678,0.18936670395433905,0.39,43.35,True,False,True,False,0.0,43.350000000000215,0.0,0.3079563358243223,0.24238549735450704,-0.9597746480511957,-0.061079259878102934,-0.06089599997901615,-0.4649864435195923,-0.9460496306419373,-0.060896001756191254,0.0
286.58999843559843,13.410001564401568,2.0555864143862577,299.3184121132376,1.2563950880806363,0.09632928150838635,1.2560583227076896,0.10065071933557916,-0.016305689596921105,-0.21702201416357736,-2.912216475297158,-0.0002214990838384556,0.16462894594664984,0.6060497164726257,-0.17810296893119812,0.18936738864034416,0.39,43.425,True,False,True,False,0.0,43.42500000000022,0.0,0.30274197804085873,0.24239506350548637,-0.9595240896639061,-0.0610529266474958,-0.06086966674840902,-0.4650094509124756,-0.9457991123199463,-0.060869667679071426,0.0
286.68399081564587,13.31600918435413,2.0630497870701294,299.3171977828674,1.2509975450317565,0.09412061040172813,1.2506685477889428,0.09840274287992709,-0.016076669108101054,-0.218003042431115,-2.911986683265125,-0.00022501856347130066,0.1642080966305824,0.6060490155220032,-0.17809470564126967,0.1893681774482131,0.39,43.5,True,False,True,False,0.0,43.50000000000022,0.0,0.29755008604208627,0.24240431935450168,-0.9592880002062268,-0.06102258851049508,-0.0608393286114083,-0.46503281593322754,-0.945563018321991,-0.06083932891488075,0.0
286.77758040117027,13.222419598829731,2.0703447648569924,299.31600057208834,1.2456385400303713,0.09191520992527516,1.245317172327199,0.09615953676300465,-0.01584936311438898,-0.2189957969232149,-2.911752421261806,-0.00022825516266022046,0.16384376839154902,0.6060483038425446,-0.17808697223663328,0.18936906882822516,0.39,43.574999999999996,True,False,True,False,0.0,43.57500000000022,0.0,0.2923805051394771,0.2424132668069494,-0.959067077019222,-0.06098830571692605,-0.06080504581783927,-0.46505653858184814,-0.9453420639038086,-0.06080504506826401,0.0
286.8707700928278,13.129229907172203,2.0774717128532494,299.3148203409619,1.2403185243145465,0.08971361892294862,1.2400046577300774,0.09392156378391592,-0.015623756450103108,-0.21999920154172337,-2.911513624505576,-0.00023120620072159356,0.16353310158568574,0.6060475760698318,-0.17807979375123978,0.18937006113380195,0.39,43.65,True,False,True,False,0.0,43.650000000000226,0.0,0.2872330779356352,0.24242190641107642,-0.9588619724200567,-0.060950140113952334,-0.06076688021486555,-0.46508079767227173,-0.9451369643211365,-0.060766879469156265,0.0
286.96356281979456,13.03643718020544,2.0844310514005984,299.31365696910143,1.2350379022960019,0.08751637266906526,1.2347314194729104,0.09168926583099204,-0.015399836623774433,-0.2210122124092349,-2.9112702580085843,-0.0002338691837735617,0.16327237489666385,0.6060468366742134,-0.17807319104671476,0.1893711527183652,0.39,43.725,True,False,True,False,0.0,43.72500000000023,0.0,0.28210764489447115,0.24243024054515575,-0.9586732918215185,-0.060908154713626095,-0.06072489481453931,-0.46510544419288635,-0.9449483156204224,-0.0607248954474926,0.0
287.05596154235474,12.944038457645263,2.0912232220828773,299.31251032634054,1.2297970341069553,0.08532399495208921,1.2294978294188306,0.08946305748715401,-0.01517758574885797,-0.22203381680079876,-2.911022321395714,-0.000236242668267096,0.16305707773142464,0.6060460865497589,-0.17806718081235884,0.18937234203219414,0.39,43.8,True,False,True,False,0.0,43.80000000000023,0.0,0.27700404491129915,0.24243827132181003,-0.9585015957522498,-0.060862413551921485,-0.0606791536528347,-0.46513044834136963,-0.9447765946388245,-0.060679152607917786,0.0
287.1479692467157,12.852030753284282,2.097848683477528,299.31138028901887,1.2245962364197056,0.08313698984511332,1.224304216346385,0.08724332037143323,-0.014956988604440325,-0.22306303282680479,-2.910769850076903,-0.00023832556426840024,0.16288199598096115,0.6060453230142593,-0.17806178390979766,0.18937362723499537,0.39,43.875,True,False,True,False,0.0,43.875000000000234,0.0,0.2719221151704895,0.24244600049964665,-0.958347404273,-0.06081298004728086,-0.06062972014819408,-0.4651558995246887,-0.9446223974227905,-0.060629721730947495,0.0
287.239588942421,12.760411057579006,2.104307953646959,299.3102667334924,1.2194357835974254,0.08095583399176537,1.219150866822893,0.08503039804874234,-0.014738038278411799,-0.2240989042397018,-2.910512915237794,-0.00024011667499206418,0.16274130835652068,0.6060445442795753,-0.17805701702833177,0.1893750069707632,0.39,43.949999999999996,True,False,True,False,0.0,43.95000000000024,0.0,0.26686169143063554,0.24245342996196673,-0.9582111961176069,-0.06075991607144953,-0.06057665617236274,-0.4651818573474884,-0.9444862008094788,-0.060576654970645905,0.0
287.3308236571581,12.669176342841922,2.1106015421533795,299.3091695393532,1.2143159096814147,0.07878096985823604,1.2140380269728017,0.08282459140446262,-0.014520729466708831,-0.22514049593582341,-2.910251624855481,-0.0002416153351750109,0.16262869138246272,0.6060437530279159,-0.1780528947710991,0.18937647939920427,0.39,44.025,True,False,True,False,0.0,44.02500000000024,0.0,0.2618226081668453,0.24246056258863663,-0.9580934087805643,-0.060703282240350515,-0.06052002234126373,-0.4652082324028015,-0.9443684220314026,-0.060520023107528687,0.0
287.42167644194643,12.578323558053569,2.1167299840511005,299.3080885862123,1.2092368097588952,0.07661279950696762,1.2089659036453684,0.08062615458039717,-0.014305050769684257,-0.22618689117346075,-2.9099861251492762,-0.0002428216683897768,0.16253743180388058,0.6060429519414902,-0.17804942965507506,0.1893780432611704,0.39,44.1,True,False,True,False,0.0,44.10000000000024,0.0,0.25680469885630575,0.24246740135540887,-0.957994441495459,-0.0606431355396581,-0.060459875640571314,-0.4652349352836609,-0.9442694187164307,-0.06045987457036972,0.0
287.51215034780995,12.48784965219005,2.122693852636406,299.3070237504048,1.2041986400664144,0.07445167821412228,1.203934664255165,0.07843529184585754,-0.01409099735724701,-0.22723718789184236,-2.9097165987883904,-0.00024373572249078253,0.16246054493557535,0.6060421347618103,-0.17804663836956025,0.18937969700694085,0.39,44.175,True,False,True,False,0.0,44.175000000000246,0.0,0.2518077956929463,0.24247394850599288,-0.9579146574027285,-0.06057952955197428,-0.060396269652887496,-0.46526217460632324,-0.9441896677017212,-0.06039626896381378,0.0
287.60224845169483,12.397751548305166,2.128493729700967,299.3059748985165,1.1992015193921526,0.07229790959490348,1.1989444379863807,0.07625215542224892,-0.013878572688775716,-0.22829049154053102,-2.9094432617547317,-0.00024435782125175503,0.16239089588075545,0.6060413032770157,-0.17804452925920486,0.1893814393773675,0.39,44.25,True,False,True,False,0.0,44.25000000000025,0.0,0.24683173087045276,0.24248020717072494,-0.9578543806409432,-0.06051251413732238,-0.0603292542382356,-0.4652898907661438,-0.9441294074058533,-0.06032925471663475,0.0
287.6919738409141,12.308026159085898,2.1341301800388868,299.3049419231688,1.1942455304051343,0.07015174213256821,1.193995317018924,0.07407684377486129,-0.013667772910913053,-0.22934591260133244,-2.9091663627805957,-0.0002446894418301191,0.1623213213621073,0.6060404628515244,-0.1780431106686592,0.18938326930701732,0.39,44.324999999999996,True,False,True,False,0.0,44.32500000000025,0.0,0.24187633515678414,0.24248618176715736,-0.957813899877872,-0.060442134202014525,-0.06025887430292774,-0.46531790494918823,-0.944088876247406,-0.06025887280702591,0.0
287.7813295846398,12.21867041536018,2.139603806688227,299.30392469745084,1.1893307184333242,0.0680133656535247,1.189087355152047,0.07190940077662972,-0.013458590949550138,-0.23040256351245214,-2.9088861811128655,-0.00024473187006845856,0.16224475136098956,0.6060396108031273,-0.17804239720106124,0.18938518563359977,0.39,44.4,True,False,True,False,0.0,44.400000000000254,0.0,0.2369414387497244,0.2424918750542448,-0.95779347053907,-0.06036842871422899,-0.0601851688151422,-0.4653463065624237,-0.9440684914588928,-0.06018516793847084,0.0
287.8703187779629,12.129681222037107,2.1449151871895658,299.30292309770357,1.1844570927513962,0.06588290867545266,1.184220568929688,0.06974981608564677,-0.013251029409270875,-0.23145955099292412,-2.908603021554891,-0.00024448677699065815,0.16215432804287636,0.6060387435555458,-0.17804239094257354,0.18938718748539687,0.39,44.475,True,False,True,False,0.0,44.47500000000026,0.0,0.23202687284480988,0.24249728999042086,-0.9577933093286513,-0.06029143173255815,-0.06010817183347136,-0.46537521481513977,-0.9440683126449585,-0.06010817363858223,0.0
287.95894451338427,12.041055486615733,2.150064920329308,299.30193700353857,1.1796246268891049,0.06376043786800165,1.1793949379071091,0.067598026296017,-0.01304509062248924,-0.23251597471229626,-2.9083172099725294,-0.00024395677492468159,0.16204351920746293,0.6060378664731979,-0.17804310023784636,0.18938927428126337,0.39,44.55,True,False,True,False,0.0,44.55000000000026,0.0,0.22713246721204086,0.24250243059800541,-0.9578135990933367,-0.060211170547284414,-0.060027910648197624,-0.4654044508934021,-0.9440885782241821,-0.06002791225910187,0.0
288.0472098704418,11.952790129558196,2.155053583649731,299.30096629454874,1.1748332574210247,0.06164595791654533,1.17461040341258,0.06545391652727495,-0.012840771304776294,-0.2335709237347912,-2.90802909048877,-0.00024314457344709248,0.16190622473284885,0.6060369795560837,-0.17804453134536743,0.18939144544005396,0.39,44.625,True,False,True,False,0.0,44.62500000000026,0.0,0.2222580517638653,0.24250730076854166,-0.9578544886750889,-0.06012766679503286,-0.05994440689594607,-0.4654340147972107,-0.944129467010498,-0.059944406151771545,0.0
288.1351179286726,11.864882071327372,2.1598817461948974,299.30001085033336,1.1700828840196822,0.05953941182885291,1.1698668685210802,0.06331732323713296,-0.012638076584793849,-0.23462347214488882,-2.907739020216265,-0.00024205316772550853,0.161736875239881,0.606036077439785,-0.17804668843746185,0.1893937004774809,0.39,44.699999999999996,True,False,True,False,0.0,44.700000000000266,0.0,0.21740345712570075,0.24251190372011086,-0.9579160894422182,-0.06004093538289781,-0.05985767548381102,-0.4654640853404999,-0.9441910982131958,-0.059857673943042755,0.0
288.22267175724267,11.777328242757335,2.164549955764459,299.2990705472489,1.1653733696351836,0.057440683446785865,1.1651641982811543,0.061188037753050886,-0.012437009846562505,-0.23567267690885405,-2.907447363253402,-0.0002406865270475898,0.1615305201904396,0.6060351672768592,-0.17804957151412965,0.1893960391998291,0.39,44.775,True,False,True,False,0.0,44.77500000000027,0.0,0.21256851392300546,0.2425162436801743,-0.9579984764321278,-0.05995098483775772,-0.05976772493867094,-0.46549442410469055,-0.9442734718322754,-0.059767723083496094,0.0
288.30987441754263,11.69012558245737,2.169058768657136,299.2981452583713,1.1607045392030182,0.055349600094925226,1.1605022184603933,0.05906581013545734,-0.012237571844097038,-0.23671757830704102,-2.907154487197261,-0.00023904915078927353,0.16128290443947085,0.6060342454910278,-0.1780531847476959,0.18939846151024103,0.39,44.85,True,False,True,False,0.0,44.85000000000027,0.0,0.20775305335165342,0.24252032476412042,-0.9581016893376253,-0.05985781723879007,-0.05967455733970328,-0.46552515029907227,-0.9443767070770264,-0.05967455729842186,0.0
288.3967289528118,11.603271047188173,2.1734086859352217,299.29723486656394,1.156076178961785,0.053265936393344954,1.1558807149171715,0.05695035402966474,-0.012039761654125436,-0.23775719765982387,-2.906860756656022,-0.000237145962823565,0.1609905326683939,0.6060333156585693,-0.17805752605199812,0.18940096760243177,0.39,44.925,True,False,True,False,0.0,44.925000000000274,0.0,0.20295690703515532,0.2425241508701533,-0.9582257304694414,-0.059761429225920926,-0.05957816932683414,-0.46555614471435547,-0.944500744342804,-0.059578169137239456,0.0
288.48323838555353,11.516761614446466,2.1776002171614923,299.2963392514289,1.151488035616076,0.0511894186312636,1.1512994326054526,0.05484135181681496,-0.011843578628134038,-0.23879053772796205,-2.9065665282103086,-0.00023498251737123928,0.1606507200340856,0.6060323750972748,-0.17806259542703629,0.18940355767011643,0.39,45.0,True,False,True,False,0.0,45.00000000000028,0.0,0.1981799075953495,0.24252772540157685,-0.9583705632920826,-0.05966181078771504,-0.05947855088862826,-0.4655874967575073,-0.9446455836296082,-0.059478551149368286,0.0
288.56940572271236,11.43059427728764,2.181633820911122,299.2954582860498,1.1469398164789806,0.04911973034391329,1.1467580767546193,0.052738460487147476,-0.011649019600033502,-0.23981658318960916,-2.9062721453133604,-0.00023256498814937175,0.16026162867905294,0.6060314273834229,-0.17806838870048522,0.18940623210072519,0.39,45.074999999999996,True,False,True,False,0.0,45.07500000000028,0.0,0.19342188879455563,0.2425310518925094,-0.9585361118562629,-0.05955894729216367,-0.05937568739307689,-0.4656190872192383,-0.9448111057281494,-0.059375688433647156,0.0
288.6552339479047,11.34476605209528,2.185509964260052,299.29459185003543,1.142431187103995,0.04705651791844529,1.1422563092095548,0.05064131751739988,-0.011456083910755165,-0.24083430227521943,-2.905977932884291,-0.00022990002297652696,0.15982228933381126,0.6060304680466652,-0.1780749037861824,0.18940899147540333,0.39,45.15,True,False,True,False,0.0,45.15000000000028,0.0,0.18868268525082016,0.24253413377051064,-0.9587222612044592,-0.05945281855716938,-0.05926955865808259,-0.4656510651111603,-0.944997251033783,-0.059269558638334274,0.0
288.740726018817,11.259273981183014,2.1892290378031056,299.2937398294912,1.1379617714900714,0.04499939741128465,1.1377937497077308,0.04854954736638289,-0.011264770233065853,-0.2418426480338798,-2.905684192222233,-0.00022699475629165493,0.15933260805370633,0.6060295015573501,-0.1780821344256401,0.18941183637529613,0.39,45.225,True,False,True,False,0.0,45.225000000000286,0.0,0.18396213286524046,0.2425369745682277,-0.9589288542847075,-0.05934340089834583,-0.05916014099925905,-0.4656832814216614,-0.9452038407325745,-0.05916013941168785,0.0
288.8258848568463,11.1741151431537,2.192791440637286,299.2929020975057,1.1335311512806647,0.04294796172213766,1.1333699750315818,0.046462767639188225,-0.011075066780851323,-0.2428405617784089,-2.905391198215769,-0.0002238570802580198,0.1587933578018688,0.6060285305976868,-0.17809007436037064,0.18941476747840644,0.39,45.3,True,False,True,False,0.0,45.30000000000029,0.0,0.17926006896506577,0.2425395775432323,-0.959155692037589,-0.05923066568620611,-0.059047405787119325,-0.4657156467437744,-0.9454306960105896,-0.059047404676675797,0.0
288.91071335227963,11.089286647720371,2.1961975293719145,299.2920785369397,1.1291388655114896,0.04090178714378764,1.1289845188395184,0.044380595679048,-0.010886967097478491,-0.24382697731280525,-2.905099194863037,-0.00022049567935496952,0.1582061563058364,0.6060275480151176,-0.17809871315956116,0.18941778565645218,0.39,45.375,True,False,True,False,0.0,45.37500000000029,0.0,0.17457633287345345,0.24254194508853108,-0.9594025325677273,-0.05911458218814592,-0.05893132228905913,-0.4657483994960785,-0.9456775188446045,-0.058931320905685425,0.0
288.99521436170437,11.00478563829563,2.199447647872667,299.2912690143712,1.124784409790942,0.03886044135279455,1.1246368710296641,0.04230265517853424,-0.010700463031128333,-0.24480082612953916,-2.904808389502688,-0.00021691977877452784,0.1575734295226241,0.6060265609622002,-0.17810804247856138,0.18942089168429377,0.39,45.449999999999996,True,False,True,False,0.0,45.450000000000294,0.0,0.1699107656246204,0.2425440799435065,-0.9596690912455791,-0.05899511694867663,-0.05881185704958984,-0.4657813012599945,-0.94594407081604,-0.05881185829639435,0.0
289.07939070541215,10.920609294587848,2.202542089019886,299.29047342566946,1.120467235674992,0.03682349078371919,1.1203264772869526,0.0402285821042296,-0.010515541122521954,-0.2457610414310894,-2.904518952300613,-0.00021313884121141395,0.15689836127548032,0.6060255667567253,-0.17811805188655852,0.18942408662736418,0.39,45.525,True,False,True,False,0.0,45.5250000000003,0.0,0.16526321010625963,0.24254598513259912,-0.9599550392422315,-0.05887223533209614,-0.058688975433009355,-0.4658144414424896,-0.9462300539016724,-0.05868897587060928,0.0
289.16324514666576,10.836754853334241,2.2054811287037097,299.28969165044464,1.116186751610343,0.03479050816341232,1.116052740176539,0.038158030802674305,-0.010332183159659706,-0.24670656327691595,-2.904231013260076,-0.00020916331335214247,0.15618483141191974,0.6060245689749718,-0.178128724694252,0.18942737135738136,0.39,45.6,True,False,True,False,0.0,45.6000000000003,0.0,0.16063351120233166,0.2425476621646188,-0.9602600021550833,-0.05874590130386907,-0.05856264140478229,-0.4658477008342743,-0.9465349912643433,-0.058562640100717545,0.0
289.24678041762,10.753219582379984,2.208265025821242,299.2889235617745,1.111942322432063,0.03276107932102425,1.1118150187506444,0.03609067961082552,-0.010150374945120453,-0.2476363467009471,-2.903944660135852,-0.00020500403460828833,0.1554373428804997,0.6060235613584518,-0.178140050470829,0.18943074674606325,0.39,45.675,True,False,True,False,0.0,45.6750000000003,0.0,0.1560215169333833,0.24254911246582,-0.960583561303664,-0.05861607903393398,-0.0584328191348472,-0.4658812880516052,-0.9468585848808289,-0.058432817459106445,0.0
289.32999919080635,10.670000809193652,2.210894001034128,299.28816905554186,1.1077332701973397,0.030734810571826577,1.1076126295463118,0.03402623614438372,-0.009970100324668486,-0.2485493662745202,-2.903659936220286,-0.00020067241263174251,0.15466093875602635,0.6060225501656532,-0.17815200835466383,0.18943421366512778,0.39,45.75,True,False,True,False,0.0,45.750000000000306,0.0,0.1514270770308991,0.24255033814018,-0.9609252534703805,-0.05848273357763348,-0.058299473678546695,-0.4659149944782257,-0.9472002387046814,-0.0582994744181633,0.0
289.4129040920967,10.58709590790329,2.213368270759998,299.28742801459157,1.1035588743976616,0.028711335382345368,1.103444846956826,0.03196444167996749,-0.009791334005598427,-0.24944462459402383,-2.9033768419355095,-0.0001961802305937323,0.15386111086247306,0.6060215353965759,-0.1781645858287811,0.18943777318000796,0.39,45.824999999999996,True,False,True,False,0.0,45.82500000000031,0.0,0.1468500445056509,0.2425513403727045,-0.9612845705169523,-0.058345831083035864,-0.058162571183949074,-0.46594882011413574,-0.9475595951080322,-0.058162569999694824,0.0
289.4954976825563,10.504502317443723,2.215688021679808,299.2867003185238,1.0994183736494425,0.02669031969449485,1.099310904964922,0.029905075321418877,-0.009614057808808928,-0.25032115728488313,-2.903095333995776,-0.00019153979093894353,0.15304370256678185,0.6060205107927322,-0.17817775785923004,0.18944142587184906,0.39,45.9,True,False,True,False,0.0,45.90000000000031,0.0,0.14229027493468097,0.24255211964292472,-0.9616609599241682,-0.05820534030723449,-0.0580220804081477,-0.46598297357559204,-0.947935938835144,-0.05802208185195923,0.0
289.5777824739976,10.422217526002385,2.217853423483459,299.28598587297984,1.095310966370929,0.024671468087315965,1.095209997965613,0.027847957542686565,-0.00943824932521637,-0.25117804185403536,-2.902815325017274,-0.00018676366457563706,0.15221480628953435,0.6060194844007492,-0.1781915098428726,0.18944517270922662,0.39,45.975,True,False,True,False,0.0,45.975000000000314,0.0,0.13774762745940478,0.2425526773813431,-0.9620538257719157,-0.05806123251144469,-0.0578779726123579,-0.4660171866416931,-0.9483288526535034,-0.05787797272205353,0.0
289.65976091342947,10.340239086570534,2.219864650117043,299.2852845510415,1.091235813037874,0.022654528231878794,1.091141283110912,0.025792952493687172,-0.0092638801288468,-0.2520144027528608,-2.9025366874053824,-0.00018186500267916786,0.15138065754650293,0.6060184526443482,-0.17820581257343293,0.18944901417642832,0.39,46.05,True,False,True,False,0.0,46.05000000000032,0.0,0.13322196393013117,0.24255301372963087,-0.9624625297699492,-0.057913482395818075,-0.05773022249673129,-0.4660515785217285,-0.9487375020980835,-0.05773022398352623,0.0
289.7414353856464,10.258564614353588,2.22172184578969,299.2845962583474,1.0871920374763429,0.020639294755502583,1.0871038816269332,0.023739970243892797,-0.009090923733527816,-0.2528294207474238,-2.9022592539997136,-0.0001768570929600145,0.15054752883259873,0.6060174155235291,-0.17822064936161042,0.18945295095145703,0.39,46.125,True,False,True,False,0.0,46.12500000000032,0.0,0.12871314976137938,0.2425531290842162,-0.9628863932818531,-0.05776206907611396,-0.05757880917702718,-0.46608614921569824,-0.9491614103317261,-0.057578809559345245,0.0
289.8228082002711,10.177191799728917,2.223425163216958,299.2839208842538,1.0831787292283275,0.018625612579632793,1.0830968810316641,0.02168896781563197,-0.008919349241283271,-0.25362233656141475,-2.901982820423295,-0.00017175344337949403,0.1497216231963138,0.6060163757205009,-0.1782359889149666,0.1894569834217429,0.39,46.199999999999996,True,False,True,False,0.0,46.20000000000032,0.0,0.12422105378944735,0.2425530230976016,-0.9633246978728155,-0.05760697562029251,-0.05742371572120572,-0.46612080931663513,-0.9495996832847595,-0.05742371454834938,0.0
289.9038815969378,10.096118403062178,2.224974750872946,299.2832583246368,1.0791949471132685,0.016613378950360056,1.079119339553562,0.019639949683042997,-0.008749127994650746,-0.2543924598187156,-2.901707149629335,-0.0001665680148519258,0.14890897068701814,0.6060153287649155,-0.1782518082857132,0.1894611117810011,0.39,46.275,True,False,True,False,0.0,46.275000000000325,0.0,0.1197455489850904,0.2425526953813399,-0.9637766871299961,-0.05744819033838723,-0.05726493043930045,-0.4661557078361511,-0.9500516653060913,-0.05726493149995804,0.0
289.9846577608476,10.015342239152403,2.226370774234132,299.2826084818671,1.0752397198286472,0.01460254516744695,1.0751702854476148,0.017592967475897028,-0.008580229206068001,-0.2551391729333672,-2.901431973500626,-0.00016131436708633406,0.14811532858182452,0.6060142791271209,-0.17826808035373687,0.18946533641666174,0.39,46.35,True,False,True,False,0.0,46.35000000000033,0.0,0.11528651216841979,0.24255214562025437,-0.9642415709745525,-0.057285706666859657,-0.057102446767772874,-0.4661906957626343,-0.9505165815353394,-0.057102445513010025,0.0
290.0651387812875,9.934861218712513,2.2276133605454986,299.2819712615874,1.0713120508425003,0.012593117055042912,1.071248722747094,0.015548118711190783,-0.00841261741045455,-0.2558619358817816,-2.901156999012311,-0.00015600648182154388,0.14734608719682024,0.6060132259130477,-0.17828477382659913,0.18946965713500977,0.39,46.425,True,False,True,False,0.0,46.42500000000033,0.0,0.11084382315338218,0.24255137304871513,-0.9647185254094377,-0.057119523872598,-0.05693626397351122,-0.466225802898407,-0.950993537902832,-0.05693626403808594,0.0
290.1453266931168,9.854673306883228,2.2287027007946003,299.28134656291286,1.0674109213570429,0.010585154184366452,1.0673536339089982,0.01350554522095908,-0.008246265564316478,-0.2565602926193008,-2.900881911600077,-0.00015065853854507002,0.14660618363429165,0.6060121637582779,-0.178301859498024,0.18947407393604518,0.39,46.5,True,False,True,False,0.0,46.500000000000334,0.0,0.1064173670291882,0.24255037624163295,-0.9652066967769551,-0.05694964571914176,-0.05676638582005497,-0.46626120805740356,-0.9514816999435425,-0.056766387075185776,0.0
290.2252234249133,9.774776575086719,2.2296389604859526,299.2807342914757,1.0635352929994544,0.008578769221973273,1.0634839824883278,0.011465430731750638,-0.008081145296763959,-0.25723387430359396,-2.9006063784439777,-0.00014528427155928165,0.14590002343507757,0.606011098921299,-0.17831930816173552,0.18947858662605285,0.39,46.574999999999996,True,False,True,False,0.0,46.57500000000034,0.0,0.10200703187857756,0.24254915498033222,-0.9657052065555555,-0.05677608293830165,-0.05659282303921487,-0.4662967026233673,-0.9519802331924438,-0.05659282207489014,0.0
290.3048308637836,9.695169136216407,2.230422330623254,299.28013436267656,1.059684112324309,0.006574125734999017,1.0596387175758897,0.009427997483101655,-0.007917224526232806,-0.2578824015665988,-2.9003300558565637,-0.00013989761797283137,0.14523141191158961,0.6060100287199021,-0.17833708435297013,0.18948319462388755,0.39,46.65,True,False,True,False,0.0,46.65000000000034,0.0,0.09761271162976953,0.24254770869134037,-0.9662131499128034,-0.05659885093434614,-0.05641559103525935,-0.4663323760032654,-0.952488124370575,-0.05641559138894081,0.0
290.3841507931509,9.615849206849077,2.2310530277161797,299.2795466788889,1.0558563137610417,0.00457143545519665,1.0558167766482038,0.007393502730071632,-0.0077544688926450885,-0.2585056883387446,-2.900052593374819,-0.00013451207591325917,0.14460349720753737,0.6060089558362961,-0.17835516095161438,0.18948789754211903,0.39,46.725,True,False,True,False,0.0,46.72500000000034,0.0,0.09323430249190238,0.24254603606285105,-0.9667296050683524,-0.056417970839081254,-0.056234710939994464,-0.4663681387901306,-0.9530045986175537,-0.05623470991849899,0.0
290.4631849186745,9.536815081325528,2.2315312725320107,299.27897116201257,1.0520508236913768,0.002570954314743381,1.0520170895160248,0.005362234476766411,-0.0075928476922972905,-0.25910364056360036,-2.899773638634546,-0.00012914061392461262,0.1440187247024638,0.6060078758001327,-0.17837350249290465,0.1894926945090294,0.39,46.8,True,False,True,False,0.0,46.800000000000345,0.0,0.08887170637669925,0.24254413590045068,-0.967253631536169,-0.056233469238424164,-0.05605020933933738,-0.46640413999557495,-0.953528642654419,-0.05605021119117737,0.0
290.5419348734377,9.458065126562303,2.2318573283370413,299.27840773070693,1.0482665650675949,0.0005729786716190018,1.0482385828552414,0.0033345070579573833,-0.007432328344806158,-0.2596762577272161,-2.8994928419532515,-0.0001237963538451683,0.14347880388629317,0.6060067939758301,-0.17839207559823989,0.18949758494347335,0.39,46.875,True,False,True,False,0.0,46.87500000000035,0.0,0.08452482947290406,0.24254200686269867,-0.967784275446322,-0.05604537724477461,-0.05586211734568783,-0.46644020080566406,-0.9540593028068542,-0.05586211755871773,0.0
290.6204021998004,9.379597800199576,2.2320314711548015,299.2778562905942,1.0445024612608567,-0.001422159933619837,1.0444801839046856,0.0013106561336905262,-0.007272883613484259,-0.26022363390645703,-2.899209861692905,-0.00011849229945813626,0.1429846879127669,0.6060057032108307,-0.17841084480285643,0.18950256778001787,0.39,46.949999999999996,True,False,True,False,0.0,46.95000000000035,0.0,0.08019358196092669,0.24253964748016882,-0.9683205758143585,-0.055853731075587935,-0.055670471176501146,-0.46647655963897705,-0.9545955657958984,-0.055670469999313354,0.0
290.6985883727297,9.301411627270284,2.232054006759944,299.2773167733367,1.0407574393074714,-0.003414099620446552,1.0407408236111628,-0.0007089662684610233,-0.007114487076057789,-0.2607459568057363,-2.8989243673867695,-0.00011324074639840949,0.14253656626274303,0.6060046097636222,-0.1784297788143158,0.18950764195322992,0.39,47.025,True,False,True,False,0.0,47.025000000000354,0.0,0.0758778790109767,0.24253705731579295,-0.9688615668487963,-0.05565857078550806,-0.05547531088642127,-0.4665130078792572,-0.9551365375518799,-0.05547530949115753,0.0
290.77649477387695,9.223505226123052,2.2319252579337503,299.2767890910768,1.0370304336986198,-0.0054024540882605596,1.0370194402991049,-0.002723997335322728,-0.006957113068534505,-0.2612435035818941,-2.89863604610472,-0.00010805311922819968,0.14213386985112425,0.6060035091638565,-0.17844884425401686,0.18951280630081893,0.39,47.1,True,False,True,False,0.0,47.10000000000036,0.0,0.07157763949986559,0.24253423524902656,-0.9694062813004026,-0.055459940206953946,-0.05527668030786716,-0.46654969453811646,-0.9556812644004822,-0.05527668073773384,0.0
290.85412271750255,9.145877282497452,2.2316455899559493,299.2762731787384,1.0333203910583268,-0.007386818567950294,1.0333149842090956,-0.0047340686096681885,-0.006800741278403961,-0.26171663731713496,-2.8983446054960496,-0.00010294062427325092,0.14177528952580332,0.606002402305603,-0.17846800565719603,0.1895180597573519,0.39,47.175,True,False,True,False,0.0,47.17500000000036,0.0,0.06729278743676786,0.2425311808359199,-0.9699537525003082,-0.0552578860395177,-0.05507462614043092,-0.4665865898132324,-0.9562287330627441,-0.055074624717235565,0.0
290.9314734323269,9.068526567673075,2.2312153808629405,299.2757689549617,1.0296262733337085,-0.009366775532400458,1.0296264206286665,-0.006738811501531208,-0.006645345361122504,-0.262165804744845,-2.8980497776355425,-9.791401921443985e-05,0.14145880640175817,0.6060012936592102,-0.17848723173141479,0.18952340086996555,0.39,47.25,True,False,True,False,0.0,47.25000000000036,0.0,0.06302325053735984,0.2425278935912567,-0.9705030217695135,-0.05505245789210371,-0.05486919799301693,-0.46662354469299316,-0.9567780494689941,-0.05486919730901718,0.0
291.0085480744953,8.991451925504691,2.2306350511901356,299.27527635467413,1.0259470618064617,-0.0113419012934299,1.0259527337755963,-0.008737862616296183,-0.006490898646388309,-0.26259153169654115,-2.897751323204334,-9.298382740121941e-05,0.14118173426265485,0.6060001796483994,-0.17850648492574692,0.18952882837951185,0.39,47.324999999999996,True,False,True,False,0.0,47.325000000000365,0.0,0.05876896122201913,0.2425243727944844,-0.9710531401501182,-0.05484370696833347,-0.05466044706924668,-0.46666067838668823,-0.9573281407356262,-0.05466044694185257,0.0
291.08534771720633,8.914652282793668,2.2299050427275504,299.27479529325865,1.0222817598790068,-0.01331177223420323,1.0222929294655296,-0.010730868530772203,-0.006337380052584791,-0.2629944197016348,-2.8974490321129434,-8.815987100833023e-05,0.1409407731144928,0.6059990602731705,-0.17852573603391647,0.18953434092998506,0.39,47.4,True,False,True,False,0.0,47.40000000000037,0.0,0.054529855902758016,0.24252061719734258,-0.971603173558506,-0.054631686150410405,-0.05444842625132362,-0.4666979908943176,-0.9578781723976135,-0.05444842576980591,0.0
291.1618733714492,8.83812662855081,2.2290258185175422,299.27432572517137,1.0186293959719348,-0.015275970932936606,1.01864603792996,-0.012717490588108326,-0.00618477466861502,-0.2633751380091952,-2.8971427257261957,-8.345095917194556e-05,0.14073207173022045,0.6059979337453842,-0.17854495167732237,0.18953993706852199,0.39,47.475,True,False,True,False,0.0,47.47500000000037,0.0,0.05030587555365173,0.2425166268085507,-0.9721522040673718,-0.05441644884476844,-0.05423318894568166,-0.4667355418205261,-0.9584271907806396,-0.054233189672231674,0.0
291.23812596526716,8.761874034732841,2.2279978671061764,299.27386755928137,1.0149890265626893,-0.017234091610949336,1.0150111168237166,-0.014697409249726127,-0.0060330672305028525,-0.26373441688491706,-2.8968322592702322,-7.886521740011614e-05,0.1405512987532996,0.6059968036413192,-0.17856410264968872,0.18954561553597452,0.39,47.55,True,False,True,False,0.0,47.550000000000374,0.0,0.04609696457029457,0.24251240120509282,-0.9726993333199841,-0.0541980483696449,-0.054014788470558114,-0.46677321195602417,-0.9589743614196777,-0.05401478707790375,0.0
291.3141063567192,8.685893643280792,2.2268217110400372,299.27342074028047,1.011359739557501,-0.019185745755880154,1.0113872545524691,-0.01667032817444877,-0.005882242376389101,-0.264073041063469,-2.8965175236894005,-7.441068248344632e-05,0.14039372127763444,0.6059956681728363,-0.1785831534862518,0.18955137478262188,0.39,47.625,True,False,True,False,0.0,47.62500000000038,0.0,0.04190307191030627,0.2425079412892192,-0.9732436850871833,-0.05397653751655948,-0.0537932776174727,-0.46681106090545654,-0.9595186710357666,-0.053793277591466904,0.0
291.38981535202066,8.610184647979338,2.2254978686222593,299.27298519983333,1.0077406557239066,-0.021130567212674603,1.0077735716624245,-0.018635977511170763,-0.005732288401121695,-0.2643918453376701,-2.896198444829916,-7.009466647096289e-05,0.14025428982344318,0.6059945273399353,-0.17860207915306092,0.18955721354931593,0.39,47.699999999999996,True,False,True,False,0.0,47.70000000000038,0.0,0.03772415038044358,0.24250324687675257,-0.9737844105420242,-0.05375196820041292,-0.05356870830132614,-0.46684908866882324,-0.960059404373169,-0.05356870964169502,0.0
291.4652536848129,8.534746315187078,2.224026913402319,299.2725608793571,1.0041309305448292,-0.02306821663835554,1.0041692227071735,-0.020594116909218804,-0.005583193184081344,-0.26469170491965727,-2.895874983188985,-6.592354254899758e-05,0.14012772714931152,0.6059933829307557,-0.17862084835767744,0.1895631305769086,0.39,47.775,True,False,True,False,0.0,47.77500000000038,0.0,0.03356015563886359,0.24249831861313473,-0.9743206894179849,-0.053524389994289025,-0.053341130095202235,-0.4668872356414795,-0.9605956673622131,-0.053341131657361984,0.0
291.5404220161551,8.459577983844895,2.2224094019411877,299.27214770401633,1.0005297561249042,-0.02499838562332624,1.0005733981550045,-0.022544537839995108,-0.005434946748776042,-0.2649735284499876,-2.8955471339395813,-6.190306662014943e-05,0.1400086201730216,0.6059922331571579,-0.17863943606615065,0.18956912460625172,0.39,47.85,True,False,True,False,0.0,47.850000000000385,0.0,0.02941104733528931,0.24249315680137631,-0.9748517302946378,-0.05329385117122242,-0.05311059127213563,-0.46692556142807007,-0.9611267447471619,-0.05311059206724167,0.0
291.61532096045147,8.38467903954853,2.220645924797802,299.27174561848506,0.9969363627903917,-0.026920800012363282,0.996985326016532,-0.024487065219902123,-0.005287542010172431,-0.26523825003285834,-2.895214925095612,-5.8038528429668135e-05,0.13989151318256704,0.6059910789132118,-0.17865781307220457,0.18957519447505475,0.39,47.925,True,False,True,False,0.0,47.92500000000039,0.0,0.025276789111469213,0.24248776248936313,-0.9753767731466753,-0.05306039648619707,-0.05287713658711028,-0.4669640362262726,-0.9616518020629883,-0.05287713557481766,0.0
291.6899510673042,8.310048932695793,2.2187370895346112,299.2713545576885,0.993350020506532,-0.02883522232173326,0.9934042733400164,-0.02642155852463495,-0.005140968552511394,-0.26548682399291185,-2.8948784160168657,-5.4335204901294114e-05,0.1397710006180981,0.6059899228811264,-0.17867595225572586,0.18958133902102708,0.39,48.0,True,False,True,False,0.0,48.00000000000039,0.0,0.02115734717516915,0.24248213648666903,-0.9758950926720819,-0.052824068118708725,-0.05264080821962194,-0.4670025706291199,-0.9621700644493103,-0.05264080688357353,0.0
291.76431284743154,8.23568715256846,2.21668348672188,299.2709744565336,0.9897700380989967,-0.030741453975857275,0.989829545476363,-0.028347912231609085,-0.004995217414672738,-0.26572021844504284,-2.894537695141146,-5.079712001646228e-05,0.1396418182162375,0.6059887623786926,-0.17869383484125137,0.1895875572755933,0.39,48.074999999999996,True,False,True,False,0.0,48.075000000000394,0.0,0.0170526912982686,0.24247627949564687,-0.976405999618066,-0.05258490500619196,-0.05240164510710517,-0.4670412540435791,-0.962680995464325,-0.05240164324641228,0.0
291.8384067389742,8.161593261025814,2.214485732432453,299.27060525645675,0.9861957645234253,-0.03263933670260119,0.9862604874044765,-0.03026605548321683,-0.004850286316187483,-0.2659394047880772,-2.894192876563056,-4.742758567005853e-05,0.13949893062418417,0.6059875965118409,-0.17871143370866774,0.18959384827017786,0.39,48.15,True,False,True,False,0.0,48.1500000000004,0.0,0.012962793391265279,0.2424701923937521,-0.9769088389477644,-0.05234294177046127,-0.052159681871374486,-0.46708011627197266,-0.9631838202476501,-0.05215968191623688,0.0
291.91223314378385,8.087766856216149,2.2121444512413557,299.27024688911297,0.9826265892118464,-0.034528752696044086,0.9826964841944822,-0.03217595116913797,-0.004706174450630313,-0.26614535296974234,-2.8938440973184902,-4.42296865737054e-05,0.13933761392968763,0.6059864270687103,-0.1787287300825119,0.18960021132677796,0.39,48.225,True,False,True,False,0.0,48.2250000000004,0.0,0.00888762935641978,0.24246387666424007,-0.9774029903383457,-0.05209820964055121,-0.05191494974146442,-0.46711909770965576,-0.9636780023574829,-0.05191494897007942,0.0
291.98579243001353,8.014207569986468,2.2096602634781872,299.26989931220487,0.9790619417378161,-0.03640962422723612,0.9791369608002147,-0.03407759458762086,-0.004562877366257278,-0.26633902539892185,-2.893491514607801,-4.1206142195644024e-05,0.13915353196051905,0.6059852558374405,-0.17874570101499557,0.18960664557367565,0.39,48.3,True,False,True,False,0.0,48.3000000000004,0.0,0.004827177091888188,0.24245733426068658,-0.9778878714931056,-0.051850736011429484,-0.051667476112342695,-0.46715813875198364,-0.9641628861427307,-0.0516674779355526,0.0
292.0590849036034,7.940915096396623,2.2070337767320214,299.2695624378648,0.9755012914974475,-0.03828191276608915,0.9755813818390389,-0.035971011367682736,-0.00442038968575974,-0.26652137285551725,-2.8931353022063475,-3.835944210804786e-05,0.138942805667305,0.6059840819239616,-0.17876232773065567,0.18961315062344075,0.39,48.375,True,False,True,False,0.0,48.375000000000405,0.0,0.0007814163492557213,0.24245056591780476,-0.9783629376729517,-0.05160054416423107,-0.05141728426514429,-0.4671972692012787,-0.9646379351615906,-0.051417283713817596,0.0
292.13211085235093,7.867889147649066,2.20426561983945,299.26923622704726,0.9719441464851158,-0.040145617425573196,0.9720292504650703,-0.037856254812881435,-0.0042787092040149155,-0.26669332920734773,-2.8927756454511675,-3.569131210987729e-05,0.13870207401901236,0.6059829044342041,-0.17877859354019165,0.18961972579807043,0.39,48.449999999999996,True,False,True,False,0.0,48.45000000000041,0.0,-0.0032496696981857555,0.24244357362634697,-0.9788276800798493,-0.05134765314169162,-0.05116439324260483,-0.4672365188598633,-0.9651026725769043,-0.05116439238190651,0.0
292.20487050183726,7.795129498162737,2.201356379152785,299.26892061467515,0.968390052599104,-0.04200077238388398,0.9684801078163457,-0.03973340285870155,-0.004137832060476226,-0.26685580567607736,-2.8924127378324727,-3.3202939113511604e-05,0.13842854509586225,0.6059817260503769,-0.17879448175430296,0.18962637071013452,0.39,48.525,True,False,True,False,0.0,48.52500000000041,0.0,-0.007266096879301358,0.24243635829306404,-0.979281625988637,-0.05109207875342893,-0.05090881885434215,-0.46727579832077026,-0.9655566215515137,-0.05090881884098053,0.0
292.277364075057,7.722635924943006,2.1983066920139183,299.26861553565413,0.964838592734015,-0.04384744389147205,0.9649335322337165,-0.04160255464168085,-0.00399775113201945,-0.2670096871631138,-2.8920467779413594,-3.089519680101101e-05,0.13812003710426213,0.60598054677248,-0.1788099777698517,0.18963308516591787,0.39,48.6,True,False,True,False,0.0,48.60000000000041,0.0,-0.011267877601049463,0.24242892140700256,-0.9797243360783805,-0.050833832240431226,-0.050650572341344444,-0.46731510758399963,-0.9659993648529053,-0.050650570541620255,0.0
292.3495917431542,7.650408256845822,2.1951171277846737,299.26832093467283,0.9612893860510745,-0.045685727025688565,0.9613891386131044,-0.043463826556283676,-0.0038584633198730884,-0.26715582964683904,-2.891677964678913,-2.8768947770511574e-05,0.1377750089878124,0.6059793639183044,-0.17882506489753722,0.18963986877799036,0.39,48.675,True,False,True,False,0.0,48.675000000000416,0.0,-0.015255024128134665,0.24242126406621828,-0.9801554072557516,-0.05057292291120075,-0.050389663012113964,-0.46735453605651855,-0.9664304256439209,-0.05038966238498688,0.0
292.42155365653764,7.57844634346236,2.191788272825572,299.2680367499006,0.9577420863785351,-0.047515741148980335,0.9578465769610461,-0.04531734807440827,-0.003719959912578184,-0.26729505955471805,-2.891306492848809,-2.6824963016185655e-05,0.1373925795899703,0.6059781837463379,-0.17883973062038422,0.18964672154635193,0.39,48.75,True,False,True,False,0.0,48.75000000000042,0.0,-0.01922754587347981,0.2424133875581999,-0.9805744698200953,-0.050309355492047986,-0.0501260955929612,-0.4673938751220703,-0.9668494462966919,-0.0501260943710804,0.0
292.49324993710303,7.50675006289697,2.1883207177493618,299.26776292601517,0.9541963799053363,-0.04933762624381684,0.9543055301307948,-0.04716325750119537,-0.0035822394659363334,-0.26742817139585273,-2.8909325502606404,-2.5063046398743565e-05,0.13697253548368507,0.6059769964218139,-0.17885396659374236,0.18965364327728748,0.39,48.824999999999996,True,False,True,False,0.0,48.82500000000042,0.0,-0.023185451109570182,0.2424052926924913,-0.9809811874141376,-0.050043132705741275,-0.04985987280665449,-0.46743345260620117,-0.9672561883926392,-0.049859873950481415,0.0
292.56468070155836,7.435319298441641,2.184715023425596,299.26749939793126,0.950651984712387,-0.051151537474658705,0.9507657134871551,-0.04900169725308049,-0.003445298712086984,-0.26755592420160657,-2.890556312800124,-2.3482893666646428e-05,0.1365153273410873,0.605975811779499,-0.1788677582144737,0.18966063416451218,0.39,48.9,True,False,True,False,0.0,48.900000000000425,0.0,-0.02712874654066667,0.24239698095545736,-0.9813752525388005,-0.04977425531935236,-0.04959099542026557,-0.46747294068336487,-0.9676502346992493,-0.04959099367260933,0.0
292.63584601735903,7.364153982640971,2.180971733732776,299.26724611684676,0.9471086491099161,-0.05295764042473619,0.9472268733335821,-0.0508328096540628,-0.003309130458187543,-0.26767904364674167,-2.890177943744584,-2.2084182279705948e-05,0.13602205484208776,0.6059746244549751,-0.17888109922409057,0.18966769401431086,0.39,48.975,True,False,True,False,0.0,48.97500000000043,0.0,-0.031057438585709748,0.24238845390751265,-0.9817563890854301,-0.04950272183817403,-0.04931946193908725,-0.4675125181674957,-0.9680314064025879,-0.04931946098804474,0.0
292.7067459571456,7.293254042854414,2.177091401047054,299.2670030111576,0.9435661502654213,-0.05475610580381486,0.9436887856043445,-0.052656732242827714,-0.003173723786765447,-0.26779822176929813,-2.8897975894554904,-2.0866520152837316e-05,0.13549444155186297,0.6059734398126602,-0.17889397710561752,0.18967482302039862,0.39,49.05,True,False,True,False,0.0,49.05000000000043,0.0,-0.03497153095474658,0.2423797121495796,-0.9821243484292221,-0.049228529300845786,-0.049045269401759004,-0.4675520062446594,-0.9683993458747864,-0.049045268446207047,0.0
292.7773805702277,7.222619429772294,2.1730745649998076,299.2667700450843,0.9400242924403934,-0.05654710466531776,0.9401512541231457,-0.054473593462962155,-0.0030390700685022504,-0.267914119461494,-2.889415377086153,-1.9829239253159852e-05,0.13493479929429186,0.6059722515940666,-0.17890638768672942,0.1896820211827755,0.39,49.125,True,False,True,False,0.0,49.12500000000043,0.0,-0.03887102764300721,0.24237075651968348,-0.9824789109487342,-0.048951674445794874,-0.04876841454670809,-0.46759161353111267,-0.9687539339065552,-0.04876841604709625,0.0
292.84774988776894,7.152250112231059,2.168921752477069,299.26654714376946,0.9364829058774791,-0.05833080318593593,0.9366141095086041,-0.05628350820691722,-0.0029051659558212255,-0.2680273662617926,-2.8890314110575512,-1.8971446607903436e-05,0.13434598297996234,0.6059710615873337,-0.17891832053661347,0.18968928879201413,0.39,49.199999999999996,True,False,True,False,0.0,49.200000000000436,0.0,-0.04275593136252383,0.2423615870556917,-0.9828198822814236,-0.04867215365846341,-0.04848889375937662,-0.4676312804222107,-0.9690948724746704,-0.04848889261484146,0.0
292.91785393574554,7.082146064254459,2.16463346487079,299.2663342486312,0.932941845174091,-0.06010735726206668,0.9330772076138018,-0.05808657401408208,-0.0027720025158692874,-0.2681385634655134,-2.8886457726358996,-1.8292027945341293e-05,0.13373133618319147,0.6059698724746704,-0.17892977356910705,0.18969662575125695,0.39,49.275,True,False,True,False,0.0,49.27500000000044,0.0,-0.046626243827291775,0.2423522056016148,-0.9831470925979866,-0.04838996349333314,-0.04820670359424635,-0.46767091751098633,-0.9694221019744873,-0.04820670187473297,0.0
292.98769272717476,7.01230727282524,2.160210220570767,299.2661313206363,0.9294009883034728,-0.061876907766206336,0.929540428552226,-0.05988286755676767,-0.0026395636219163163,-0.26824828524221433,-2.8882585200726045,-1.778974442297214e-05,0.13309462947615883,0.6059686851501465,-0.17894073843955993,0.1897040321573615,0.39,49.35,True,False,True,False,0.0,49.35000000000044,0.0,-0.05048196646600474,0.24234261284296799,-0.9834603956959864,-0.04810510089556309,-0.0479218409964763,-0.4677104949951172,-0.9697353839874268,-0.047921840101480484,0.0
293.0572662698894,6.942733730110604,2.1556525337182606,299.26593830120555,0.9258602355880972,-0.06363957627827144,0.926003675621978,-0.0616724412893365,-0.002507832048013279,-0.26835708278348025,-2.887869687077553,-1.746330207175253e-05,0.13243999279883878,0.6059674978256225,-0.17895121306180953,0.18971150810718537,0.39,49.425,True,False,True,False,0.0,49.425000000000445,0.0,-0.05432309999461182,0.24233280801554083,-0.9837596677869306,-0.04781756473764855,-0.047634304838561764,-0.46775007247924805,-0.970034658908844,-0.0476343035697937,0.0
293.12657455875853,6.873425441241466,2.150960892961292,299.26575513501666,0.9223195085082141,-0.06539546102423067,0.9224668740647389,-0.06345532056052612,-0.0023767917645401513,-0.26846548640680656,-2.887479281540014,-1.7311035162269368e-05,0.13177184223683022,0.6059663105010986,-0.17896119326353072,0.18971905350387097,0.39,49.5,True,False,True,False,0.0,49.50000000000045,0.0,-0.058149644843916805,0.24232279080959507,-0.9840448070361575,-0.04752735571512938,-0.0473440958160426,-0.4677896499633789,-0.9703198075294495,-0.04734409600496292,0.0
293.1956175938382,6.804382406161778,2.14613581244197,299.2655817634891,0.9187787495120101,-0.06714463347726829,0.918929970783467,-0.06523150115768041,-0.0022464356207487126,-0.2685740088877896,-2.887087286038439,-1.7331339907867966e-05,0.13109480256027048,0.6059651178121567,-0.17897067487239837,0.1897266683474183,0.39,49.574999999999996,True,False,True,False,0.0,49.57500000000045,0.0,-0.061961600731719385,0.24231256096124495,-0.9843157313102581,-0.047234476221609235,-0.047051216322522446,-0.4678294062614441,-0.9705907106399536,-0.047051217406988144,0.0
293.26439536481377,6.735604635186235,2.141177785057992,299.26541815083783,0.9152379205494678,-0.06888713424445106,0.9153929327040992,-0.06700094743919267,-0.002116747376498661,-0.2686831494625105,-2.8866936582434053,-1.7522368439646562e-05,0.13041362669313225,0.6059639304876328,-0.17897965788841247,0.18973435254096985,0.39,49.65,True,False,True,False,0.0,49.65000000000045,0.0,-0.06575896766110219,0.2423021193698174,-0.9845723798529281,-0.04693893196332242,-0.04675567206423563,-0.46786898374557495,-0.9708473682403564,-0.04675567150115967,0.0
293.3329078561889,6.6670921438110895,2.1360873292022733,299.26526423848327,0.9116970033427292,-0.07062297106823906,0.911855747674071,-0.06876359152564757,-0.001987705707650722,-0.26879339657868473,-2.886298335476497,-1.7881966532757923e-05,0.12973311415186806,0.6059627413749695,-0.17898814022541046,0.18974210579395295,0.39,49.725,True,False,True,False,0.0,49.725000000000456,0.0,-0.06954174506475709,0.24229146516004488,-0.9848147103511042,-0.04664073120200469,-0.0464574713029179,-0.4679086208343506,-0.9710897207260132,-0.04645746946334839,0.0
293.4011550628351,6.598844937164927,2.130864954768379,299.2651199873794,0.9081559985610252,-0.07235211689654758,0.9083184223811541,-0.07051933201360622,-0.00185929551537498,-0.2689052310477491,-2.885901232847495,-1.8408021356858817e-05,0.12905803051091594,0.6059615504741669,-0.17899611979722976,0.1897499277189374,0.39,49.8,True,False,True,False,0.0,49.80000000000046,0.0,-0.07330993209039008,0.24228059753042003,-0.9850426993661847,-0.04633988612323293,-0.04615662622414614,-0.467948317527771,-0.971317708492279,-0.0461566261947155,0.0
293.469136969255,6.530863030745024,2.1255111716510067,299.2649853291791,0.9046149261308261,-0.0740745082273761,0.9047809833216951,-0.07226803401032642,-0.0017315003576825827,-0.26901913049988485,-2.8855022459052213,-1.9098339488937744e-05,0.12839302736750152,0.6059603595733642,-0.17900359660387039,0.18975781802535058,0.39,49.875,True,False,True,False,0.0,49.87500000000046,0.0,-0.07706352845592904,0.24226951584046236,-0.985256343059668,-0.04603641217955472,-0.045853152280467935,-0.4679880142211914,-0.971531331539154,-0.0458531528711319,0.0
293.5368535781013,6.463146421898728,2.1200265322339567,299.2648602476206,0.9010738245161791,-0.07579004438066503,0.9012434757770016,-0.07400952959859639,-0.0016043019713058784,-0.2691355720119773,-2.8851012538796503,-1.995020634270407e-05,0.127742565206622,0.605959167778492,-0.1790105727314949,0.18976577622890473,0.39,49.949999999999996,True,False,True,False,0.0,49.950000000000465,0.0,-0.08080253330902366,0.24225822016754814,-0.9854556561188276,-0.04573032846853756,-0.045547068569450774,-0.4680277407169342,-0.971730649471283,-0.04554706811904907,0.0
293.6043048764716,6.395695123528412,2.1144115719062913,299.2647446743631,0.8975327512176534,-0.0774985875241802,0.8977059641675214,-0.0757436187799548,-0.0014776835636306123,-0.26925503355225333,-2.8846981222861694,-2.0960631252324158e-05,0.1271108405843334,0.6059579741954804,-0.1790170481801033,0.18977380165159702,0.39,50.025,True,False,True,False,0.0,50.02500000000047,0.0,-0.08452694679556999,0.24224670880793817,-0.9856406717244346,-0.04542165886778242,-0.04523839896869564,-0.4680675268173218,-0.9719156622886658,-0.045238398015499115,0.0
293.67149087479726,6.328509125202743,2.108666864296504,299.2646385866333,0.8939917832164329,-0.07919996327813632,0.8941685323506252,-0.07747007092444326,-0.0013516324311653918,-0.2693779969866719,-2.884292705701775,-2.2126537895669247e-05,0.1265017185197174,0.60595677703619,-0.17902302503585815,0.18978189351856709,0.39,50.1,True,False,True,False,0.0,50.10000000000047,0.0,-0.08823676820593733,0.24223498179674266,-0.9858114406860954,-0.04511043054523926,-0.04492717064615248,-0.4681074321269989,-0.9720864295959473,-0.04492717236280441,0.0
293.7384115783247,6.261588421675299,2.1027929787845427,299.2645419225919,0.8904510170877777,-0.0808939614258916,0.8906312836454483,-0.0791886268472723,-0.0012261298661856886,-0.2695049504166097,-2.883884851107633,-2.344466586331282e-05,0.12591867097537138,0.605955581665039,-0.17902850538492202,0.18979005115181208,0.39,50.175,True,False,True,False,0.0,50.17500000000047,0.0,-0.09193199811384915,0.2422230382927414,-0.9859680344060734,-0.04479667527959898,-0.044613415380512195,-0.46814727783203125,-0.9722430109977722,-0.044613417237997055,0.0
293.8050670104508,6.194932989549216,2.096790531488564,299.26445465296047,0.8869105692301924,-0.08258033807608967,0.8870943409062585,-0.08089900146220955,-0.001101155659031035,-0.26963638997104017,-2.8834744022580616,-2.4911374568299336e-05,0.12536472293390266,0.6059543836116791,-0.17903349339962005,0.18979827358275653,0.39,50.25,True,False,True,False,0.0,50.250000000000476,0.0,-0.09561263680785856,0.24221087790618562,-0.9861105432273629,-0.04448042832702441,-0.04429716842793763,-0.46818721294403076,-0.9723855257034302,-0.044297169893980026,0.0
293.871457194572,6.128542805428026,2.0906601385267285,299.2643767354298,0.883370576346467,-0.08425881814748766,0.8835578468422899,-0.08260088651364376,-0.0009766944212589038,-0.26977281995074875,-2.8830612016587116,-2.652253963312743e-05,0.1248424069506011,0.6059531828761101,-0.17903799325227737,0.18980655974596738,0.39,50.324999999999996,True,False,True,False,0.0,50.32500000000048,0.0,-0.09927868557479315,0.24219849909026975,-0.9862390775541221,-0.044161729479605144,-0.04397846958051836,-0.46822723746299744,-0.9725140929222107,-0.04397847130894661,0.0
293.9375821696425,6.062417830357504,2.084402458506576,299.26430814072046,0.8798311965823766,-0.08592909817238756,0.88002196504023,-0.0842939539013922,-0.0008527336155912607,-0.26991475347130617,-2.8826450944059463,-2.8274083351276192e-05,0.12435372593573292,0.6059519785642624,-0.17904200702905654,0.18981490857601166,0.39,50.4,True,False,True,False,0.0,50.40000000000048,0.0,-0.10293014570145857,0.24218590126765774,-0.9863537671271918,-0.04384062164841945,-0.04365736174933267,-0.46826738119125366,-0.9726287722587585,-0.04365736246109009,0.0
294.00344199276225,5.996558007237752,2.0780181542827756,299.2642488167562,0.8762926097002284,-0.08759084938822731,0.8764868800469132,-0.08597785931197321,-0.0007292581425369093,-0.27006271427320133,-2.8822259318689865,-3.0161769209742046e-05,0.1239001253601317,0.605950773358345,-0.17904554098844527,0.1898233188137412,0.39,50.475,True,False,True,False,0.0,50.475000000000485,0.0,-0.1065670193303373,0.24217308381225716,-0.9864547640794165,-0.04351715164542565,-0.043333891746338865,-0.4683075547218323,-0.9727297425270081,-0.04333389177918434,0.0
294.06903672881145,5.930963271188546,2.07150792695112,299.2641987407678,0.8727550168263051,-0.08924372170170532,0.8729527970057731,-0.08765224622136272,-0.0006062516963773589,-0.27021723539117154,-2.8818035756183455,-3.218050924834483e-05,0.12348247525417466,0.6059495654702186,-0.17904860347509383,0.18983178920000793,0.39,50.55,True,False,True,False,0.0,50.55000000000049,0.0,-0.11018930960192364,0.24216004647441822,-0.9865422428405715,-0.04319136891824667,-0.043008109019159885,-0.46834781765937805,-0.9728172421455383,-0.04300810769200325,0.0
294.1343664634114,5.865633536588575,2.0648725115980033,299.2641578671878,0.8692186418331587,-0.0908873482246057,0.8694199428974405,-0.0893167498322655,-0.00048370751264021315,-0.2703788563163149,-2.881377899939229,-3.432494144419858e-05,0.12310106236590887,0.6059483504295349,-0.17905119866132735,0.18984031828194858,0.39,50.625,True,False,True,False,0.0,50.62500000000049,0.0,-0.11379702008463,0.24214678798053055,-0.9866163979294318,-0.04286332600360747,-0.042680066104520686,-0.46838831901550293,-0.9728913903236389,-0.04268006607890129,0.0
294.1994312977377,5.8005687022622965,2.0581126560554446,299.26412616673224,0.8656837318677297,-0.0925213491595157,0.8658885670313264,-0.09097100117515178,-0.00036162009890136626,-0.2705481230072786,-2.880948794329213,-3.6589695706463885e-05,0.12275559181827295,0.6059471327066421,-0.1790533348917961,0.1898489047035575,0.39,50.699999999999996,True,False,True,False,0.0,50.70000000000049,0.0,-0.11739015548762836,0.24213330888588266,-0.9866774472036753,-0.042533077967489515,-0.042349818068402725,-0.46842890977859497,-0.9729524254798889,-0.04234981909394264,0.0
294.2642313537073,5.735768646292684,2.0512291463951744,299.2641036068612,0.8621505568397323,-0.0941453362732212,0.8623589405131636,-0.09261463162826856,-0.0002399774902855853,-0.2707255859932256,-2.880516167920456,-3.8968775552365035e-05,0.12244519834388479,0.6059459131956101,-0.17905502259731293,0.1898575470119715,0.39,50.775,True,False,True,False,0.0,50.775000000000496,0.0,-0.1209687213755737,0.24211960940990096,-0.9867256326347164,-0.042200681485434544,-0.04201742158634776,-0.4684695601463318,-0.9730006456375122,-0.04201742261648178,0.0
294.3287667662013,5.671233233798716,2.0442227984312624,299.2640901582904,0.8586194103971736,-0.0957589180015228,0.8588313571443675,-0.09424727711646999,-0.00011876939662569357,-0.27091179683889705,-2.88007995184029,-4.145602500878395e-05,0.12216846777027371,0.6059446892142296,-0.1790562680363655,0.18986624365746976,0.39,50.85,True,False,True,False,0.0,50.8500000000005,0.0,-0.1245327244539024,0.24210568909299746,-0.9867612188447394,-0.041866195032557244,-0.04168293513347046,-0.46851035952568054,-0.9730362296104431,-0.04168293625116348,0.0
294.3930377089826,5.606962291017396,2.0370944279735324,299.26408579498684,0.8550906101828377,-0.09736170436736417,0.8553061336271662,-0.09586858205028032,2.0056622678822633e-06,-0.27110730689361595,-2.879640099794141,-4.404522543868368e-05,0.12192346755722562,0.6059434580802917,-0.1790570816397667,0.18987499309033157,0.39,50.925,True,False,True,False,0.0,50.9250000000005,0.0,-0.1280821721410706,0.24209154757888307,-0.9867844945882617,-0.04152967816062928,-0.04134641826154249,-0.4685513973236084,-0.9730594754219055,-0.04134641960263252,0.0
294.4570443661912,5.542955633808788,2.029844923065516,299.2640904616237,0.851564496615518,-0.0989533111323154,0.851783608408591,-0.09747820339663657,0.00012235310897575243,-0.2713126634017836,-2.879196589909665,-4.6729263539412846e-05,0.12170778497883296,0.6059422260522842,-0.17905747801065444,0.1898837938576937,0.39,51.0,True,False,True,False,0.0,51.000000000000504,0.0,-0.1316170739940432,0.24207718547092263,-0.9867957746277582,-0.041191190262601894,-0.041007930363515105,-0.46859246492385864,-0.9730708003044128,-0.04100792855024338,0.0
294.5207869582563,5.479213041743719,2.0224751674976704,299.26410413868007,0.8480414339720195,-0.10053336483291984,0.8482641427653137,-0.09907581465991255,0.00024227779744140192,-0.2715284040477283,-2.878749428330497,-4.950108051214051e-05,0.12151857317347398,0.605940987765789,-0.17905746340751647,0.1898926441192627,0.39,51.074999999999996,True,False,True,False,0.0,51.07500000000051,0.0,-0.13513744014051668,0.24206260377821162,-0.9867953952831136,-0.04085079196340635,-0.04066753206431957,-0.4686337411403656,-0.9730703830718994,-0.04066753387451172,0.0
294.584265721162,5.415734278837988,2.0149860620551903,299.26412679687155,0.8445218096680862,-0.10210150725686845,0.844748120089836,-0.10066110901537326,0.00036177554156265404,-0.2717550557844519,-2.8782986480606416,-5.2353447728973144e-05,0.12135260473727838,0.6059397423267364,-0.1790570545196533,0.1899015426158905,0.39,51.15,True,False,True,False,0.0,51.15000000000051,0.0,-0.13864328270409546,0.242047802503905,-0.9867837188371392,-0.040508542704149775,-0.04032528280506299,-0.46867525577545166,-0.9730587005615234,-0.040325284004211426,0.0
294.64748094014817,5.352519059851829,2.007378550008969,299.2641583971408,0.8410060331027982,-0.10365739916402507,0.8412359448564533,-0.10223380266475647,0.0004808451349403633,-0.2719931288785984,-2.877844309313476,-5.52784942044215e-05,0.12120633007778968,0.6059384942054749,-0.17905626386404036,0.1899104877009988,0.39,51.225,True,False,True,False,0.0,51.22500000000051,0.0,-0.14213461466391067,0.24203278302886597,-0.9867611312274548,-0.040164500825692916,-0.039981240926606126,-0.4687168598175049,-0.9730361104011536,-0.03998124226927757,0.0
294.71043291082367,5.28956708917633,1.9996535831269853,299.2641989167196,0.837494535455175,-0.10520072417825825,0.8377280425090954,-0.10379363777459849,0.000599489745351206,-0.272243112598843,-2.8773865017938625,-5.826828870818807e-05,0.12107594094704616,0.6059372425079346,-0.1790551060438156,0.18991947792172434,0.39,51.3,True,False,True,False,0.0,51.300000000000516,0.0,-0.1456114517081494,0.2420175466695826,-0.9867280417993565,-0.03981872383382172,-0.03963546393473494,-0.46875858306884766,-0.9730030298233032,-0.039635464549064636,0.0
294.7731219728661,5.226878027133921,1.991812130168836,299.2642483198065,0.8339877688496135,-0.10673119289400465,0.8342248586419488,-0.10534038459659528,0.0007176985095637221,-0.27250547128623465,-2.8769253427027195,-6.13147354220625e-05,0.1209574382985114,0.6059359791874885,-0.17905359566211698,0.1899285118252039,0.39,51.375,True,False,True,False,0.0,51.37500000000052,0.0,-0.14907381009530185,0.2420020937289705,-0.9866848821278933,-0.03947126716034881,-0.039288007261262026,-0.46880069375038147,-0.9729598760604858,-0.039288006722927094,0.0
294.8355484918783,5.164451508121715,1.9838551938841538,299.264306567351,0.8304862049012895,-0.10824854480264726,0.8307268577569983,-0.10687384334043777,0.00083546655738404,-0.2727806401253319,-2.8764609747022716,-6.440957274355401e-05,0.12084670170565724,0.6059347167611122,-0.1790517494082451,0.1899375879585743,0.39,51.449999999999996,True,False,True,False,0.0,51.45000000000052,0.0,-0.15252170850763436,0.24198642658465785,-0.9866321068280919,-0.039122183964820444,-0.038938924065733654,-0.4688427746295929,-0.9729071259498596,-0.03893892467021942,0.0
294.89771288789785,5.102287112102147,1.9757837727675136,299.2643736300679,0.8269903337142113,-0.10975255147656368,0.8272345223592816,-0.1083938459443373,0.0009527877972830799,-0.27306902119736187,-2.875993568162839,-6.754459744210913e-05,0.12073956008462496,0.6059334444999694,-0.17904958188533782,0.1899467050626874,0.39,51.525,True,False,True,False,0.0,51.525000000000524,0.0,-0.15595516705330567,0.2419705469925835,-0.9865701911000824,-0.03877152536683912,-0.03858826546775233,-0.4688851833343506,-0.972845196723938,-0.0385882668197155,0.0
294.95961558614727,5.040384413852735,1.967598873811142,299.26444947216214,0.8235006621049635,-0.11124301830766273,0.8237483513030553,-0.10990025656232637,0.0010696507059732036,-0.27337098004541116,-2.8755233160928304,-7.071143179956287e-05,0.12063186341120434,0.6059321677684784,-0.17904711186885833,0.18995586197525263,0.39,51.6,True,False,True,False,0.0,51.60000000000053,0.0,-0.15937420883438194,0.24195445656228923,-0.9864996317434774,-0.03841933917153147,-0.038236079272444684,-0.4689277410507202,-0.9727746248245239,-0.03823607787489891,0.0
295.02125708183934,4.978742918160663,1.9593015209960525,299.2645340676049,0.8200177115043373,-0.11271978569814693,0.8202688578981726,-0.11139297235289435,0.0011860498255385193,-0.2736868407642231,-2.8750504338966723,-7.390134558912277e-05,0.12051955209219158,0.6059308874607087,-0.17904435813426972,0.18996505734026434,0.39,51.675,True,False,True,False,0.0,51.67500000000053,0.0,-0.1627788572380996,0.241938157750419,-0.9864209422066622,-0.03806567001451228,-0.037882410115425494,-0.4689704179763794,-0.9726959466934204,-0.03788240998983383,0.0
295.0826378987012,4.9173621012988065,1.9508927467983583,299.2646273773448,0.8165420167839701,-0.11418273016725566,0.8167965688610398,-0.11287192331761547,0.0013019791216133444,-0.2740168819195891,-2.8745751578359595,-7.710579411173167e-05,0.12039872488336123,0.6059296017885208,-0.1790413373708725,0.189974290189147,0.39,51.75,True,False,True,False,0.0,51.75000000000053,0.0,-0.16616913950116355,0.24192165199278756,-0.986334653696679,-0.037710559455086626,-0.03752729955599984,-0.4690132737159729,-0.9726096391677856,-0.03752730041742325,0.0
295.1437585889737,4.8562414110263035,1.9423735836910585,299.2647293590758,0.8130741240214694,-0.11563176480351278,0.8133320222050833,-0.11433707155107603,0.0014174251455723787,-0.2743613344083345,-2.8740977407390487,-8.031624522946733e-05,0.12026570342266603,0.605928308069706,-0.17903807044029235,0.1899835595533252,0.39,51.824999999999996,True,False,True,False,0.0,51.825000000000536,0.0,-0.16954508442856564,0.24190494118506173,-0.9862413128007592,-0.03735404565323339,-0.037170785754146604,-0.4690563976764679,-0.9725162982940674,-0.037170786410570145,0.0
295.20461975155774,4.795380248442257,1.9337450768893794,299.26483998026106,0.80961458820134,-0.11706683855625957,0.8098757651397192,-0.11578841020936714,0.0015323758380135204,-0.2747203778148997,-2.8736184490560404,-8.352413823056038e-05,0.12011709164330386,0.6059270107746124,-0.1790345761179924,0.18999286456108094,0.39,51.9,True,False,True,False,0.0,51.90000000000054,0.0,-0.1729067223935533,0.24188802821025815,-0.9861414789054816,-0.03699616311192518,-0.036812903212838394,-0.46909964084625244,-0.9724164605140686,-0.03681290149688721,0.0
295.26522203978686,4.734777960213137,1.9250082461079494,299.26495920509615,0.8061639710067754,-0.11848793534132193,0.8064283520353505,-0.11722596216471567,0.0016468248381784952,-0.27509413838384156,-2.873137561750424,-8.672107851982507e-05,0.11994982984658227,0.6059257099032402,-0.1790308752655983,0.1900022042438388,0.39,51.975,True,False,True,False,0.0,51.97500000000054,0.0,-0.17625408633567588,0.24187091549160664,-0.986035722813477,-0.03663694306660853,-0.03645368316752175,-0.46914300322532654,-0.9723107218742371,-0.03645368292927742,0.0
295.3255661277328,4.674433872267173,1.9161641238064564,299.26508700106115,0.8027228387537118,-0.1198950732785574,0.8029903424252145,-0.11864977785577425,0.001760755196490325,-0.27548268710664664,-2.872655366118231,-8.98988832283698e-05,0.11976124317395348,0.6059243983030319,-0.17902698665857314,0.19001157802045346,0.39,52.05,True,False,True,False,0.0,52.050000000000544,0.0,-0.17958721218827747,0.24185360486653415,-0.9859246253520925,-0.036276412618566546,-0.03609315271947976,-0.4691867232322693,-0.9721996188163757,-0.036093153059482574,0.0
295.38565273871995,4.614347261280045,1.9072137551865327,299.26522331606657,0.7992917598549156,-0.12128830202062167,0.7995622986676157,-0.120059932833795,0.001874152601159907,-0.2758860389950275,-2.8721721528252115,-9.304966936426757e-05,0.11954908240332775,0.6059230849146843,-0.17902293115854262,0.19002098530977965,0.39,52.125,True,False,True,False,0.0,52.12500000000055,0.0,-0.1829061370253055,0.24183609934458677,-0.985808773545474,-0.03591459576730567,-0.03573133586821889,-0.4692305028438568,-0.9720837473869324,-0.03573133423924446,0.0
295.44548265050287,4.554517349497132,1.8981581429527796,299.26536811107735,0.7958713017370658,-0.12266770051435917,0.7961447830088358,-0.12145652544617087,0.0019870102109133102,-0.27630415211558385,-2.87168821560271,-9.616545291006684e-05,0.11931155682860442,0.6059217670559883,-0.17901873171329497,0.19003042543381454,0.39,52.199999999999996,True,False,True,False,0.0,52.20000000000055,0.0,-0.18621090062959753,0.2418184022058638,-0.9856887598232417,-0.035551513677601156,-0.035368253778514366,-0.4692744314670563,-0.9719637632369995,-0.03536825254559517,0.0
295.505056674537,4.494943325462998,1.8889983153007666,299.2655213568082,0.7924620289873887,-0.12403337451325336,0.7927383557900071,-0.12283967363424696,0.0020993186889300113,-0.27673692593795457,-2.8712038469977847,-9.923852666552898e-05,0.11904736002247021,0.6059204438328742,-0.1790144070982933,0.1900398980051279,0.39,52.275,True,False,True,False,0.0,52.27500000000055,0.0,-0.18950154577765774,0.24180051544236988,-0.9855651784205437,-0.03518718352238358,-0.035003923623296795,-0.46931853890419006,-0.9718402028083801,-0.03500392287969589,0.0
295.56437565597116,4.435624344028838,1.8797352579312978,299.2656829946709,0.7890645015104474,-0.12538545339052237,0.7893435736907916,-0.124209511625331,0.002211065438371629,-0.27718420322629367,-2.870719334101075,-0.00010226201575766,0.11875568673723062,0.6059191143512725,-0.1790099760890007,0.1900494026362896,0.39,52.35,True,False,True,False,0.0,52.350000000000556,0.0,-0.1927781170995351,0.24178244105308175,-0.9854386231402549,-0.03482162043119383,-0.034638360532107046,-0.46936285495758057,-0.9717136025428772,-0.034638360142707825,0.0
295.6234404943912,4.376559505608782,1.8703699735356643,299.26585299864837,0.7856792708391568,-0.126724086469704,0.785960986132203,-0.12556618652530976,0.00232223888127071,-0.27764577200936646,-2.8702349554278666,-0.00010522892768273245,0.11843624086782484,0.6059177803993225,-0.17900546371936799,0.19005893903672696,0.39,52.425,True,False,True,False,0.0,52.42500000000056,0.0,-0.19604066107841392,0.24176418230726848,-0.9853096866203765,-0.03445483610923021,-0.03427157621014343,-0.469407320022583,-0.971584677696228,-0.03427157551050186,0.0
295.6822521204862,4.3177478795137745,1.8609034435562153,299.2660313166716,0.7823068780202797,-0.12804943936108426,0.7825911332213582,-0.12690985490985782,0.002432830270361567,-0.2781213641847336,-2.869750979143851,-0.00010813230759741289,0.11808923460348263,0.6059164419770241,-0.17900088876485823,0.19006850691586732,0.39,52.5,True,False,True,False,0.0,52.50000000000056,0.0,-0.199289227191517,0.2417457413747964,-0.9851789558860392,-0.034086840691421205,-0.03390358079233442,-0.4694519340991974,-0.9714539647102356,-0.0339035801589489,0.0
295.74081151160306,4.259188488396944,1.8513366366828796,299.26621791295156,0.778947852298884,-0.12936169002363074,0.779234544466001,-0.12824067915859738,0.0025428336652056124,-0.27861065845675526,-2.8692676604760394,-0.00011096612355325634,0.11771537944573625,0.605915099978447,-0.1789962700009346,0.19007810607999565,0.39,52.574999999999996,True,False,True,False,0.0,52.575000000000564,0.0,-0.2025238666267424,0.24172712086740816,-0.9850470092622169,-0.03371764215279696,-0.03353438225371018,-0.4694966673851013,-0.9713220000267029,-0.03353438153862953,0.0
295.79911968656097,4.200880313439029,1.8416705088537275,299.2664127288981,0.7756027080554562,-0.1306610248589268,0.775891735711464,-0.12955882384344788,0.002652244139129796,-0.2791132843148245,-2.868785238598379,-0.0001137245379190066,0.11731586894047656,0.6059137535095215,-0.1789916303753853,0.19008773633539677,0.39,52.65,True,False,True,False,0.0,52.65000000000057,0.0,-0.20574463313816807,0.2417083225716285,-0.9849144176841585,-0.033347246914708924,-0.033163987015622134,-0.4695415496826172,-0.9711894392967224,-0.03316398710012436,0.0
295.8571776875088,4.142822312491205,1.8319060117551735,299.2666157352428,0.7722719431794856,-0.1319476349770605,0.7725632074638812,-0.1308644521052602,0.00276105038790936,-0.27962882340747736,-2.8683039339610925,-0.00011640205824319808,0.11689235332788905,0.605912398993969,-0.17898698657751083,0.19009739758521318,0.39,52.725,True,False,True,False,0.0,52.72500000000057,0.0,-0.2089515827608534,0.24168934883636134,-0.9847817398921477,-0.03297566023545051,-0.03279240033636373,-0.46958670020103455,-0.9710567593574524,-0.03279240056872368,0.0
295.91498661620955,4.085013383790454,1.8220440545760344,299.26682687991297,0.7689560375316153,-0.13322171158793103,0.7692494433693805,-0.1321577221719038,0.0028692457389594764,-0.28015681429740213,-2.867823946348906,-0.00011899400192091196,0.11644690645221734,0.6059110426902771,-0.17898235738277435,0.19010708973258736,0.39,52.8,True,False,True,False,0.0,52.80000000000057,0.0,-0.21214477281298372,0.24167020189616706,-0.9846495201089557,-0.03260288679617329,-0.03241962689708651,-0.4696319103240967,-0.9709244966506958,-0.03241962566971779,0.0
295.9725475873921,4.027452412607886,1.8120855889947938,299.267046107585,0.7656554500218398,-0.1344834422767767,0.765950907239375,-0.13343878433057338,0.0029768289835578852,-0.2806967564333841,-2.86734545500208,-0.00012149552553817866,0.11598198590821711,0.6059096819162368,-0.17897776573896407,0.19011681258380414,0.39,52.875,True,False,True,False,0.0,52.875000000000576,0.0,-0.21532426389152506,0.2416508841139358,-0.9845182894269822,-0.032228930205607756,-0.032045670306520974,-0.46967726945877075,-0.9707933068275452,-0.032045669853687286,0.0
296.02986176762164,3.9701382323783605,1.8020315071967559,299.26727338898536,0.7623706183261652,-0.13573300764206833,0.762668042636583,-0.13470777772249573,0.0030837934154897342,-0.2812481117478144,-2.8668686164745507,-0.000123902391855169,0.11550038770797241,0.6059083139896393,-0.17897322416305542,0.19012656604200603,0.39,52.949999999999996,True,False,True,False,0.0,52.95000000000058,0.0,-0.21849011730656628,0.24163139729442382,-0.9843885583794825,-0.03185379549719218,-0.0316705355981054,-0.4697228670120239,-0.9706635475158691,-0.03167053684592247,0.0
296.0869303442015,3.9130696557984948,1.7918827098631747,299.2675086720378,0.7591019573385387,-0.13697057714089791,0.7594012712887146,-0.13596482754660147,0.0031901386148395477,-0.28181031176368787,-2.8663935633063726,-0.0001262110735268618,0.11500519530039528,0.605906945168972,-0.17896875351667405,0.19013635010719301,0.39,53.025,True,False,True,False,0.0,53.02500000000058,0.0,-0.22164239721919018,0.24161174312058045,-0.9842608203290657,-0.03147748691571207,-0.03129422701662528,-0.4697684943675995,-0.9705358147621155,-0.03129422664642334,0.0
296.1437545355408,3.856245464459221,1.7816400976719056,299.2677519014287,0.7558498577381121,-0.13819630647377434,0.75615099149711,-0.13721004278178311,0.0032958611088881786,-0.2823827613193453,-2.865920404799414,-0.0001284182470130499,0.11449972430819762,0.605905567407608,-0.1789643684029579,0.19014616448879243,0.39,53.1,True,False,True,False,0.0,53.100000000000584,0.0,-0.2247811689310828,0.24159192320508463,-0.9841355484166752,-0.031100010032489578,-0.030916750133402792,-0.4698144197463989,-0.9704105257987976,-0.03091675043106079,0.0
296.2003355937448,3.7996644062552036,1.77130455430069,299.26800303485015,0.7526146849966733,-0.1394103341953309,0.7529175770399769,-0.1384435138635239,0.003400959220328516,-0.2829648430936825,-2.865449225511624,-0.00013052082985797977,0.11398746419244721,0.6059041878581047,-0.17896008759737014,0.19015600908994676,0.39,53.175,True,False,True,False,0.0,53.17500000000059,0.0,-0.22790649945474287,0.2415719396240721,-0.984013193686881,-0.030721371794420207,-0.03053811189533342,-0.46986040472984314,-0.9702882170677185,-0.030538111925125122,0.0
296.2566747994306,3.7433252005694158,1.7608769464277196,299.26826203000655,0.7493967793994176,-0.14061277926534393,0.7497013770723182,-0.139665311276221,0.0035054371076414393,-0.2835559218366102,-2.864980087679892,-0.00013251652561648922,0.11347201707643045,0.605902803838253,-0.17895592153072357,0.19016588366851211,0.39,53.25,True,False,True,False,0.0,53.25000000000059,0.0,-0.2310184576559638,0.24155179384805597,-0.983894184312353,-0.030341580437984163,-0.030158320538897377,-0.4699065387248993,-0.970169186592102,-0.03015832044184208,0.0
296.3127734617298,3.687226538270181,1.750358149226288,299.26852884133905,0.7461964553201391,-0.14180373903371912,0.746502715219216,-0.14087548403135658,0.0036092981505343007,-0.2841553517149174,-2.8645130306716244,-0.0001344035971270738,0.11295703627855784,0.605901415348053,-0.17895188689231872,0.19017578798234464,0.39,53.324999999999996,True,False,True,False,0.0,53.32500000000059,0.0,-0.23411711396868212,0.24153148664688642,-0.9837789264193327,-0.029960645734158596,-0.02977738583507181,-0.4699528217315674,-0.9700539112091064,-0.02977738529443741,0.0
296.36863289495835,3.6313671050416474,1.7397490378691225,299.26880341352853,0.7430140001802477,-0.14298328775454605,0.7433218883605266,-0.1420740588317693,0.0037125417224712076,-0.2847624795146145,-2.864048071428349,-0.0001361800656358781,0.11244616406488879,0.6059000197052956,-0.17894799828529356,0.1901857216924429,0.39,53.4,True,False,True,False,0.0,53.400000000000595,0.0,-0.23720254039514002,0.24151101898176444,-0.9836678029095333,-0.02957857982728529,-0.029395319928198504,-0.4699993431568146,-0.9699428081512451,-0.029395319521427155,0.0
296.4242544600909,3.5757455399091214,1.7290504875238526,299.2690857042676,0.7398496752679186,-0.14415147499169845,0.7401591673240007,-0.14326103963515388,0.003815170758035476,-0.2853766478413053,-2.863585206535345,-0.0001378445015704478,0.11194297002875969,0.6058986213803291,-0.17894426614046097,0.19019568441137671,0.39,53.475,True,False,True,False,0.0,53.4750000000006,0.0,-0.24027480922270938,0.24149039258744753,-0.9835611695342288,-0.029195397171273462,-0.029012137272186676,-0.47004595398902893,-0.9698361754417419,-0.02901213802397251,0.0
296.4796395155085,3.520360484491505,1.718263360611065,299.2693756777717,0.7367037157565448,-0.14530832505294672,0.7370147965802784,-0.14443640767557828,0.003917189364846373,-0.28599720128977957,-2.8631244148490036,-0.000139396071636054,0.11145089161448787,0.605897216796875,-0.17894070297479628,0.1902056757517159,0.39,53.55,True,False,True,False,0.0,53.5500000000006,0.0,-0.24333399530499833,0.24146960838100828,-0.9834593595760578,-0.02881111468892647,-0.028627854789839684,-0.4700927734375,-0.9697343707084656,-0.028627855703234673,0.0
296.53478944292203,3.4652105570779668,1.707388523797908,299.2696732689519,0.733576331346304,-0.14645383701571257,0.7338889952826422,-0.14560012197165423,0.004018596700158278,-0.28662349085223504,-2.8626656582967898,-0.00014083413654646644,0.11097317786236652,0.6058958050608635,-0.17893731921911238,0.19021569522917273,0.39,53.625,True,False,True,False,0.0,53.625000000000604,0.0,-0.24638017335296725,0.24144866694306813,-0.9833626812527841,-0.02842575150998196,-0.028242491610895173,-0.47013983130455017,-0.9696376919746399,-0.02824249118566513,0.0
296.5897056473746,3.4102943526253853,1.6964268692436284,299.26997845178175,0.7304677058524055,-0.14758798446620133,0.7307819558465013,-0.146752119898871,0.004119394768403941,-0.28725487723878484,-2.862208883491217,-0.0001421582983613732,0.11051283631647965,0.6058943888545036,-0.1789341253042221,0.1902257422141731,0.39,53.699999999999996,True,False,True,False,0.0,53.70000000000061,0.0,-0.24941341936071182,0.2414275703274234,-0.9832714189801087,-0.028039329393376444,-0.02785606949428966,-0.4701870381832123,-0.9695464372634888,-0.027856068685650826,0.0
296.64438954427567,3.3556104557243316,1.6853792678608004,299.27029117419715,0.7273779985938047,-0.14871071635947763,0.727693845786295,-0.1478923187742563,0.004219589881088424,-0.28789073462374337,-2.8617540259995486,-0.00014336850464360067,0.11007258481802712,0.6058929681777954,-0.1789311295747757,0.1902358160287142,0.39,53.775,True,False,True,False,0.0,53.77500000000061,0.0,-0.2524338106056038,0.24140631907433893,-0.9831858330547321,-0.02765187328447058,-0.027468613385383794,-0.47023439407348633,-0.9694608449935913,-0.027468614280223846,0.0
296.69884256199657,3.301157438003429,1.6742466033079064,299.2706113776135,0.724307345065951,-0.14982195821806893,0.7246248080869456,-0.1490206173577154,0.004319190290262412,-0.2885304543112133,-2.861301012179193,-0.00014446501266216112,0.10965480911822505,0.6058915430307388,-0.17892834037542343,0.19024591609165073,0.39,53.85,True,False,True,False,0.0,53.85000000000061,0.0,-0.25544142493516175,0.24138491398835474,-0.9831061605382536,-0.027263410060572243,-0.027080150161485458,-0.4702818989753723,-0.9693811535835266,-0.027080150321125984,0.0
296.7530661263204,3.246933873679609,1.6630297932365785,299.27093903927243,0.7212558576566405,-0.15092161408421517,0.7215749617475491,-0.1501368977397687,0.00441819765176313,-0.28917344729992867,-2.8608497608470844,-0.0001454480862635476,0.10926152650675468,0.6058901089429856,-0.17892576605081556,0.19025604157969356,0.39,53.925,True,False,True,False,0.0,53.925000000000615,0.0,-0.25843634090981144,0.24136335583676422,-0.9830326160010867,-0.02687396926089077,-0.026690709361803983,-0.4703297019004822,-0.9693076014518738,-0.026690708473324776,0.0
296.80706168376327,3.1929383162367344,1.651729717054209,299.271274100588,0.7182236267839391,-0.15200956805938645,0.7185444028445835,-0.15124102756262,0.0045166151929987835,-0.28981914580482504,-2.8604001857702555,-0.00014631816061775165,0.10889435560868087,0.6058886712789535,-0.17892341285943986,0.19026619157269598,0.39,54.0,True,False,True,False,0.0,54.00000000000062,0.0,-0.2614186369476215,0.24134164510361542,-0.9829653907767891,-0.02648358342249295,-0.026300323523406163,-0.4703776240348816,-0.9692403674125671,-0.026300324127078056,0.0
296.8608306834389,3.1391693165610945,1.6403473051572053,299.2716165192587,0.7152107221050668,-0.15308568691483,0.7155332056257048,-0.15233286264548343,0.004614444406523092,-0.29046700565432726,-2.8599521999850244,-0.00014707593284946617,0.10855449322876712,0.6058872246742248,-0.17892128705978394,0.19027636529579758,0.39,54.074999999999996,True,False,True,False,0.0,54.07500000000062,0.0,-0.2643883926069796,0.24131978315919966,-0.9829046557121542,-0.02609228612041658,-0.025909026221329793,-0.4704258441925049,-0.969179630279541,-0.025909027084708214,0.0
296.9143745770528,3.085625422947203,1.6288834836925847,299.27196625624265,0.7122171933677052,-0.15414982243887781,0.712541423299783,-0.15341224958872832,0.004711688635071815,-0.29111650762639985,-2.8595057169057045,-0.00014772213275842744,0.10824269890616783,0.6058857744932175,-0.17891939491033554,0.19028656178042294,0.39,54.15,True,False,True,False,0.0,54.150000000000624,0.0,-0.2673456875891398,0.2412977710934558,-0.9828505615599055,-0.025700113937447137,-0.02551685403836035,-0.4704741835594177,-0.9691255688667297,-0.025516854599118233,0.0
296.96769483445684,3.032305165543164,1.6173391915527067,299.2723232659732,0.7092430720612519,-0.15520181442054173,0.7095690896417027,-0.15447902886811013,0.004808355582854088,-0.29176715842450696,-2.8590606542657055,-0.00014825790648909036,0.10795928673348179,0.605884318947792,-0.17891773849725723,0.19029678000956773,0.39,54.225,True,False,True,False,0.0,54.22500000000063,0.0,-0.27029060173790387,0.24127560967651193,-0.9828032393711259,-0.025307104848426836,-0.02512384494934005,-0.4705227017402649,-0.9690782427787781,-0.025123845785856247,0.0
297.020792899583,2.9792071004169998,1.6057153803800879,299.2726874996483,0.7062883722737981,-0.15624149423768022,0.7066162197389856,-0.1555330375861952,0.004904442869419656,-0.2924184924459634,-2.8586169351531443,-0.00014868440724249244,0.10770412547020897,0.6058828526735306,-0.1789163240790367,0.19030701901465655,0.39,54.3,True,False,True,False,0.0,54.30000000000063,0.0,-0.273223215895126,0.2412532993508607,-0.9827628037693561,-0.0249132983467635,-0.024730038447676714,-0.4705715775489807,-0.9690378308296204,-0.02473003789782524,0.0
297.0736702396932,2.926329760306828,1.5940130103129122,299.2730589247308,0.7033530920929576,-0.1572686876254548,0.7036828114211398,-0.15657411249317296,0.004999947053464635,-0.293070070687232,-2.8581744892822982,-0.00014900295499907596,0.10747664533063934,0.6058813810348511,-0.17891515165567398,0.19031727763339878,0.39,54.375,True,False,True,False,0.0,54.37500000000063,0.0,-0.276143609477065,0.24123084186621982,-0.982729350565348,-0.024518735085734177,-0.02433547518664739,-0.47062063217163086,-0.9690043330192566,-0.024335475638508797,0.0
297.1263283116843,2.87367168831571,1.5822330712342543,299.27343748263684,0.7004372139980883,-0.1582832179916939,0.7007688456787471,-0.1576020932313548,0.005094867780297335,-0.2937214812937379,-2.85773325728487,-0.0001492145982664342,0.1072758519795659,0.6058799022436142,-0.1789142295718193,0.19032755489721895,0.39,54.449999999999996,True,False,True,False,0.0,54.450000000000635,0.0,-0.27905186318312447,0.24120823861166096,-0.9827029611860802,-0.02412345649527733,-0.023940196596190545,-0.4706699252128601,-0.9689779877662659,-0.0239401962608099,0.0
297.17876857504325,2.82123142495675,1.5703765360304738,299.2738231408375,0.6975407068618099,-0.15928490971297027,0.6978742887008675,-0.15861682533174395,0.005189209168780025,-0.29437233648470357,-2.8572931921421025,-0.0001493206990204355,0.10710034805519977,0.6058784198760986,-0.17891355365514755,0.1903378496438265,0.39,54.525,True,False,True,False,0.0,54.52500000000064,0.0,-0.28194805714263593,0.24118549138725923,-0.9826837003372572,-0.02372750498168697,-0.023544245082600185,-0.4707193374633789,-0.9689586758613586,-0.023544244468212128,0.0
297.2309924788923,2.76900752110771,1.5584444115819287,299.27421585377215,0.6946635264046581,-0.160273591715585,0.6949990923567761,-0.159618163114773,0.005282974935179433,-0.295022274209662,-2.856854260681658,-0.0001493226105250492,0.10694836151432452,0.6058769303560257,-0.17891313225030897,0.19034816075935962,0.39,54.6,True,False,True,False,0.0,54.60000000000064,0.0,-0.2848322716273788,0.24116260067462075,-0.9826716198872296,-0.02333092242946482,-0.023147662530378033,-0.4707689881324768,-0.968946635723114,-0.023147663101553917,0.0
297.2830014801291,2.716998519870913,1.5464376962699107,299.2746155693667,0.6918056164705424,-0.16124910104359877,0.6921431954949827,-0.16060597229349396,0.0053761591220964355,-0.29567095399182763,-2.8564164433518306,-0.00014922162002923542,0.10681777983969602,0.6058754310011863,-0.1789129611849785,0.19035848722681403,0.39,54.675,True,False,True,False,0.0,54.675000000000644,0.0,-0.287704586339076,0.24113956739461404,-0.9826667579647841,-0.022933751117989717,-0.02275049121890293,-0.47081896662712097,-0.9689417481422424,-0.0227504912763834,0.0
297.3347970149182,2.6652029850818053,1.5343574267199525,299.27502226161096,0.6889669099503426,-0.16221128528968023,0.6893065250255236,-0.16158013252144796,0.005468759381873054,-0.2963180571880462,-2.855979735427565,-0.00014901933317553888,0.1067061890646597,0.6058739280700683,-0.17891304463148117,0.19036882793232798,0.39,54.75,True,False,True,False,0.0,54.75000000000065,0.0,-0.2905650814070998,0.2411163938243478,-0.9826691411177007,-0.022536032302387893,-0.022352772403301108,-0.4708690643310547,-0.9689441323280334,-0.02235277183353901,0.0
297.3863805297902,2.6136194702098123,1.5222046140618037,299.275435878425,0.6861473289571196,-0.16316000584296375,0.6864889961897956,-0.16254053991321057,0.00556077420277689,-0.2969632841063749,-2.8555441494010325,-0.0001487170830103798,0.10661091754681926,0.6058724170923233,-0.17891338258981704,0.19037918176203966,0.39,54.824999999999996,True,False,True,False,0.0,54.82500000000065,0.0,-0.29341383582050073,0.24109308102584653,-0.9826787844371944,-0.02213780713903079,-0.021954547239944004,-0.4709194302558899,-0.9689537882804871,-0.021954547613859177,0.0
297.4377534479494,2.562246552050624,1.5099802991715212,299.27585636448975,0.6833467859718025,-0.1640951406053804,0.6836905138047368,-0.16348710886758844,0.005652197643439962,-0.29760635133814994,-2.8551097137776136,-0.00014831631517919495,0.10652908417728146,0.6058708989620208,-0.1789139750599861,0.19038954779580236,0.39,54.9,True,False,True,False,0.0,54.90000000000065,0.0,-0.29625092913846035,0.24106963074291635,-0.9826956922616007,-0.021739114767248723,-0.021555854868161937,-0.4709700345993042,-0.9689707159996033,-0.021555854007601738,0.0
297.488917200377,2.5110827996230114,1.4976855271734206,299.2762836905272,0.680565184650762,-0.16501658644280706,0.6809109732037827,-0.1644197738255398,0.005743018339030716,-0.29824699006875016,-2.8546764729002057,-0.00014781880491296384,0.1064576490912674,0.605869370996952,-0.1789148199558258,0.19039992491975427,0.39,54.975,True,False,True,False,0.0,54.975000000000655,0.0,-0.2990764396372157,0.24104604534809454,-0.9827198582393766,-0.02133999341874999,-0.021156733519663205,-0.47102096676826477,-0.9689948558807373,-0.021156733855605125,0.0
297.5398732076854,2.460126792314611,1.4853213389438422,299.2767178077238,0.6778024194836776,-0.1659242605889362,0.6781502601137147,-0.16533849068720075,0.005833232828416048,-0.29888494452365943,-2.854244486906796,-0.00014722622950732623,0.10639346639384678,0.6058678412437439,-0.17891591936349868,0.19041031231060626,0.39,55.05,True,False,True,False,0.0,55.05000000000066,0.0,-0.3018904460207344,0.24102232708350094,-0.9827512682813224,-0.02094047953505481,-0.020757219635968025,-0.4710719585418701,-0.9690262675285339,-0.020757218822836876,0.0
297.59062286974984,2.4093771302501636,1.4728887796105,299.2771586640074,0.6750583761712649,-0.16681810280118975,0.6754082511661429,-0.16624323806938046,0.005922840650366868,-0.2995199681078087,-2.853813832771862,-0.00014654013695681705,0.10633333832376629,0.6058663043379784,-0.1789172711968422,0.19042070895135405,0.39,55.125,True,False,True,False,0.0,55.12500000000066,0.0,-0.3046930264226964,0.24099847782887612,-0.9827898983653885,-0.020540607414702435,-0.02035734751561565,-0.47112318873405457,-0.9690648913383484,-0.020357348024845123,0.0
297.6411675812622,2.3588324187377907,1.4603888985507825,299.2776062235971,0.6723329320665767,-0.1676980768338133,0.6726848144556489,-0.1671340176617444,0.0060118349814603025,-0.3001518208915774,-2.8533846012603497,-0.0001457621240014427,0.10627407035650864,0.6058647602796554,-0.17891887545585633,0.190431114115566,0.39,55.199999999999996,True,False,True,False,0.0,55.200000000000664,0.0,-0.307484257836241,0.24097449920173392,-0.9828357142814195,-0.020140409210143526,-0.01995714931105674,-0.4711746573448181,-0.9691107273101807,-0.019957149401307106,0.0
297.69150874209816,2.308491257901835,1.4478227451415124,299.27806043116607,0.6696259565863483,-0.16856417125209683,0.6699798101289097,-0.16801085453572231,0.006100204870060272,-0.3007802672289415,-2.852956895550423,-0.0001448941255069413,0.10621252478294983,0.6058632081747055,-0.17892072796821593,0.19044152697995306,0.39,55.275,True,False,True,False,0.0,55.27500000000067,0.0,-0.3102642169694215,0.24095039309431163,-0.9828886732840012,-0.019739914780388234,-0.019556654881301448,-0.47122639417648315,-0.9691636562347412,-0.01955665461719036,0.0
297.7416477184344,2.2583522815655783,1.4351913560158691,299.27852124441324,0.6669373104367183,-0.16941639963437294,0.6672930898055016,-0.16887379704273014,0.006187940810955984,-0.3014050746982766,-2.8525308303289454,-0.00014393797490304944,0.10614567272163136,0.6058616507053375,-0.17892283082008362,0.19045194681808353,0.39,55.35,True,False,True,False,0.0,55.35000000000067,0.0,-0.3130329808153991,0.24092616248061072,-0.9829487256527613,-0.019339151503328125,-0.01915589160424134,-0.4712783098220825,-0.9692237377166748,-0.019155891612172127,0.0
297.7915858790408,2.208414120959219,1.4224957763049646,299.27898860801224,0.6642668458951597,-0.17025480041153096,0.6646244970641365,-0.16972291650644628,0.006275042692374347,-0.302026010502389,-2.852106531277571,-0.00014289573665398624,0.10607064371818746,0.6058600914478302,-0.17892517775297165,0.19046237300038338,0.39,55.425,True,False,True,False,0.0,55.42500000000067,0.0,-0.31579062451389317,0.24090180977028802,-0.9830158109004176,-0.018938143936959435,-0.01875488403787265,-0.47133028507232666,-0.9692907929420471,-0.018754884600639343,0.0
297.8413245849084,2.1586754150915795,1.4097370341443285,299.27946248618446,0.6616144063273155,-0.1710794372614298,0.6619738670258799,-0.17055830624653315,0.006361502301203052,-0.3026428412017474,-2.851684132622433,-0.00014176944001421436,0.10598477295067957,0.6058585214614868,-0.1789277708530426,0.1904728049941361,0.39,55.5,True,False,True,False,0.0,55.500000000000675,0.0,-0.31853722334724294,0.24087733663654784,-0.9830898607157107,-0.018536914366471022,-0.018353654467384236,-0.47138261795043945,-0.9693648815155029,-0.018353654071688652,0.0
297.89086516073905,2.109134839260946,1.3969161619225627,299.2799428236017,0.6589798260663807,-0.1718903978225253,0.6593410264192753,-0.17138008022595447,0.006447310811759439,-0.3032553289385872,-2.8512637729327936,-0.0001405611709333873,0.10588564385556837,0.6058569487929344,-0.17893060386180876,0.1904832422181964,0.39,55.574999999999996,True,False,True,False,0.0,55.57500000000068,0.0,-0.32127285216996315,0.24085274513832194,-0.9831707973773071,-0.018135482127465234,-0.01795222222837845,-0.4714350402355194,-0.9694458246231079,-0.017952222377061844,0.0
297.94020894937717,2.0597910506228345,1.3840341707807455,299.2804295649403,0.6563629307388849,-0.17268779260886089,0.6567257940543135,-0.17218837172502222,0.006532461321575816,-0.30386323228578693,-2.8508455957185115,-0.0001392737739313105,0.10577112569123504,0.6058553689718247,-0.17893367260694504,0.19049368428513408,0.39,55.65,True,False,True,False,0.0,55.65000000000068,0.0,-0.323997583840648,0.24082803799453828,-0.9832585322488955,-0.01773386426581154,-0.017550604366724756,-0.47148770093917847,-0.9695335030555725,-0.017550604417920113,0.0
297.9893572521933,2.010642747806685,1.3710920761135943,299.28092267442025,0.6537635352749324,-0.17347175338086301,0.6541279789477072,-0.17298333134498728,0.006616947617215308,-0.3044663056495057,-2.85042974558205,-0.00013790951681328474,0.10563940655353812,0.6058537855744361,-0.17893697917461393,0.19050413080751896,0.39,55.725,True,False,True,False,0.0,55.72500000000068,0.0,-0.3267114922157441,0.24080321769320256,-0.9833529705024915,-0.01733207500863255,-0.017148815109545763,-0.4715404808521271,-0.9696279764175415,-0.017148815095424652,0.0
298.0383113809219,1.9616886190780747,1.3580908508236114,299.2814220999717,0.6511814444738699,-0.17424243155519675,0.6515473809800716,-0.173765125074468,0.0067007619382253875,-0.30506429516410427,-2.8500163668523335,-0.00013647077446362542,0.10548902011608556,0.6058521950244904,-0.17894051522016524,0.19051458144634964,0.39,55.8,True,False,True,False,0.0,55.800000000000686,0.0,-0.3294146488706323,0.24077828605332657,-0.9834540031791913,-0.01693012656475356,-0.016746866665666774,-0.4715934991836548,-0.9697290062904358,-0.016746867448091507,0.0
298.0870726110096,1.912927388990397,1.345031489062805,299.28192777650065,0.6486164528886011,-0.17499999542502112,0.6489837909202176,-0.17453393184914517,0.006783904981868642,-0.30565694065692905,-2.849605601084184,-0.00013496056366390382,0.10531886660339723,0.6058506053686142,-0.17894427865743637,0.190525036007911,0.39,55.875,True,False,True,False,0.0,55.87500000000069,0.0,-0.3321071259507059,0.2407532455682626,-0.983561511973503,-0.01652802811507061,-0.016344768215983824,-0.4716464877128601,-0.9698365330696106,-0.016344768926501274,0.0
298.1356422049405,1.8643577950595045,1.3319149679881659,299.2824396649712,0.6460683440951068,-0.17574462846815173,0.6464369896960495,-0.17528994116117289,0.006866373497248501,-0.306243976081774,-2.849197585486964,-0.00013338204366291872,0.10512822740239876,0.6058490067720413,-0.1789482632279396,0.1905354942984879,0.39,55.949999999999996,True,False,True,False,0.0,55.95000000000069,0.0,-0.33478899360552816,0.2407280981071562,-0.9836753676214571,-0.016125787684068017,-0.01594252778498123,-0.4716997742652893,-0.9699503779411316,-0.01594252698123455,0.0
298.1840214251936,1.8159785748064223,1.3187422180164936,299.2829577198286,0.6435368902864729,-0.17647652628818655,0.6439067480470825,-0.17603335010706603,0.006948162629615074,-0.30682512998318434,-2.848792448232426,-0.0001317385158619756,0.10491677324334236,0.6058474063873291,-0.1789524647593498,0.19054595605172217,0.39,56.025,True,False,True,False,0.0,56.025000000000695,0.0,-0.33746032127172726,0.24070284523119398,-0.9837954294541599,-0.015723411352888975,-0.015540151453802189,-0.4717531204223633,-0.9700704216957092,-0.015540151856839657,0.0
298.2322114927747,1.7677885072253048,1.3055141823164442,299.28348187924166,0.6410218516055817,-0.17719589396876143,0.6413928258852206,-0.17676436086798403,0.007029266911008586,-0.3074001255766246,-2.848390308622625,-0.00013003317634206738,0.10468456487342309,0.6058457988500595,-0.17895687907934188,0.19055642129182818,0.39,56.1,True,False,True,False,0.0,56.1000000000007,0.0,-0.34012117838564676,0.240677488889589,-0.9839215457038436,-0.015320902821593686,-0.0151376429225069,-0.47180670499801636,-0.970196545124054,-0.015137642621994019,0.0
298.28021363387273,1.7197863661272663,1.2922317913087822,299.284012097648,0.6385229761794005,-0.1779029428423466,0.6388949723456668,-0.17748317775388203,0.007109682988319663,-0.3079686807724094,-2.8479912743885616,-0.00012826939709184972,0.10443204768889282,0.6058441895246506,-0.1789614999294281,0.19056688987351955,0.39,56.175,True,False,True,False,0.0,56.1750000000007,0.0,-0.34277163210260825,0.24065203159342907,-0.984053550060874,-0.014918265161034963,-0.014735005261948177,-0.4718603491783142,-0.9703285694122314,-0.014735004864633083,0.0
298.3280290383843,1.6719709616157274,1.278895954172695,299.2845483229935,0.6360400004672978,-0.1785978876329521,0.6364129261129635,-0.1781900045295803,0.0071894090522379266,-0.3085305106148777,-2.8475954410503888,-0.0001264511901003482,0.10416003976775273,0.6058425748348236,-0.17896631896495818,0.19057736174836756,0.39,56.25,True,False,True,False,0.0,56.2500000000007,0.0,-0.34541174986300033,0.24062647511196242,-0.9841912648365845,-0.014515500498484896,-0.01433224059939811,-0.4719141721725464,-0.9704662561416626,-0.014332240447402,0.0
298.37565887546594,1.6243411245340553,1.2655075588440945,299.2850904934385,0.6335726483975482,-0.17928094310748738,0.6339464145381167,-0.17888504152434093,0.0072684485875043284,-0.30908533033490143,-2.847202889215347,-0.00012458262917732925,0.10386971413744844,0.6058409601449967,-0.17897133201360702,0.1905878368921578,0.39,56.324999999999996,True,False,True,False,0.0,56.325000000000706,0.0,-0.34804159711113497,0.24060082122392684,-0.9843344999586334,-0.014112610091022163,-0.013929350191935377,-0.47196799516677856,-0.9706094861030579,-0.013929350301623344,0.0
298.42310431427217,1.576895685727834,1.2520674677642427,299.2856385699429,0.6311206310204621,-0.17995232135461042,0.6314951532169327,-0.17956848311303744,0.0073468077697882925,-0.30963285554080094,-2.8468136842887652,-0.00012266749024198185,0.10356257496037782,0.605839341878891,-0.17897653281688689,0.19059831530489027,0.39,56.4,True,False,True,False,0.0,56.40000000000071,0.0,-0.35066123815062694,0.24057507136634526,-0.9844830518065298,-0.013709594660353625,-0.013526334761266839,-0.4720219373703003,-0.9707580804824829,-0.013526334427297115,0.0
298.47036647730033,1.529633522699669,1.2385765646250408,299.28619250369456,0.6286836480618333,-0.180612229195353,0.6290588473983257,-0.18024051489592516,0.007424483269691293,-0.3101728039087778,-2.8464278742474893,-0.00012071027345612721,0.10324042883365958,0.605837716460228,-0.17898190885782242,0.19060879693813623,0.39,56.475,True,False,True,False,0.0,56.47500000000071,0.0,-0.3532707372849691,0.24054922596933914,-0.9846367032859152,-0.013306454558645025,-0.013123194659558239,-0.4720761179924011,-0.9709116816520691,-0.013123194687068462,0.0
298.51744647148945,1.4825535285105502,1.2250356778816818,299.28675223286973,0.6262613869200693,-0.18126086477034004,0.6266371909444904,-0.1809013112830165,0.007501473614641549,-0.310704900106388,-2.8460454882553705,-0.00011871544146289337,0.10290535059297981,0.6058360892534256,-0.178987458050251,0.19061928179189563,0.39,56.55,True,False,True,False,0.0,56.550000000000715,0.0,-0.3558701562515182,0.2405232868968001,-0.9847952248602637,-0.012903191196090721,-0.012719931297003936,-0.47213035821914673,-0.9710702300071716,-0.012719931080937386,0.0
298.56434539082085,1.4356546091791529,1.2114456657345312,299.28731771190223,0.6238535231388105,-0.18189841482921965,0.6242298667281213,-0.18155103361292407,0.007577786474789626,-0.3112288756948564,-2.845666538522967,-0.00011668743572294259,0.10255964471198101,0.6058344611525536,-0.17899316787719727,0.19062976981773974,0.39,56.625,True,False,True,False,0.0,56.62500000000072,0.0,-0.35845955593191975,0.2404972561801511,-0.9849583737349148,-0.012499805470008039,-0.012316545570921253,-0.4721846282482147,-0.9712333679199219,-0.012316545471549034,0.0
298.611064295572,1.388935704427979,1.1978073353983385,299.2878888887344,0.6214597212358901,-0.1825250526312642,0.6218365472861535,-0.18218982807780046,0.0076534294130618016,-0.3117444731698183,-2.8452910197143617,-0.00011463099140562363,0.10220580432750676,0.6058328294754028,-0.17899903208017348,0.19064026094302536,0.39,56.699999999999996,True,False,True,False,0.0,56.70000000000072,0.0,-0.3610389964951466,0.24047113426595823,-0.985125894505403,-0.012096300160441317,-0.011913040261354532,-0.47223901748657227,-0.9714009165763855,-0.011913040652871132,0.0
298.6576042226935,1.3423957773064785,1.1841215110868337,299.2884657112986,0.6190796353654088,-0.18314093571038753,0.6194568953449847,-0.1828178240028084,0.007728410071437441,-0.3122514481715299,-2.844918907568267,-0.00011255105163310923,0.10184646721970725,0.6058311960101127,-0.17900503814220428,0.19065075511932375,0.39,56.775,True,False,True,False,0.0,56.77500000000072,0.0,-0.36360853625646117,0.24044492180840013,-0.9852975194751625,-0.011692678121832042,-0.011509418222745257,-0.4722934663295746,-0.9715725183486938,-0.011509418487548828,0.0
298.7039661883959,1.2960338116041044,1.1703889957704723,299.28904813729696,0.6167129096432687,-0.18374620403079692,0.6170905639963062,-0.18343513249820825,0.0078027356918756435,-0.3127495732795832,-2.844550159795086,-0.00011045250344802736,0.1014843695895724,0.605829558968544,-0.17901117980480194,0.19066125220134855,0.39,56.85,True,False,True,False,0.0,56.850000000000726,0.0,-0.3661682322481437,0.24041861945246912,-0.9854729697168187,-0.01128894420613209,-0.011105684307045303,-0.47234803438186646,-0.9717479944229126,-0.01110568456351757,0.0
298.75015117259943,1.2498488274005695,1.156610588174565,299.28963610488927,0.6143591793365069,-0.18434097822940096,0.6147371976250204,-0.1840418453263687,0.007876415984915562,-0.31323863921394435,-2.84418471666405,-0.00010834043886203307,0.10112229863675977,0.6058279210329056,-0.17901744246482848,0.19067175204381348,0.39,56.925,True,False,True,False,0.0,56.92500000000073,0.0,-0.36871814036177425,0.24039222759806614,-0.985651955011939,-0.010885104491182115,-0.01070184459209533,-0.4724026322364807,-0.9719269275665283,-0.010701844468712807,0.0
298.79616013967035,1.2038398603296514,1.142787078527906,299.29022959131316,0.6120180715825382,-0.18492535856904402,0.6123964329651659,-0.18463803451811728,0.007949463196375815,-0.3137184591354539,-2.8438225030154918,-0.0001062196791488615,0.10076304494015177,0.6058262813091279,-0.1790238219499588,0.19068225442878903,0.39,57.0,True,False,True,False,0.0,57.00000000000073,0.0,-0.3712583144929687,0.24036574693513207,-0.9858341747071996,-0.010481166881424028,-0.010297906982337242,-0.47245728969573975,-0.9721091985702515,-0.010297906585037708,0.0
298.8419940202767,1.1580059797233275,1.128919252813863,299.29082852171405,0.6096892065007635,-0.1854994242852527,0.6100678992561333,-0.18522375146982145,0.008021881595297087,-0.3141888679667406,-2.8434634278852466,-0.00010409508174753773,0.10040935536730099,0.6058246344327927,-0.17903030157089234,0.19069275908991695,0.39,57.074999999999996,True,False,True,False,0.0,57.075000000000735,0.0,-0.3737888076818692,0.24033917667704,-0.9860193186227051,-0.010077141106293246,-0.00989388120720646,-0.4725121855735779,-0.9722943305969238,-0.009893881157040596,0.0
298.88765371138777,1.1123462886122297,1.1150078927703764,299.29143285704686,0.6073721989809328,-0.18606323248186146,0.6077512204410784,-0.18579902711731336,0.008093680728126856,-0.3146497276218785,-2.8431073858814666,-0.00010197193263323663,0.1000638869503568,0.6058229893445969,-0.17903687298297882,0.1907032657366246,0.39,57.15,True,False,True,False,0.0,57.15000000000074,0.0,-0.376309671115217,0.24031251855714292,-0.9862070677794755,-0.009673038891821306,-0.00948977899273452,-0.47256702184677124,-0.9724820852279663,-0.009489779360592365,0.0
298.9331400918286,1.0668599081714092,1.101053784386478,299.29204256151525,0.6050666592323741,-0.18661681840017974,0.605446015419015,-0.18636387241314,0.0081648713927806,-0.31510092879793467,-2.8427542606562763,-9.98552602235866e-05,0.09972916270363197,0.605821338891983,-0.17904352366924287,0.19071377402991058,0.39,57.225,True,False,True,False,0.0,57.22500000000074,0.0,-0.3788209541263274,0.24028577260121908,-0.9863970969725265,-0.009268874071073265,-0.00908561417198648,-0.4726220369338989,-0.9726721048355103,-0.00908561423420906,0.0
298.97845401191137,1.0215459880886328,1.0870577221525315,299.29265757328903,0.6027721942886505,-0.1871601955688052,0.603151899386694,-0.186918278694651,0.008235462068733494,-0.3155423922810591,-2.8424039246080324,-9.774990050249918e-05,0.0994075308701885,0.6058196866512299,-0.1790502431988716,0.19072428353391588,0.39,57.3,True,False,True,False,0.0,57.30000000000074,0.0,-0.3813227050505725,0.24025893858740896,-0.9865890748033939,-0.00886466276964398,-0.008681402870557194,-0.4726771116256714,-0.9728640913963318,-0.008681402541697025,0.0
299.02359628306226,0.9764037169377389,1.0730204665702816,299.2932778663462,0.6004884094958481,-0.18769335606701645,0.6008684852517544,-0.18746221884932635,0.008305469824938802,-0.315974069993561,-2.842056242183805,-9.566064198192858e-05,0.09910112678787751,0.6058180353045464,-0.1790570190548897,0.1907347937401384,0.39,57.375,True,False,True,False,0.0,57.375000000000746,0.0,-0.3838149706551252,0.24023201735308095,-0.9867826647447806,-0.008460423496932767,-0.008277163597845982,-0.47273215651512146,-0.9730576872825623,-0.008277163840830326,0.0
299.06856769338236,0.9314323066176371,1.0589428163859975,299.2939033886141,0.5982149103375445,-0.18821627212781233,0.5985953852483468,-0.18799564842393923,0.008374904264166457,-0.3163959469081995,-2.841711071952268,-9.3592318446928e-05,0.09881183956183351,0.6058163768053054,-0.17906383872032164,0.19074530418850483,0.39,57.449999999999996,True,True,True,True,0.075,57.45000000000075,0.075,-0.38629779556842436,0.24020500763062086,-0.9869775263482363,-0.008056176057555396,-0.00787291615846861,-0.47278743982315063,-0.973252534866333,-0.00787291582673788,0.0
299.1133690102354,0.8866309897646261,1.044825570348214,299.29453409127564,0.5959513034211619,-0.18872889669045545,0.5963322118796434,-0.1885185070119187,0.008443779260272273,-0.3168080420544126,-2.841368266703596,-9.154947358545335e-05,0.0985412828507997,0.6058147209882736,-0.1790706917643547,0.19075581423733384,0.39,57.525,True,True,True,True,0.15,57.52500000000075,0.15,-0.38877122313602996,0.24017790982987625,-0.9871733181104683,-0.007651943196868707,-0.007468683297781921,-0.47284263372421265,-0.9734483361244202,-0.0074686831794679165,0.0
299.1580009465472,0.8419990534528097,1.030669501716763,299.2951699418036,0.5936971984660877,-0.18923116534478987,0.5940785797980455,-0.18903072026415277,0.008512110274763392,-0.3172104086435205,-2.841027678433693,-8.953665359040297e-05,0.09829077028797953,0.6058130607008934,-0.17907756358385085,0.1907663232691586,0.39,57.599999999999994,True,True,True,True,0.22499999999999998,57.600000000000755,0.22499999999999998,-0.39123529556294556,0.24015072375049826,-0.9873696979312784,-0.007247749589659808,-0.0070644896905730226,-0.4728979766368866,-0.9736446738243103,-0.007064489647746086,0.0
299.2024642204341,0.7975357795659193,1.0164754389893185,299.29581089462727,0.5914522093985315,-0.18972299837965434,0.5918341067611742,-0.18953220148513836,0.008579902609426149,-0.3176031349464109,-2.840689157988106,-8.755795416238212e-05,0.09806129711826954,0.6058113950490952,-0.17908444583415983,0.1907768306059763,0.39,57.675,True,True,True,True,0.3,57.67500000000076,0.3,-0.3936900520600955,0.24012344851292103,-0.987566323833364,-0.00684362100844009,-0.006660361109353304,-0.4729534983634949,-0.9738413095474243,-0.006660361308604479,0.0
299.24675949816424,0.7532405018357622,1.0022441639290265,299.2964569139622,0.5892159557571859,-0.19020430248279036,0.589598415035015,-0.19002285392146046,0.008647161637255213,-0.31798634196932385,-2.8403525575857924,-8.561698646590244e-05,0.09785352620789003,0.6058097267150879,-0.17909132599830627,0.19078733552135527,0.39,57.75,True,True,True,True,0.375,57.75000000000076,0.375,-0.3961355321238744,0.2400960848480509,-0.9877628574307307,-0.0064395861367675285,-0.006256326237680743,-0.4730091094970703,-0.9740378856658936,-0.006256326101720333,0.0
299.29088742268135,0.7091125773186491,0.9879765050417747,299.29710795749816,0.586988065157679,-0.19067497271818215,0.587371133862807,-0.19050257313349037,0.008713900414762976,-0.31836018380250497,-2.8400177348429794,-8.371781797180432e-05,0.09766778013928169,0.6058080583810806,-0.17909818947315215,0.1907978372404352,0.39,57.824999999999996,True,True,True,True,0.45,57.82500000000076,0.45,-0.3985717723990331,0.24006863318466415,-0.9879589621291508,-0.006035673849946625,-0.0058524139508598395,-0.47306472063064575,-0.9742339849472046,-0.005852413829416037,0.0
299.3348486213764,0.665151378623591,0.9736732908351486,299.29776398944705,0.5847681741960735,-0.19113489528072847,0.5851519003085985,-0.19097124929964893,0.0087801315877744,-0.31872484935820805,-2.839684554075098,-8.186443201715848e-05,0.0975040399104114,0.6058063864707947,-0.17910502582788468,0.19080833496414126,0.39,57.9,True,True,True,True,0.525,57.900000000000766,0.525,-0.4009988082474743,0.24004109322528377,-0.9881543090410969,-0.005631915354226153,-0.005448655455139367,-0.47312045097351074,-0.9744293093681335,-0.005448655225336552,0.0
299.3786436672047,0.6213563327953011,0.9593353455735742,299.29842497401205,0.5825559291555457,-0.19158395001022285,0.5829403599596155,-0.19142876955320975,0.008845865987728024,-0.31908055993544504,-2.839352886475129,-8.006006128783352e-05,0.09736194920714775,0.6058047127723694,-0.17911182463169098,0.19081882784496992,0.39,57.974999999999994,True,True,True,True,0.6,57.97500000000077,0.6,-0.4034166741757025,0.24001346452605563,-0.9883485772358103,-0.005228342742805869,-0.0050450828437190835,-0.4731762409210205,-0.9746235609054565,-0.00504508288577199,0.0
299.42227314089996,0.5777268591000393,0.9449635105170602,299.2990908656302,0.5803509875310157,-0.19202201291244672,0.5807361684904212,-0.1918750204999194,0.008911115762387985,-0.31942756592934307,-2.8390226130802674,-7.830744975083093e-05,0.09724082383648087,0.6058030372858048,-0.17911857545375823,0.19082931504752487,0.39,58.05,True,True,True,True,0.6749999999999999,58.05000000000077,0.6749999999999999,-0.4058254016962584,0.23998574686111113,-0.9885414509743798,-0.004824988638317068,-0.004641728739230282,-0.47323209047317505,-0.9748164415359497,-0.004641728941351175,0.0
299.4657375713546,0.534262428645377,0.9305586439277128,299.2997616317657,0.5781530195609405,-0.19244895918185528,0.5785389931788772,-0.19230989050604813,0.008975883869912686,-0.31976614447869084,-2.8386936262407816,-7.660907144230433e-05,0.09713966693453553,0.6058013546466827,-0.17912526786327362,0.19083979571219534,0.39,58.125,True,True,True,True,0.7499999999999999,58.125000000000774,0.7499999999999999,-0.40822502274949785,0.23995794013960728,-0.9887326251800151,-0.004421886471681832,-0.004238626572595047,-0.4732881784439087,-0.9750076532363892,-0.004238626454025507,0.0
299.50903747449894,0.490962525501061,0.9161215913217301,299.3004372366254,0.5759617100314577,-0.19286466532257676,0.5763485148158475,-0.1927332719612176,0.009040172161048906,-0.3200965981741511,-2.838365829926465,-7.496778649941832e-05,0.097057188938597,0.6057996702194214,-0.17913188725709914,0.19085026893094184,0.39,58.199999999999996,True,True,True,True,0.8249999999999998,58.20000000000078,0.8249999999999998,-0.41061556642450425,0.23993004498263934,-0.9889218041283293,-0.004019070180007293,-0.0038358102809205076,-0.4733443260192871,-0.9751967787742615,-0.003835810348391533,0.0
299.55217333775295,0.4478266622470528,0.9016532279621826,299.30111764440335,0.5737767578215438,-0.19326901127151552,0.5741644274020753,-0.19314506375604332,0.009103994478250273,-0.3204192551488253,-2.838039142645338,-7.338591761710126e-05,0.09699183210252128,0.6057979875802993,-0.1791384294629097,0.1908607338502072,0.39,58.275,True,True,True,True,0.8999999999999998,58.27500000000078,0.8999999999999998,-0.41299706109744166,0.2399020622419126,-0.9891087067018982,-0.0036165732507855777,-0.003433313351698792,-0.47340041399002075,-0.9753836989402771,-0.0034333134535700083,0.0
299.59514563557485,0.4048543644251481,0.8871544206153416,299.301802822572,0.5715978769780539,-0.19366188375972182,0.571986439211067,-0.19354517334031557,0.009167357313290743,-0.3207344631838513,-2.8377134981707144,-7.18650646490163e-05,0.0969418001157396,0.60579629778862,-0.17914488196372985,0.1908711895861663,0.39,58.349999999999994,True,True,True,True,0.9749999999999998,58.35000000000078,0.9749999999999998,-0.4153695335764121,0.23987399133050952,-0.98929306323319,-0.0032144295719030123,-0.0030311696728162266,-0.4734567403793335,-0.9755680561065674,-0.0030311697628349066,0.0
299.63795481391065,0.36204518608934677,0.8726260487979169,299.30249273858226,0.5694247981236513,-0.19404317808467272,0.5698142743368454,-0.19393351838906314,0.009230265198458898,-0.32104258733788693,-2.8373888439534993,-7.040687169948247e-05,0.09690509121809963,0.6057946079969406,-0.17915123641490935,0.19088163527920843,0.39,58.425,True,True,True,True,1.0499999999999998,58.425000000000786,1.0499999999999998,-0.41773300995661683,0.23984583244524596,-0.9894746170639687,-0.002812672139411356,-0.0026294122403245704,-0.47351306676864624,-0.9757496118545532,-0.0026294123381376266,0.0
299.6806012979709,0.3193987020291047,0.8580690090253192,299.30318735664287,0.567257268570318,-0.1944128003374771,0.5676476729399833,-0.1943100287499853,0.009292722844119817,-0.3213440076573587,-2.83706514360793,-6.9012695071837e-05,0.09687953371940965,0.6057929137349128,-0.17915748447179794,0.19089207008788364,0.39,58.5,True,True,True,True,1.1249999999999998,58.50000000000079,1.1249999999999998,-0.42008751476508593,0.23981758601871717,-0.9896531266321362,-0.0024113334114806532,-0.0022280735123938675,-0.4735695421695709,-0.9759281277656555,-0.0022280735429376364,0.0
299.7230854922259,0.27691450777410864,0.8434841680714655,299.30388664095835,0.5650950528212224,-0.19477066934794146,0.5654863918537814,-0.19467464773297158,0.009354730207417493,-0.3216391158662881,-2.8367423759203354,-6.768360387691106e-05,0.0968628246481396,0.6057912158966064,-0.17916361778974532,0.19090249318284916,0.39,58.574999999999996,True,True,True,True,1.1999999999999997,58.57500000000079,1.1999999999999997,-0.42243307138839925,0.23978925255941966,-0.9898283653488609,-0.002010445191885271,-0.0018271852927984854,-0.47362613677978516,-0.9761033654212952,-0.0018271852750331163,0.0
299.765407795967,0.2345922040329924,0.828872443700139,299.3045905557324,0.5629379325863171,-0.19511671790486212,0.5633302048023175,-0.19502733348160597,0.009416293905751601,-0.3219283122435385,-2.8364205352631835,-6.64203380414919e-05,0.09685256964786636,0.6057895189523697,-0.17916963011026382,0.1909129037892446,0.39,58.65,True,True,True,True,1.2749999999999997,58.650000000000794,1.2749999999999997,-0.42476970207242404,0.2397608331463593,-0.9900001221014003,-0.0016100372669924923,-0.0014267773679057065,-0.473682701587677,-0.9762751460075378,-0.0014267773367464542,0.0
299.8075685799675,0.19243142003250568,0.8142347111871556,299.3052990781889,0.560785707240665,-0.19545089465792653,0.5611789029469731,-0.19536805995152345,0.009477417074401535,-0.3222120021499399,-2.836099631983566,-6.52234527874273e-05,0.09684632447521757,0.605787816643715,-0.17917551308870316,0.1909233011352364,0.39,58.724999999999994,True,True,True,True,1.3499999999999996,58.7250000000008,1.3499999999999996,-0.4270974287781854,0.23973232805933856,-0.9901682020405855,-0.0012101393020172643,-0.0010268794029304786,-0.4737394452095032,-0.9764432311058044,-0.001026879413984716,0.0
299.84956819685897,0.1504318031410321,0.7995718798031798,299.3060121627659,0.5586381938941364,-0.19577316507193343,0.5590322950952913,-0.19569681737103534,0.009538097835870769,-0.32249059357041815,-2.8357796897488123,-6.409339030380185e-05,0.09684163699545757,0.6057861116528511,-0.17918126046657562,0.19093368452163414,0.39,58.8,True,True,True,True,1.4249999999999996,58.8000000000008,1.4249999999999996,-0.4294162718982122,0.23970373760540453,-0.990332426044452,-0.0008107783138862346,-0.0006275184147994488,-0.4737962782382965,-0.9766074419021606,-0.0006275183986872435,0.0
299.89140700704763,0.10859299295236724,0.784884837572485,299.3067297866851,0.556495226697163,-0.1960835119938149,0.5568902071960338,-0.1960136127951225,0.009598337047723938,-0.32276449398303214,-2.835460745848855,-6.30301354613026e-05,0.09683608811744754,0.605784404873848,-0.1791868680715561,0.19094405326475972,0.39,58.875,True,True,True,True,1.4999999999999996,58.8750000000008,1.4999999999999996,-0.43172625082724325,0.2396750633767182,-0.9904926315019872,-0.0004119804878861509,-0.00022872058879936513,-0.4738531708717346,-0.9767676591873169,-0.00022872058616485447,0.0
299.93308532946713,0.06691467053286715,0.7701744937694178,299.3074519109041,0.5543566572034032,-0.1963819361288074,0.5547524828472817,-0.19631847020652723,0.009658138492915688,-0.32303410673196303,-2.835142850863713,-6.203370347392882e-05,0.09682733216460411,0.6057826972007752,-0.17919232755899428,0.19095440674411948,0.39,58.949999999999996,True,True,True,True,1.5749999999999995,58.950000000000806,1.5749999999999995,-0.4340273853876198,0.23964630595372066,-0.9906486723557054,-1.3769739930630936e-05,0.00016949015915615484,-0.4739100933074951,-0.9769236445426941,0.00016949015844147652,0.0
299.9746034856413,0.025396514358703826,0.7554417364224993,299.30817850287303,0.55222235333485,-0.19666845642287473,0.5526189823689407,-0.1966114302480728,0.009717503019182724,-0.3232998294740311,-2.834826066765143,-6.110364948154888e-05,0.09681313585198635,0.6057809859514236,-0.17919763892889023,0.19096474437024447,0.39,59.025,True,True,True,True,1.6499999999999995,59.02500000000081,1.6499999999999995,-0.4363196931206923,0.23961746605372736,-0.9908004177310433,0.00038383126864529465,0.0005670911677320804,-0.47396713495254517,-0.9770753979682922,0.0005670911632478237,0.0
300.01596179450166,-0.015961794501663462,0.7406874535605347,299.30890953005655,0.550092199011248,-0.1969431097176989,0.5504895825867668,-0.19689254975835388,0.009776432768833773,-0.32356204911205744,-2.834510465110216,-6.023914100026014e-05,0.09679141455110757,0.6057792747020722,-0.17920279592275618,0.1909750656149583,0.39,59.099999999999994,True,True,True,True,1.7249999999999994,59.10000000000081,1.7249999999999994,-0.4386031917102713,0.23958854455150708,-0.9909477523440844,0.0007808022317249905,0.0009640621308117762,-0.4740241765975952,-0.977222740650177,0.0009640621137805283,0.0
300.0571605594267,-0.05716055942667708,0.7259125332140278,299.3096449631662,0.5479660943315494,-0.1972059504470464,0.5483641771194239,-0.1971619010319901,0.009834928268849087,-0.3238211407151641,-2.834196126592692,-5.943968180924611e-05,0.09676026572145778,0.605777559876442,-0.17920779436826706,0.19098536999737845,0.39,59.175,True,True,True,True,1.7999999999999994,59.175000000000814,1.7999999999999994,-0.4408778986975915,0.23955954216604336,-0.9910905759908399,0.0011771246327565259,0.0013603845318433117,-0.4740813374519348,-0.9773655533790588,0.001360384514555335,0.0
300.09820007601684,-0.09820007601683756,0.711117846417899,299.3103847631487,0.5458439543102032,-0.19745704992948523,0.5462426752034865,-0.19741957066899762,0.009892984592875461,-0.3240774665025026,-2.8338831379182343,-5.870457314019617e-05,0.09671799910422199,0.6057758414745331,-0.17921263217926026,0.19099565708315933,0.39,59.25,True,True,True,True,1.8749999999999993,59.25000000000082,1.8749999999999993,-0.44314383076846725,0.23953045971275233,-0.9912288044636351,0.0015727817143539428,0.0017560416134407286,-0.47413861751556396,-0.977503776550293,0.0017560416599735618,0.0
300.13908062950486,-0.13908062950486055,0.6963042727064181,299.3111289039757,0.5437257078667536,-0.19769649498668057,0.5441250008310493,-0.19766565845577444,0.009950600814851156,-0.32433137316535704,-2.8335715906461494,-5.803279358255713e-05,0.09666316240235841,0.6057741230726242,-0.1792173072695732,0.19100592648638412,0.39,59.324999999999996,True,True,True,True,1.9499999999999993,59.32500000000082,1.9499999999999993,-0.44540100418092604,0.23950129895439382,-0.9913623676374096,0.0019677588325010507,0.0021510187315878365,-0.4741958975791931,-0.9776373505592346,0.0021510187070816755,0.0
300.1798025103066,-0.1798025103066152,0.6814726831150721,299.31187734659625,0.5416112972486112,-0.19792438660602166,0.542011092270212,-0.197900276015135,0.010007783032999361,-0.3245831899267402,-2.833261580865403,-5.7423254631938875e-05,0.09659456298918194,0.605772405564785,-0.17922181755304337,0.19101617786502467,0.39,59.4,True,True,True,True,2.0249999999999995,59.40000000000082,2.0249999999999995,-0.44764943462276735,0.23947206078294644,-0.9914912080766861,0.0023620426810076027,0.0025453025800943885,-0.4742531478404999,-0.977766215801239,0.00254530250094831,0.0
300.2203659958741,-0.22036599587409,0.6666239189370053,299.3126300682343,0.5395006777594695,-0.19814083873357063,0.5399009018119932,-0.19812354506500826,0.010064536000220399,-0.324833227955446,-2.8329532066612626,-5.6875151731019696e-05,0.09651128557537843,0.6057706862688065,-0.17922615885734558,0.19102641091942787,0.39,59.474999999999994,True,True,True,True,2.0999999999999996,59.475000000000826,2.0999999999999996,-0.4498891380668638,0.23944274563815265,-0.9916152818247389,0.002755621582725361,0.0029388814818121466,-0.4743104577064514,-0.9778902530670166,0.002938881516456604,0.0
300.2607713662535,-0.2607713662534934,0.6517588384615125,299.31338702006997,0.5373938158767653,-0.19834597696158068,0.5377943938687042,-0.19833559545914434,0.010120851403000682,-0.3250817801832857,-2.8326465644834773,-5.638706928011577e-05,0.09641270482239767,0.6057689598202706,-0.17923033535480498,0.19103662538928912,0.39,59.55,True,True,True,True,2.175,59.55000000000083,2.175,-0.452120129773075,0.239413353632945,-0.9917345578360066,0.0031484858999319305,0.0033317457990187163,-0.47436800599098206,-0.9780095815658569,0.0033317457418888807,0.0
300.30101889111984,-0.30101889111983837,0.6368782787334795,299.31414818584653,0.5352906890800245,-0.19853993561781916,0.5356915449588031,-0.19853656341205667,0.010176731055330486,-0.3253291178537337,-2.832341748155365,-5.5957715999815596e-05,0.09629849183060667,0.6057672387361527,-0.1792343407869339,0.19104682105062532,0.39,59.625,True,True,True,True,2.25,59.62500000000083,2.25,-0.45434242514394213,0.2393838872295409,-0.9918490151592676,0.0035406267346202586,0.0037238866337070443,-0.47442537546157837,-0.9781240224838257,0.003723886562511325,0.0
300.3411088556979,-0.3411088556978825,0.6219830470523345,299.31491352650255,0.5331912852021536,-0.19872285636190476,0.5335923430153573,-0.19872658966451145,0.010232177464171545,-0.325575493495788,-2.832038850264997,-5.558618294400601e-05,0.09616861628616422,0.6057655122876168,-0.17923817723989485,0.19105699770972134,0.39,59.699999999999996,True,True,True,True,2.325,59.700000000000834,2.325,-0.4565560390115911,0.23935434669796432,-0.9919586435236153,0.0039320365934449285,0.004115296492531714,-0.474482923746109,-0.9782336354255676,0.0041152965277433395,0.0
300.381041524478,-0.38104152447800743,0.6070739762144219,299.31568300624394,0.5310956007213924,-0.19889488574289743,0.5314967856776119,-0.19890581717580907,0.010287195073563751,-0.3258211399599447,-2.831737956907944,-5.527111250570791e-05,0.09602334416430412,0.6057637894153595,-0.1792418447136879,0.19106715520918371,0.39,59.775,True,True,True,True,2.4000000000000004,59.77500000000084,2.4000000000000004,-0.45876098706338353,0.2393247329092229,-0.9920634446314252,0.004322709459882114,0.0045059693589689,-0.4745403528213501,-0.9783384203910828,0.00450596958398819,0.0
300.42081717490754,-0.42081717490754045,0.5921518650218026,299.3164565957891,0.5290036400950202,-0.19905617344478854,0.5294048795766894,-0.19907438932143173,0.010341786707096928,-0.3260662696240605,-2.831439148337078,-5.501086967261144e-05,0.0958632296028144,0.6057620620727538,-0.17924534529447556,0.1910772933734581,0.39,59.849999999999994,True,True,True,True,2.4750000000000005,59.85000000000084,2.4750000000000005,-0.4609572838462904,0.23929504640385402,-0.9921634267926942,0.004712639168929195,0.00489589906801598,-0.4745979309082031,-0.9784384369850159,0.004895898979157209,0.0
300.46043607665786,-0.4604360766578566,0.5772175165264963,299.31723426585086,0.526915415664282,-0.1992068699650422,0.5273166401792493,-0.19923244758652295,0.010395950582696703,-0.32631107418672767,-2.831142496206812,-5.4804065925128555e-05,0.09568910253779644,0.6057603338360786,-0.17924867689609528,0.19108741209357977,0.39,59.925,True,True,True,True,2.5500000000000007,59.92500000000084,2.5500000000000007,-0.46314494461991473,0.23926528772147604,-0.9922586064542802,0.005101820718933789,0.005285080618020575,-0.47465553879737854,-0.9785336256027222,0.005285080522298813,0.0
300.4998985071727,-0.499898507172702,0.5622716955376973,299.31801597737467,0.5248309470813816,-0.1993471241296173,0.5252320912058911,-0.1993801297519212,0.010449689633198122,-0.3265557278885801,-2.8308480634954005,-5.464984932211468e-05,0.09550205116415261,0.6057586055994034,-0.17925183951854706,0.19109751123636962,0.39,60.0,True,True,True,True,2.625000000000001,60.000000000000846,2.625000000000001,-0.4653239842161821,0.2392354579545507,-0.9923490080123144,0.00549024908334181,0.005673508982428596,-0.47471314668655396,-0.9786239862442017,0.00567350909113884,0.0
300.53920474649016,-0.5392047464901566,0.5473151881098589,299.31880171084003,0.5227502595289241,-0.19947708112954488,0.5231512627552602,-0.19951756800010598,0.010503008050653417,-0.32680038918101256,-2.830555903457253,-5.454691808795661e-05,0.09530340076754457,0.6057568764686584,-0.17925483733415604,0.1911075906807557,0.39,60.074999999999996,True,True,True,True,2.700000000000001,60.07500000000085,2.700000000000001,-0.46749441789449864,0.2392055579227761,-0.9924346646745245,0.005877920024519298,0.006061179923606084,-0.47477078437805176,-0.9787096381187439,0.006061180029064417,0.0
300.57835507205306,-0.578355072053057,0.5323487505539594,299.3195914239436,0.5206733830589201,-0.1995968804618541,0.5210741905600762,-0.19964488719077664,0.010555912637921357,-0.3270451991309052,-2.830266058711917,-5.4493453177082064e-05,0.09509468865029962,0.6057551482319832,-0.17925767242908477,0.19111765029355884,0.39,60.15,True,True,True,True,2.7750000000000012,60.15000000000085,2.7750000000000012,-0.4696562610569586,0.23917558770872058,-0.9925156144220587,0.0062648284102080135,0.006448088309294799,-0.4748283922672272,-0.9787906408309937,0.006448088213801384,0.0
300.61734976908093,-0.6173497690809313,0.5173731434292352,299.3203850873929,0.5186003537558829,-0.19970665425649894,0.5190009170178641,-0.19976220321396448,0.010608407454507479,-0.32729028290685486,-2.8299785612626343,-5.4488459984283143e-05,0.09487763586167378,0.605753417313099,-0.17926034063100815,0.19112768995370716,0.39,60.224999999999994,True,True,True,True,2.8500000000000014,60.225000000000854,2.8500000000000014,-0.4718095289629181,0.23914554776514083,-0.9925918989281923,0.006650969282336425,0.0068342291814232105,-0.47488608956336975,-0.9788668751716614,0.006834228988736868,0.0
300.6561891253842,-0.6561891253841736,0.5023891145473154,299.3211826784159,0.5165312118925118,-0.19980652536262855,0.5169314892391452,-0.19986962142210843,0.01066049446710204,-0.3275357546914054,-2.8296934306949564,-5.45307429454508e-05,0.09465411621980896,0.6057516855001449,-0.17926285028457642,0.19113770951591433,0.39,60.3,True,True,True,True,2.9250000000000016,60.30000000000086,2.9250000000000016,-0.47395423729945124,0.23911543848367273,-0.9926635679753028,0.0070363368399190135,0.007219596739005799,-0.4749438166618347,-0.9789385795593262,0.007219596765935421,0.0
300.6948734287715,-0.6948734287714728,0.48739739472339505,299.3219841547061,0.5144660015382485,-0.19989660552569147,0.5148659585906917,-0.19996723563185598,0.010712183574092751,-0.32778171610469925,-2.829410675308758,-5.461880591526974e-05,0.09442612241238885,0.6057499563694,-0.179265199303627,0.19114770879857243,0.39,60.375,True,True,True,True,3.0000000000000018,60.37500000000086,3.0000000000000018,-0.47609040189612956,0.23908526031147134,-0.9927306752745323,0.00742092467257997,0.0076041845716667555,-0.4750014543533325,-0.9790056943893433,0.007604184560477734,0.0
300.7334029748287,-0.7334029748287207,0.4723987232700364,299.32278949999136,0.512404771256784,-0.1999769945774473,0.5128043811951457,-0.20005512701356348,0.01076347983603055,-0.3280282595007052,-2.8291302928482414,-5.475163138741461e-05,0.09419573130795747,0.6057482227683068,-0.1792673897743225,0.19115768762007357,0.39,60.449999999999996,True,True,True,True,3.075000000000002,60.45000000000086,3.075000000000002,-0.478218038582431,0.23905501332992543,-0.9927932777325101,0.007804725684484273,0.007987985583571059,-0.47505924105644226,-0.9790682792663574,0.007987985387444496,0.0
300.7717780643242,-0.7717780643242236,0.4573938225028022,299.32359867522837,0.5103475729426654,-0.20004777907685137,0.510746816650355,-0.2001333631745747,0.010814385665747734,-0.3282754700346095,-2.828852268404196,-5.492786008029725e-05,0.09396506803934,0.6057464891672134,-0.17926942586898803,0.19116764576248826,0.39,60.525,True,True,True,True,3.150000000000002,60.525000000000865,3.150000000000002,-0.48033716361557965,0.23902469741993557,-0.9928514381351384,0.008187731375993821,0.008370991275080607,-0.475117027759552,-0.9791264533996582,0.008370990864932537,0.0
300.80999899543474,-0.8099989954347393,0.4423834189866465,299.32441165112414,0.5082944621542222,-0.20010903136237523,0.5086933282644087,-0.20020199785329845,0.01086490702031998,-0.3285234261792137,-2.828576576917645,-5.5146187002471746e-05,0.09373626896651609,0.6057447546720505,-0.17927130758762358,0.191177583007887,0.39,60.599999999999994,True,True,True,True,3.2250000000000023,60.60000000000087,3.2250000000000023,-0.4824477935378323,0.23899431346325925,-0.9929052222006584,0.008569932345115081,0.008753192244201867,-0.47517484426498413,-0.9791802167892456,0.008753192611038685,0.0
300.84806608188745,-0.8480660818874526,0.4273682180392827,299.3252284048999,0.5062454980132797,-0.20016080883069276,0.5066439828328487,-0.20026107058113451,0.010915054668446878,-0.32877220254956374,-2.8283031839601187,-5.5405381357708435e-05,0.09351144556908023,0.6057430219650268,-0.17927303910255432,0.19118749901726842,0.39,60.675,True,True,True,True,3.3000000000000025,60.67500000000087,3.3000000000000025,-0.48454994474891067,0.23896386162383748,-0.9929546992771379,0.00895131766157136,0.009134577560658146,-0.4752326011657715,-0.9792296886444092,0.009134577587246895,0.0
300.8859796374121,-0.8859796374121061,0.41234894622396556,299.326048904019,0.5042007430848328,-0.2002031539284785,0.5045988503592722,-0.2003106067023636,0.010964838572035085,-0.32902187096985547,-2.8280320464739432,-5.5704026712573757e-05,0.09329264916984469,0.6057412874698639,-0.17927462249994278,0.19119739352427423,0.39,60.75,True,True,True,True,3.3750000000000027,60.750000000000874,3.3750000000000027,-0.4866436345038099,0.23893334129278887,-0.992999943279805,0.009331875432087208,0.009515135331173994,-0.4752904176712036,-0.9792749285697937,0.009515135549008846,0.0
300.92373997832993,-0.9237399783299338,0.3973263258545585,299.32687312569715,0.5021602635083824,-0.20023609417081312,0.5025580040434462,-0.20035061749368743,0.011014264160728805,-0.3292725016379722,-2.8277631127015406,-5.6040538580597064e-05,0.09308183707541764,0.6057395511865615,-0.1792760619521141,0.19120726614147426,0.39,60.824999999999996,True,True,True,True,3.450000000000003,60.82500000000088,3.450000000000003,-0.48872888005766585,0.2389027522507861,-0.9930410311959238,0.009711591737248712,0.009894851636335498,-0.4753482937812805,-0.9793160557746887,0.009894851595163345,0.0
300.9613474287353,-0.9613474287352801,0.38230104950031707,299.32770104065685,0.5001241296624107,-0.20025964225485787,0.5005215208484338,-0.20038110070347562,0.0110633355759143,-0.329524164304902,-2.8274963239410056,-5.6413587070621286e-05,0.09288084017917503,0.60573781311512,-0.17927735745906828,0.1912171164814383,0.39,60.9,True,True,True,True,3.525000000000003,60.90000000000088,3.525000000000003,-0.49080569880814634,0.2388720945297981,-0.99307804339369,0.010090451270717348,0.010273711169804134,-0.4754062294960022,-0.9793530702590942,0.010273710824549198,0.0
300.9988023153197,-0.9988023153197219,0.3672738522212966,299.32853261960145,0.4980924161644934,-0.20027379648268082,0.49848948140075905,-0.20040204126026168,0.011112056654830262,-0.32977693141233455,-2.8272316160078783,-5.682197467850937e-05,0.09269133325075782,0.6057360732555389,-0.17927851319313048,0.19122694415673613,0.39,60.974999999999994,True,True,True,True,3.600000000000003,60.97500000000088,3.600000000000003,-0.4928741085804404,0.23884136851118484,-0.9931110654169923,0.010468437987977863,0.010651697887064649,-0.47546422481536865,-0.9793860912322998,0.010651698336005211,0.0
301.0361049855091,-1.0361049855090982,0.3522454478297453,299.3293678430091,0.4960652018036947,-0.20027854134133166,0.4964619698560525,-0.20041341230072982,0.011160435857839495,-0.330030878793144,-2.826968920626606,-5.726433011748476e-05,0.09251480815358791,0.6057343342900277,-0.17927953124046325,0.19123674863465132,0.39,61.05,True,True,True,True,3.6750000000000034,61.050000000000885,3.6750000000000034,-0.4949341273425847,0.23881057461337696,-0.9931401874564351,0.010845533342735667,0.011028793241822453,-0.4755221903324127,-0.9794151782989502,0.011028793640434742,0.0
301.07325577117587,-1.073255771175866,0.33721654164139403,299.33020668159406,0.49404256953514253,-0.2002738488564201,0.49443907377036383,-0.20041517633629405,0.011208479067623997,-0.3302860860677789,-2.826708167288098,-5.7738832573836996e-05,0.09235255070386465,0.6057325917482376,-0.1792804178595543,0.19124652943089604,0.39,61.125,True,True,True,True,3.7500000000000036,61.12500000000089,3.7500000000000036,-0.4969857742030004,0.23877971240678642,-0.99316550466693,0.011221717938389534,0.01140497783747632,-0.47558027505874634,-0.9794405102729797,0.0114049781113863,0.0
301.1102550301175,-1.1102550301175143,0.32218787296200807,299.3310491125817,0.4920246074481711,-0.20025967954848867,0.4924208850213056,-0.20040728652701123,0.01125619339018583,-0.3305426356512615,-2.826449283928983,-5.8243740709490716e-05,0.09220562115394361,0.6057308501005173,-0.17928117305040359,0.19125628601275385,0.39,61.199999999999996,True,True,True,True,3.8250000000000037,61.20000000000089,3.8250000000000037,-0.4990290674146726,0.23874878206406322,-0.9931871146149628,0.011596971344607162,0.011780231243693947,-0.47563832998275757,-0.9794620871543884,0.01178023125976324,0.0
301.14710310716816,-1.1471031071681637,0.3071601556041188,299.3318951066767,0.4900114085816538,-0.20023598391831945,0.4904074995716819,-0.20038968827795142,0.011303587444627372,-0.3308006148334324,-2.8261921995546433,-5.877714022189901e-05,0.09207483858484566,0.6057291066646576,-0.17928180515766143,0.19126601779907942,0.39,61.275,True,True,True,True,3.900000000000004,61.275000000000894,3.900000000000004,-0.5010640266564633,0.23871778341572686,-0.9932051215860535,0.011971271130798667,0.012154531029885453,-0.4756964445114136,-0.9794801473617554,0.012154530733823776,0.0
301.1838003782704,-1.183800378270405,0.2921341288715091,299.3327446411049,0.48800307193167913,-0.20020270436206608,0.4883990183869959,-0.20036232075932386,0.011350662311530493,-0.33106011449810563,-2.8259368446991764,-5.933726893949078e-05,0.0919607698253318,0.6057273587584495,-0.17928231209516524,0.1912757242087275,0.39,61.349999999999994,True,True,True,True,3.975000000000004,61.3500000000009,3.975000000000004,-0.503090670894249,0.23868671630634336,-0.9932196337563466,0.012344594501728975,0.01252785440081576,-0.4757547080516815,-0.9794946312904358,0.012527854181826115,0.0
301.22034720899626,-1.2203472089962588,0.2771105150726612,299.33359769634035,0.4859997022564967,-0.20015977629380452,0.4863955472893846,-0.20032511865575184,0.011397423852552387,-0.3313212317384388,-2.825683152594757,-5.992241219193285e-05,0.09186372233707864,0.6057256126403808,-0.17928270220756531,0.19128540461212398,0.39,61.425,True,True,True,True,4.050000000000004,61.4250000000009,4.050000000000004,-0.5051090208048723,0.23865558128946907,-0.9932307672744304,0.012716917214418881,0.012900177113505667,-0.4758129119873047,-0.9795057773590088,0.012900177389383316,0.0
301.2567439830664,-1.2567439830663716,0.26209006625783343,299.33445424960337,0.48400140999638425,-0.2001071303208726,0.48439719685310706,-0.20027801416830326,0.011443879610630578,-0.33158406793479506,-2.8254310622398693,-6.053044740000813e-05,0.09178374155278315,0.6057238638401031,-0.17928297758102416,0.19129505833126606,0.39,61.5,True,True,True,True,4.125000000000004,61.5000000000009,4.125000000000004,-0.5071190964947943,0.23862437824748325,-0.9932386435756748,0.013088214752563925,0.013271474651650711,-0.475871205329895,-0.9795136451721191,0.013271474279463291,0.0
301.2929910841995,-1.2929910841995138,0.24707352172995875,299.3353142781275,0.48200831181773096,-0.20004469436792843,0.48240408291130893,-0.20022093865647542,0.011490030354781798,-0.33184872812896515,-2.8251805181799803,-6.115910226856616e-05,0.09172061328076375,0.6057221114635467,-0.17928314447402954,0.19130468476079404,0.39,61.574999999999996,True,True,True,True,4.200000000000005,61.575000000000905,4.200000000000005,-0.5091209190686504,0.2385931069586233,-0.9932433899598346,0.013458461375641426,0.013641721274728211,-0.4759296178817749,-0.9795184135437012,0.013641721569001675,0.0
301.3290889142614,-1.3290889142613764,0.23206163353731307,299.3361777526088,0.4800205310059091,-0.1999723952835267,0.48041632702833953,-0.20015382461352657,0.011535879459099781,-0.3321153198765062,-2.824931471843526,-6.180620554874554e-05,0.09167386970010233,0.6057203590869904,-0.17928320497274397,0.19131428317427637,0.39,61.65,True,True,True,True,4.275000000000005,61.65000000000091,4.275000000000005,-0.5111145096309733,0.23856176801360124,-0.9932451396532413,0.013827631393543876,0.014010891292630662,-0.4759880304336548,-0.9795201420783997,0.014010891318321228,0.0
301.3650378777101,-1.3650378777101082,0.21705515797699698,299.3370446535305,0.47803819746088305,-0.19989016109710328,0.478434056507531,-0.20007660754076098,0.011581427743495833,-0.33238395383042396,-2.824683883590737,-6.246959394442661e-05,0.09164279989967938,0.6057186022400856,-0.1792831653356552,0.19132385291792453,0.39,61.724999999999994,True,True,True,True,4.350000000000005,61.72500000000091,4.350000000000005,-0.5130998902843757,0.23853036188664345,-0.9932440337013824,0.014195698689919843,0.014378958589006629,-0.4760465919971466,-0.9795190095901489,0.014378958381712437,0.0
301.4008383971482,-1.4008383971482203,0.20205484709502067,299.3379149613661,0.4760614471428629,-0.19979792269664046,0.4764574039213902,-0.19998922770875774,0.011626678431489991,-0.3326547416180334,-2.8244377224816914,-6.314662974471931e-05,0.0916264644328502,0.6057168462872505,-0.1792830318212509,0.19133339331373572,0.39,61.8,True,True,True,True,4.425000000000005,61.800000000000914,4.425000000000005,-0.515077083274056,0.238498889064866,-0.9932402199228278,0.014562637160285405,0.01474589705937219,-0.47610512375831604,-0.9795151948928833,0.014745896682143211,0.0
301.4364908848132,-1.4364908848132245,0.18706148268228523,299.33878865009,0.4740904222752492,-0.19969561608418515,0.4744865073585805,-0.19989163201668553,0.011671632894622811,-0.332927793309347,-2.8241929684322757,-6.383439812134232e-05,0.09162371339131581,0.6057150858640671,-0.1792828106880188,0.1913429037079215,0.39,61.875,True,True,True,True,4.500000000000005,61.87500000000092,4.500000000000005,-0.5170461118431521,0.23846734974723835,-0.9932338522455044,0.014928421092288532,0.015111680991375318,-0.4761638045310974,-0.9795088768005371,0.015111681073904037,0.0
301.4719957918215,-1.4719957918214845,0.1720758167816852,299.3396657034241,0.4721252721016407,-0.1995831840396294,0.4725215112638148,-0.19978377545126333,0.01171629085319314,-0.3332032161141329,-2.8239496116288607,-6.453041955084577e-05,0.09163320817810619,0.6057133245468139,-0.17928250402212143,0.19135238339826466,0.39,61.949999999999996,True,True,True,True,4.5750000000000055,61.95000000000092,4.5750000000000055,-0.5190069986647273,0.23843574454994498,-0.9932250897362193,0.015293024541361385,0.01547628444044817,-0.47622251510620117,-0.9795001149177551,0.015476284548640251,0.0
301.50735355892255,-1.5073535589225457,0.15709861843368153,299.3405460920867,0.47016615245178395,-0.19946057787691124,0.47056256610017627,-0.19966562265122054,0.011760651115016894,-0.33348111569473043,-2.823707653425099,-6.523249583979705e-05,0.09165344591564038,0.6057115596532822,-0.1792821180820465,0.1913618317551911,0.39,62.025,True,True,True,True,4.650000000000006,62.02500000000092,4.650000000000006,-0.5209597685501817,0.23840407399489416,-0.993214101490924,0.015656422984420812,0.015839682883507598,-0.4762813448905945,-0.9794890880584717,0.015839682891964912,0.0
301.54256465019716,-1.5425646501971642,0.14213067367261945,299.34142979329135,0.468213224459347,-0.19932775924552432,0.46860982713087257,-0.19953714915625093,0.011804705353076357,-0.33376159389301285,-2.823467105516187,-6.593774486651607e-05,0.09168278652601221,0.6057097893953324,-0.1792816612124443,0.1913712481491268,0.39,62.099999999999994,True,True,True,True,4.725000000000006,62.100000000000925,4.725000000000006,-0.52290444574074,0.23837233910359704,-0.9932010631842035,0.016018592326849084,0.01620185222593587,-0.4763403534889221,-0.9794760346412659,0.01620185188949108,0.0
301.57762952972445,-1.5776295297244474,0.12717275153641086,299.34231679403456,0.4662666543963373,-0.19918470083506462,0.46666345445998436,-0.19939834271760712,0.011848455546645006,-0.33404474447772503,-2.8232279909640954,-6.66429702075729e-05,0.09171948120720887,0.6057080227136612,-0.1792811396718025,0.1913806319989264,0.39,62.175,True,True,True,True,4.800000000000006,62.17500000000093,4.800000000000006,-0.524841055760844,0.2383405415588902,-0.9931861557099241,0.01637950908273695,0.016562768981823735,-0.4763992428779602,-0.979461133480072,0.016562769189476967,0.0
301.61254868750484,-1.612548687504841,0.11222562106013556,299.34320705850996,0.4643266139128487,-0.19903138836854573,0.46472361330159756,-0.19924920432077584,0.011891899643242396,-0.33433065167766446,-2.822990345932518,-6.73451491869788e-05,0.09176170313597205,0.6057062488794327,-0.17928055971860885,0.19138998267501595,0.39,62.25,True,True,True,True,4.875000000000006,62.25000000000093,4.875000000000006,-0.5267696241348446,0.23830868151336582,-0.9931695644715971,0.01673915129509619,0.016922411194182977,-0.4764583706855774,-0.9794445633888245,0.01692241057753563,0.0
301.64732261872393,-1.6473226187239334,0.09729005977652372,299.3441005704526,0.4623932794618082,-0.19886782116033336,0.4627904735445081,-0.19908974867398,0.01193503562641858,-0.3346193892346834,-2.8227542161000283,-6.804143933262026e-05,0.09180757944374626,0.6057044768333435,-0.179279927611351,0.19139929969310762,0.39,62.324999999999996,True,True,True,True,4.950000000000006,62.325000000000934,4.950000000000006,-0.5286901778127663,0.2382767602875121,-0.993151482023989,0.017097498310351185,0.01728075820943797,-0.4765174388885498,-0.9794265031814575,0.017280757427215576,0.0
301.6819518289371,-1.6819518289370876,0.0823668537153891,299.34499730708103,0.4604668316419534,-0.19869401320532615,0.4608642092031007,-0.19892000497873286,0.01197786027294481,-0.3349110197083717,-2.8225196580679284,-6.872912528017604e-05,0.09185522281839018,0.6057026994228363,-0.17927924960851668,0.19140858256891372,0.39,62.4,True,True,True,True,5.025000000000007,62.40000000000094,5.025000000000007,-0.5306027440298163,0.23824477861125146,-0.9931321063702898,0.017454530621620244,0.01763779052070703,-0.47657668590545654,-0.9794071316719055,0.017637791112065315,0.0
